date,dow_open,13_wk,5_yr,10_yr,30_yr,fed_rate,unemployment,gold_price,cpi,inflation,gdp,median_house,housing_starts,earnings_chg,gas_price,cars_sold,recession,recession2
Jan-63,649.3,2.88,3.53,3.82,,3,5.7,35.06,30.4,0,3.6,17200,1244,87,,,N,0
Feb-63,652.1,2.94,3.66,3.88,,3,5.9,35.08,30.4,0,3.6,17700,1456,115,,,N,0
Mar-63,682.9,2.9,3.67,3.93,,3,5.7,35.1,30.5,0.33,3.6,18200,1534,90,,,N,0
Apr-63,662.9,2.9,3.7,3.95,,3,5.7,35.1,30.5,0,3.8,18200,1689,260,,,N,0
May-63,682.5,2.9,3.72,3.94,,3,5.9,35.08,30.5,0,3.8,17500,1641,36,,,N,0
Jun-63,717.7,3.03,3.81,3.98,,3,5.6,35.08,30.6,0.33,3.8,18000,1588,43,,,N,0
Jul-63,727,3,3.82,4.01,,3,5.6,35.09,30.7,0.33,4.8,18400,1614,135,,,N,0
Aug-63,706.9,3.25,3.87,3.99,,3.5,5.4,35.1,30.7,0,4.8,17800,1639,116,,,N,0
Sep-63,695.4,3.38,3.94,4.03,,3.5,5.5,35.08,30.7,0,4.8,17900,1763,168,,,N,0
Oct-63,729.3,3.37,3.93,4.07,,3.5,5.5,35.08,30.8,0.33,5.2,17600,1779,205,,,N,0
Nov-63,732.8,3.49,4.01,4.15,,3.5,5.7,35.08,30.8,0,5.2,18400,1622,-28,,,N,0
Dec-63,755.2,3.53,4.01,4.09,,3.5,5.5,35.08,30.9,0.32,5.2,18700,1491,106,,,N,0
Jan-64,750.5,3.53,4.07,4.14,,3.25,5.6,35.08,30.9,0,6.2,17800,1603,126,,,N,0
Feb-64,763,3.5,4.02,4.15,,3.5,5.4,35.08,30.9,0,6.2,18000,1820,266,,,N,0
Mar-64,785.3,3.58,4.1,4.17,,3.5,5.4,35.08,30.9,0,6.2,19000,1517,144,,,N,0
Apr-64,800.1,3.53,4.17,4.23,,3.5,5.3,35.08,30.9,0,6.2,18800,1448,25,,,N,0
May-64,813.3,3.46,4.12,4.22,,3.5,5.1,35.08,30.9,0,6.2,19300,1467,167,,,N,0
Jun-64,810.8,3.47,4.03,4.19,,3.5,5.2,35.08,31,0.32,6.2,18800,1550,130,,,N,0
Jul-64,820.6,3.48,4.01,4.15,,3.5,4.9,35.08,31.1,0.32,5.5,19100,1562,193,,,N,0
Aug-64,831.5,3.47,4.04,4.19,,3.5,5,35.08,31,-0.32,5.5,18900,1569,207,,,N,0
Sep-64,841.1,3.5,4.08,4.21,,3.5,5.1,35.09,31.1,0.32,5.5,18900,1455,284,,,N,0
Oct-64,838.5,3.55,4.05,4.18,,3.5,5.1,35.11,31.1,0,5.2,18900,1524,-110,,,N,0
Nov-64,875.4,3.55,4.04,4.15,,3.5,4.8,35.1,31.2,0.32,5.2,19300,1486,425,,,N,0
Dec-64,873.1,3.85,4.13,4.2,,4,5,35.12,31.2,0,5.2,21000,1484,203,,,N,0
Jan-65,875.4,3.81,4.12,4.2,,4,4.9,35.13,31.2,0,5.5,20700,1361,161,,,N,0
Feb-65,874.1,3.88,4.12,4.2,,4,5.1,35.14,31.2,0,5.5,20400,1433,218,,,N,0
Mar-65,902.9,3.97,4.16,4.22,,4,4.7,35.16,31.3,0.32,5.5,19800,1423,203,,,N,0
Apr-65,903.5,3.93,4.14,4.2,,4.13,4.8,35.14,31.4,0.32,5.7,19900,1438,256,,,N,0
May-65,889.1,3.9,4.16,4.21,,4.13,4.6,35.1,31.4,0,5.7,19600,1478,232,,,N,0
Jun-65,922.3,3.88,4.15,4.23,,4.13,4.6,35.1,31.6,0.64,5.7,19800,1488,199,,,N,0
Jul-65,918,3.82,4.15,4.2,,4.13,4.4,35.12,31.6,0,6.3,21000,1529,275,,,N,0
Aug-65,868,3.82,4.18,4.22,,4.13,4.4,35.15,31.6,0,6.3,20200,1432,263,,,N,0
Sep-65,881.7,3.89,4.23,4.28,,3.75,4.3,35.14,31.6,0,6.3,19600,1482,262,,,N,0
Oct-65,893.1,4,4.34,4.36,,4.13,4.2,35.11,31.7,0.32,8.5,19900,1452,229,,,N,0
Nov-65,930.6,4.07,4.43,4.43,,4.13,4.1,35.11,31.7,0,8.5,20600,1460,277,,,N,0
Dec-65,960.8,4.13,4.52,4.52,,4.13,4,35.13,31.8,0.32,8.5,20300,1656,326,,,N,0
Jan-66,946.7,4.51,4.88,4.63,,4.63,4,35.15,31.8,0,8.5,21200,1370,207,,,N,0
Feb-66,969.3,4.66,4.94,4.69,,4.25,3.8,35.17,32,0.63,8.5,20900,1378,267,,,N,0
Mar-66,983.5,4.65,5.02,5.01,,4.63,3.8,35.15,32.1,0.31,8.5,20800,1394,396,,,N,0
Apr-66,951.9,4.5,4.81,4.7,,4.75,3.8,35.13,32.3,0.62,7.5,23000,1352,245,,,N,0
May-66,924.8,4.65,4.86,4.8,,4.63,3.9,35.12,32.3,0,7.5,22300,1265,275,,,N,0
Jun-66,933.7,4.63,5.02,4.79,,4.25,3.8,35.15,32.4,0.31,7.5,21200,1194,399,,,N,0
Jul-66,884.1,4.64,5.11,4.99,,5.5,3.8,35.18,32.5,0.31,6,21800,1086,190,,,N,0
Aug-66,870.1,4.75,5.26,5.05,,5.63,3.8,35.18,32.7,0.62,6,20700,1119,206,,,N,0
Sep-66,846.6,5.08,5.63,5.3,,5.88,3.7,35.19,32.7,0,6,22200,1046,136,,,N,0
Oct-66,788.4,5.33,5.37,5.08,,5.75,3.7,35.16,32.9,0.61,4.5,20800,843,211,,,N,0
Nov-66,774.2,5.27,5.26,4.99,,6,3.6,35.16,32.9,0,4.5,21700,961,165,,,N,0
Dec-66,807.1,5.16,5.25,5.09,,5.5,3.8,35.18,32.9,0,4.5,21700,990,180,,,N,0
Jan-67,791.6,4.84,4.84,4.69,,5,3.9,35.18,32.9,0,2.9,22200,1067,208,,,N,0
Feb-67,785.7,4.5,4.68,4.52,,4,3.8,35.17,32.9,0,2.9,22400,1123,22,,,N,0
Mar-67,849.9,4.45,4.7,4.66,,3.75,3.8,35.16,33,0.3,2.9,22400,1056,101,,,N,0
Apr-67,839.4,3.97,4.42,4.5,,4.5,3.8,35.17,33.1,0.3,2.6,22300,1091,-64,,,N,0
May-67,866,3.75,4.7,4.77,,4,3.8,35.18,33.2,0.3,2.6,23700,1304,154,,,N,0
Jun-67,897.1,3.4,4.72,4.81,,4,3.9,35.19,33.3,0.3,2.6,23900,1248,130,,,N,0
Jul-67,852.6,4.1,5.36,5.22,,3.5,3.8,35.19,33.4,0.3,2.7,23300,1364,138,,,N,0
Aug-67,860.3,4.16,5.18,5.18,,3.75,3.8,35.19,33.5,0.3,2.7,21700,1407,255,,,N,0
Sep-67,904.2,4.34,5.32,5.25,,4,3.8,35.19,33.6,0.3,2.7,22800,1421,21,,,N,0
Oct-67,901.3,4.4,5.43,5.35,,3.75,4,35.19,33.7,0.3,2.7,22300,1491,61,,,N,0
Nov-67,926.7,4.58,5.76,5.7,,4.13,3.9,35.2,33.8,0.3,2.7,23100,1538,478,,,N,0
Dec-67,879.7,5.01,5.82,5.78,,4.5,3.8,35.19,33.9,0.3,2.7,22200,1308,197,,,N,0
Jan-68,875.8,5.04,5.68,5.63,,4.5,3.7,35.18,34.1,0.59,3.8,23400,1380,-96,,,N,0
Feb-68,905.1,4.84,5.6,5.58,,4.75,3.8,35.2,34.2,0.29,3.8,23500,1520,411,,,N,0
Mar-68,855.5,5.01,5.57,5.56,,4.75,3.7,35.2,34.3,0.29,3.8,24600,1466,80,,,N,0
Apr-68,840.5,5.13,5.64,5.64,,5.5,3.5,37.878,34.4,0.29,5.5,24500,1554,261,,,N,0
May-68,849.2,5.48,5.92,5.73,,6.38,3.5,40.691,34.5,0.29,5.5,25300,1408,96,,,N,0
Jun-68,912.2,5.65,5.91,5.79,,6.13,3.7,41.111,34.7,0.58,5.5,25400,1405,253,,,N,0
Jul-68,899,5.3,5.77,5.62,,6.13,3.7,39.53,34.9,0.58,5.3,24600,1512,221,,,N,0
Aug-68,897.8,4.97,5.47,5.38,,6,3.5,39.17,35,0.29,5.3,25000,1495,204,,,N,0
Sep-68,883,5.18,5.46,5.41,,5.75,3.4,40.203,35.1,0.29,5.3,25000,1556,154,,,N,0
Oct-68,896,5.16,5.48,5.49,,6,3.4,39.21,35.3,0.57,5,25600,1569,237,,,N,0
Nov-68,935.8,5.46,5.56,5.61,,6,3.4,39.795,35.4,0.28,5,24600,1630,263,,,N,0
Dec-68,952.4,5.61,5.85,5.89,,6,3.4,41.113,35.5,0.28,5,26500,1548,264,,,N,0
Jan-69,985.1,6.14,6.29,6.04,,4,3.4,42.291,35.6,0.28,4.5,24600,1769,191,,,N,0
Feb-69,943.8,6.19,6.32,6.22,,6.38,3.4,42.616,35.8,0.56,4.5,26000,1705,260,,,N,0
Mar-69,946.1,6.17,6.45,6.25,,7,3.4,43.171,36.1,0.84,4.5,26200,1561,206,,,N,0
Apr-69,905.2,5.99,6.32,6.25,,6.63,3.4,43.295,36.3,0.55,3.1,25900,1524,167,,,N,0
May-69,935.5,5.92,6.46,6.25,,8.25,3.4,43.461,36.4,0.28,3.1,26900,1583,256,,,N,0
Jun-69,950.2,6.12,6.69,6.56,,9.38,3.5,41.442,36.6,0.55,3.1,25200,1528,308,,,N,0
Jul-69,937.6,6.67,7.02,6.75,,8.75,3.5,41.755,36.8,0.55,3,26800,1368,93,,,N,0
Aug-69,873.2,7,6.98,6.66,,9.5,3.5,41.128,37,0.54,3,24900,1358,279,,,N,0
Sep-69,815.6,7.03,7.17,6.87,,9.75,3.7,40.865,37.1,0.27,3,26000,1507,-94,,,N,0
Oct-69,836.7,7.17,8.04,7.52,,8,3.7,40.476,37.3,0.54,2,24400,1381,207,,,N,0
Nov-69,813.1,6.97,7.29,6.9,,9,3.5,37.452,37.5,0.54,2,24900,1229,-35,,,N,0
Dec-69,856,7.5,7.56,7.29,,9.63,3.5,35.189,37.7,0.53,2,25100,1327,155,,,Y,1
Jan-70,812.3,7.92,8.19,7.86,,5,3.9,34.946,37.8,0.27,0.3,23600,1085,-65,,,Y,1
Feb-70,800.4,7.72,8.18,7.65,,9.38,4.2,34.994,38,0.53,0.3,24100,1305,129,,,Y,1
Mar-70,744.1,6.87,7.43,6.95,,8.5,4.4,35.089,38.2,0.53,0.3,24100,1319,146,,,Y,1
Apr-70,777.6,6.34,7.18,7.04,,8,4.6,35.623,38.5,0.79,0.2,24200,1264,-103,,,Y,1
May-70,785.6,6.84,7.98,7.85,,8.63,4.8,35.958,38.6,0.26,0.2,25700,1290,-224,,,Y,1
Jun-70,736.1,6.85,7.73,7.84,,7.75,4.9,35.437,38.8,0.52,0.2,23800,1385,-95,,,Y,1
Jul-70,700.4,6.48,7.69,7.64,,7,5,35.329,39,0.52,0.4,22900,1517,24,,,Y,1
Aug-70,683.5,6.4,7.6,7.39,,6.75,5.1,35.377,39,0,0.4,23500,1399,-116,,,Y,1
Sep-70,734.1,6.39,7.43,7.47,,6.75,5.4,36.196,39.2,0.51,0.4,22600,1534,7,,,Y,1
Oct-70,764.6,5.86,7.19,7.29,,6.5,5.5,37.553,39.4,0.51,-0.2,22100,1580,-423,,,Y,1
Nov-70,760.7,5.69,6.95,7.24,,6.13,5.9,37.455,39.6,0.51,-0.2,23500,1647,-112,,,Y,1
Dec-70,755.6,4.98,6,6.48,,5.63,6.1,37.434,39.8,0.51,-0.2,22300,1893,383,,,N,0
Jan-71,794.1,4.89,5.98,6.46,,3,5.9,37.868,39.8,0,2.7,23900,1828,73,,,N,0
Feb-71,838.9,4.12,5.79,6.09,,4.38,5.9,38.716,39.9,0.25,2.7,24500,1741,-58,,,N,0
Mar-71,868.5,3.36,5.35,6.12,,3.63,6,38.873,40,0.25,2.7,24300,1910,53,,,N,0
Apr-71,878.8,3.65,5.16,5.58,,4,5.9,39.001,40.1,0.25,3.1,25800,1986,176,,,N,0
May-71,904.4,3.84,6.09,6.15,,4.25,5.9,40.493,40.3,0.5,3.1,25500,2049,211,,,N,0
Jun-71,941.8,4.36,6.27,6.36,,4.75,5.9,40.105,40.6,0.74,3.1,26100,2026,7,,,N,0
Jul-71,907.8,5.21,6.83,6.69,,5.25,6,40.929,40.7,0.25,3,25200,2083,61,,,N,0
Aug-71,891.1,5.24,6.94,6.86,,5.5,6.1,42.722,40.8,0.25,3,25300,2158,58,,,N,0
Sep-71,858.4,4.5,6.09,6.22,,5.75,6,41.976,40.8,0,3,25400,2041,241,,,N,0
Oct-71,898.1,4.55,6.04,6,,5.38,5.8,42.473,40.9,0.25,4.4,25600,2128,28,,,N,0
Nov-71,887.2,4.26,5.75,5.8,,5.13,6,42.842,40.9,0,4.4,25700,2182,205,,,N,0
Dec-71,839,4.31,5.8,5.92,,3.75,6,43.455,41.1,0.49,4.4,25300,2295,262,,,N,0
Jan-72,831.3,3.69,5.55,5.94,,3,5.8,45.64,41.1,0,3.5,24700,2494,332,,,N,0
Feb-72,890.2,3.43,5.78,6.09,,3.25,5.7,48.237,41.3,0.49,3.5,26500,2390,207,,,N,0
Mar-72,902.2,3.47,5.965,6.04,,3.25,5.8,48.288,41.4,0.24,3.5,27400,2334,296,,,N,0
Apr-72,928.1,3.79,6.15,6.14,,4,5.7,49.026,41.5,0.24,5.3,26700,2249,218,,,N,0
May-72,940.7,3.62,5.85,6.14,,4.25,5.7,54.5,41.6,0.24,5.3,27000,2221,307,,,N,0
Jun-72,954.2,3.83,5.82,6.07,,4.44,5.7,62.17,41.7,0.24,5.3,26800,2254,289,,,N,0
Jul-72,960.7,4.14,6,6.14,,4.5,5.6,65.558,41.9,0.48,5.4,27700,2252,-49,,,N,0
Aug-72,929,3.79,5.98,6.14,,4.63,5.6,66.917,42,0.24,5.4,28100,2382,432,,,N,0
Sep-72,924.7,4.54,6.2,6.43,,5.19,5.5,65.589,42.1,0.24,5.4,28000,2481,123,,,N,0
Oct-72,963.7,4.51,6.17,6.54,,4.88,5.6,64.824,42.3,0.48,6.9,28900,2485,410,,,N,0
Nov-72,953.3,4.75,6.2,6.39,,5.5,5.3,62.726,42.4,0.24,6.9,29100,2421,299,,,N,0
Dec-72,955.5,4.9,6.12,6.29,,5.25,5.2,63.779,42.5,0.24,6.9,29700,2366,295,,,N,0
Jan-73,1018.2,5.22,6.29,6.43,,5.5,4.9,65.127,42.6,0.24,7.6,29900,2481,349,,,N,0
Feb-73,1022.9,5.76,6.56,6.6,,6.44,5,73.971,42.9,0.7,7.6,29700,2289,397,,,N,0
Mar-73,999,5.79,6.72,6.65,,7,4.9,84.105,43.3,0.93,7.6,31400,2365,270,,,N,0
Apr-73,955.1,6.46,6.81,6.74,,7.38,5,90.441,43.6,0.69,6.3,32800,2084,171,,,N,0
May-73,951,6.29,6.77,6.72,,7.88,4.9,101.623,43.9,0.69,6.3,32000,2266,193,,,N,0
Jun-73,921.4,6.97,6.78,6.96,,8.44,4.9,119.8,44.2,0.68,6.3,33100,2067,239,,,N,0
Jul-73,901.4,7.9,7,7.01,,8.88,4.8,120.364,44.3,0.23,4.8,34200,2123,26,,,N,0
Aug-73,890.2,8.38,7.94,7.55,,8.74,4.8,106.225,45.1,1.81,4.8,33200,2051,255,,,N,0
Sep-73,924.4,8.78,7.22,7.21,,11.22,4.8,103.034,45.2,0.22,4.8,33200,1874,108,,,N,0
Oct-73,887.6,7.06,6.75,6.91,,10.9,4.6,99.923,45.6,0.88,4,33300,1677,331,,,N,0
Nov-73,947.1,7.48,6.83,6.71,,9.88,4.8,94.645,45.9,0.66,4,34000,1724,313,,,Y,1
Dec-73,956.6,7.12,6.84,6.69,,10.34,4.9,106.236,46.2,0.65,4,35700,1526,111,,,Y,1
Jan-74,820.5,7.52,6.86,6.94,,9.83,5.1,129.027,46.6,0.87,0.6,34200,1451,69,,,Y,1
Feb-74,850.9,7.31,6.85,7,,9.31,5.2,150,47.2,1.29,0.6,34900,1752,154,,,Y,1
Mar-74,855.6,7.54,7.06,7.08,,8.97,5.1,168.298,47.8,1.27,0.6,36000,1555,42,,,Y,1
Apr-74,860.5,8.31,7.67,7.42,,10.01,5.1,172.243,48,0.42,-0.2,35700,1607,86,,,Y,1
May-74,846.7,8.77,8.16,7.62,,10.57,5.1,163.568,48.6,1.25,-0.2,35700,1426,167,,,Y,1
Jun-74,836.8,8.09,8.11,7.53,,11.64,5.4,154.013,49,0.82,-0.2,35100,1513,55,,,Y,1
Jul-74,802.2,7.28,8.38,7.65,,14.33,5.5,142.283,49.4,0.82,-0.6,36800,1316,32,,,Y,1
Aug-74,802.4,7.94,8.57,7.92,,12.25,5.5,154.362,50,1.21,-0.6,35700,1142,-17,,,Y,1
Sep-74,757.4,9.41,8.65,8.11,,11.6,5.9,151.66,50.6,1.2,-0.6,36200,1150,-9,,,Y,1
Oct-74,678.6,6.69,8.11,7.97,,11.3,6,158.533,51.1,0.99,-1.9,37200,1070,20,,,Y,1
Nov-74,607.9,7.78,7.95,7.8,,9.65,6.6,181.483,51.5,0.78,-1.9,37300,1026,-365,,,Y,1
Dec-74,665.5,7.31,7.6,7.71,,9.47,7.2,183.683,51.9,0.78,-1.9,37400,975,-613,,,Y,1
Jan-75,616.1,6.9,7.34,7.42,,8.55,8.1,176.864,52.1,0.39,-2.3,37200,1032,-359,,,Y,1
Feb-75,619.1,5.66,7.25,7.49,,6.76,8.1,179.553,52.5,0.77,-2.3,37900,904,-375,,,Y,1
Mar-75,703.7,5.59,7.2,7.5,,6.07,8.6,178.203,52.7,0.38,-2.3,38800,993,-270,,,Y,1
Apr-75,739.1,5.64,7.65,8.08,,5.48,8.8,170.066,52.9,0.38,-1.8,39200,1005,-188,,,N,0
May-75,768.2,5.5,8.13,8.31,,5.55,9,167.293,53.2,0.57,-1.8,39500,1121,164,,,N,0
Jun-75,821.3,5.25,7.62,8.02,,5.23,8.8,164.25,53.6,0.75,-1.8,37900,1087,-103,,,N,0
Jul-75,835.7,6.02,7.85,7.97,,6.12,8.6,164.867,54.2,1.12,0.8,38600,1226,249,,,N,0
Aug-75,879,6.35,8.18,8.26,,6.24,8.4,163.168,54.3,0.18,0.8,38200,1260,383,,,N,0
Sep-75,831.5,6.42,8.2,8.26,,6.13,8.4,144.311,54.6,0.55,0.8,39700,1264,75,,,N,0
Oct-75,835.3,6.53,8.4,8.47,,6.24,8.4,142.691,54.9,0.55,2.6,40700,1344,312,,,N,0
Nov-75,793.9,5.57,7.75,7.97,,5.65,8.3,142.565,55.3,0.73,2.6,41100,1360,145,,,N,0
Dec-75,836,5.55,7.87,8.12,,5.31,8.2,139.279,55.5,0.36,2.6,42100,1321,332,,,N,0
Jan-76,860.7,5.2,7.54,7.77,,5.37,7.9,131.695,55.6,0.18,6.2,41600,1367,486,,12.81,N,0
Feb-76,852.4,4.8,7.44,7.8,,4.84,7.7,130.94,55.8,0.36,6.2,42700,1538,313,,13.34,N,0
Mar-76,975.3,5.2,7.57,7.86,,5.21,7.6,132.676,55.9,0.18,6.2,43600,1421,232,,13.38,N,0
Apr-76,972.6,5.01,7.44,7.68,,4.83,7.7,127.91,56.1,0.36,6.2,43300,1395,244,,13.22,N,0
May-76,999.5,4.88,7.36,7.69,,5.1,7.4,126.913,56.5,0.71,6.2,43600,1459,20,,12.96,N,0
Jun-76,995.8,5.55,7.71,7.94,,5.58,7.6,125.684,56.8,0.53,6.2,46100,1495,64,,13.05,N,0
Jul-76,975.2,5.36,7.59,7.88,,5.58,7.8,117.866,57.1,0.53,5,44600,1401,171,,13.47,N,0
Aug-76,1002.8,5.11,7.54,7.85,,5.32,7.8,110.055,57.4,0.53,5,44200,1550,157,,12.95,N,0
Sep-76,984.6,5.09,7.14,7.64,,5.25,7.6,114.098,57.6,0.35,5,44700,1720,188,,13.61,N,0
Oct-76,973.7,5.04,6.95,7.49,,5.32,7.7,116.095,57.9,0.52,4.3,45300,1629,19,,12.82,N,0
Nov-76,990.2,4.84,6.7,7.38,,5.04,7.8,130.341,58,0.17,4.3,45800,1641,329,,13.33,N,0
Dec-76,964.9,4.41,6.02,6.97,,4.67,7.8,133.674,58.2,0.34,4.3,45900,1804,208,,14.53,N,0
Jan-77,947.2,4.39,6.16,6.84,,4.17,7.5,132.306,58.5,0.52,3.2,45500,1527,242,,14.4,N,0
Feb-77,1004.7,4.74,6.91,7.41,7.7,4.58,7.6,136.163,59.1,1.03,3.2,47400,1943,298,,14.71,N,0
Mar-77,954.4,4.7,6.99,7.49,7.84,4.7,7.4,148.339,59.5,0.68,3.2,46200,2063,403,,15.17,N,0
Apr-77,936.4,4.54,6.92,7.43,7.78,4.72,7.2,149.184,60,0.84,4.5,48700,1892,337,,15.14,N,0
May-77,919.6,4.75,6.94,7.45,7.8,5.12,7,146.536,60.3,0.5,4.5,49300,1971,360,,14.98,N,0
Jun-77,926.9,5.04,6.87,7.38,7.75,5.24,7.2,140.828,60.7,0.66,4.5,48700,1893,400,,14.95,N,0
Jul-77,898.7,5.02,6.71,7.34,7.58,5.36,6.9,143.383,61,0.49,5.8,48600,2058,346,,14.64,N,0
Aug-77,916.3,5.35,7.02,7.43,7.7,5.84,7,145.009,61.2,0.33,5.8,49000,2020,241,,14.86,N,0
Sep-77,890.1,5.56,6.97,7.3,7.61,6.06,6.8,149.334,61.4,0.33,5.8,48500,1949,457,,14.65,N,0
Oct-77,861.5,5.95,7.13,7.41,7.7,6.46,6.8,158.848,61.6,0.33,5,51400,2042,268,,14.9,N,0
Nov-77,847.1,6.22,7.47,7.63,7.86,6.65,6.8,162.132,61.9,0.49,5,51800,2042,373,,14.8,N,0
Dec-77,816,6.03,7.38,7.58,7.85,6.52,6.4,160.48,62.1,0.32,5,52700,2142,237,,15.18,N,0
Jan-78,829.7,6.18,7.58,7.83,8.08,6.53,6.4,173.207,62.5,0.64,4.1,52300,1718,184,0.63,13.7,N,0
Feb-78,830.5,6.41,7.74,7.96,8.2,7.18,6.3,178.36,62.9,0.64,4.1,53200,1738,354,0.63,14.36,N,0
Mar-78,769.9,6.42,7.87,8.05,8.26,6.86,6.3,183.771,63.4,0.79,4.1,53200,2032,512,0.63,15.17,N,0
Apr-78,742.1,6.31,7.96,8.13,8.32,6.97,6.1,175.323,63.9,0.79,6.1,53300,2197,702,0.63,16.2,N,0
May-78,756.7,6.31,8.08,8.24,8.38,7.27,6,176.19,64.5,0.94,6.1,55700,2075,347,0.64,16.3,N,0
Jun-78,837.3,6.61,8.27,8.41,8.5,7.48,5.9,183.761,65.2,1.09,6.1,56700,2070,441,0.65,16.35,N,0
Jul-78,840.6,6.95,8.48,8.59,8.6,8.01,6.2,188.569,65.7,0.77,5.2,54800,2092,254,0.66,15.53,N,0
Aug-78,819,6.88,8.44,8.54,8.55,7.97,5.9,206.455,66,0.46,5.2,56100,1996,279,0.66,16.05,N,0
Sep-78,862.3,7.7,8.42,8.38,8.45,8.33,6,212.212,66.5,0.76,5.2,57300,1970,138,0.67,14.64,N,0
Oct-78,876.8,7.98,8.53,8.58,8.63,8.9,5.8,227.432,67.1,0.9,6.7,58300,1981,335,0.67,15.85,N,0
Nov-78,865.8,8.85,8.77,8.66,8.66,9.87,5.9,207.082,67.4,0.45,6.7,58700,2094,435,0.68,15.48,N,0
Dec-78,805.5,8.85,8.81,8.8,8.73,9.95,6,207.895,67.7,0.45,6.7,59900,2044,280,0.69,15.34,N,0
Jan-79,802,9.41,9.33,9.18,8.99,10.84,5.9,226.986,68.3,0.89,6.5,60300,1630,137,0.7,15.06,N,0
Feb-79,805,9.25,8.95,8.94,8.85,10.05,5.9,245.59,69.1,1.17,6.5,61200,1520,247,0.71,15.32,N,0
Mar-79,839.2,9.4,9.28,9.17,9.09,10.05,5.8,242.348,69.8,1.01,6.5,60400,1847,424,0.73,15.28,N,0
Apr-79,808.8,9.54,9.2,9.11,9.02,10.07,5.8,239.174,70.6,1.15,2.7,62600,1748,-62,0.78,14.74,N,0
May-79,859.9,9.5,9.35,9.36,9.21,10.38,5.6,257.738,71.5,1.27,2.7,62800,1876,372,0.82,14.37,N,0
Jun-79,854.9,9.52,9.01,9.05,9.07,10.24,5.7,279.36,72.3,1.12,2.7,64200,1913,319,0.88,12.74,N,0
Jul-79,822.3,8.93,8.7,8.76,8.8,10.54,5.7,295.009,73.1,1.11,2.4,63800,1760,109,0.93,14.11,N,0
Aug-79,840.6,9.16,8.96,8.99,8.97,10.75,6,300.793,73.8,0.96,2.4,64000,1778,83,0.97,14.34,N,0
Sep-79,846.4,10.02,9.42,9.32,9.14,11.29,5.9,354.498,74.6,1.08,2.4,66000,1832,27,1,14.29,N,0
Oct-79,887.6,10.15,9.55,9.51,9.32,12.06,6,390.959,75.2,0.8,1.3,62300,1681,154,1.01,13.11,N,0
Nov-79,877.7,12.06,11.26,10.79,10.3,15.26,5.9,391.518,75.9,0.93,1.3,63900,1524,92,1.02,13.03,N,0
Dec-79,815.7,11.83,10.48,10.44,10.11,13.96,6,463.666,76.7,1.05,1.3,61500,1498,99,1.04,13.5,N,0
Jan-80,822.4,12.17,10.52,10.5,10.23,14.77,6.3,674.58,77.8,1.43,1.4,62900,1341,128,1.11,14.44,Y,1
Feb-80,838.7,12.17,11.3,11.29,11.23,13.44,6.3,665.893,78.9,1.41,1.4,64900,1350,83,1.19,13.28,Y,1
Mar-80,875.9,15,13.53,12.79,12.32,16.33,6.3,554.276,80.1,1.52,1.4,62600,1047,111,1.23,12.08,Y,1
Apr-80,863.1,15.03,13.39,12.69,12.35,19.79,6.9,516.71,81,1.12,-0.8,63100,1051,-145,1.24,10.44,Y,1
May-80,785.8,10.36,10.72,10.57,10.72,14.07,7.5,514.268,81.8,0.99,-0.8,63100,927,-429,1.24,9.54,Y,1
Jun-80,817.1,7.9,9.97,10.31,10.45,11.06,7.6,600.786,82.7,1.1,-0.8,64900,1196,-319,1.25,10.45,Y,1
Jul-80,850.9,8.04,9.55,10.13,10.12,9.47,7.8,645.75,82.7,0,-1.6,64000,1269,-261,1.25,11.66,Y,1
Aug-80,867.9,8.7,10.16,10.76,10.76,10.48,7.7,626.36,83.3,0.73,-1.6,63400,1436,259,1.24,11.15,N,0
Sep-80,935.3,9.87,11.45,11.32,11.08,10.74,7.5,673.941,84,0.84,-1.6,68300,1471,114,1.23,10.91,N,0
Oct-80,932.6,11.45,11.77,11.78,11.69,13.05,7.5,662.27,84.8,0.95,0,65600,1523,277,1.22,11.41,N,0
Nov-80,932.4,13.17,12.74,12.46,12.22,13.77,7.5,623.875,85.5,0.83,0,66700,1510,257,1.22,11.26,N,0
Dec-80,924.5,14.71,13.35,12.92,12.51,17.71,7.2,596.712,86.3,0.94,0,67000,1482,196,1.23,10.94,N,0
Jan-81,991.1,14.65,12.61,12.42,12.01,22,7.5,557.813,87,0.81,1.6,67600,1547,90,1.27,11.28,N,0
Feb-81,964,14.9,13.02,12.86,12.45,17.25,7.4,500.8,87.9,1.03,1.6,66200,1246,72,1.35,12.35,N,0
Mar-81,947.1,14.52,13.92,13.62,13.19,15.53,7.4,499.693,88.5,0.68,1.6,66700,1306,105,1.39,12.43,N,0
Apr-81,974.6,12.37,13.36,13.14,12.65,14.51,7.2,496.625,89.1,0.68,3,68700,1360,73,1.38,10.49,N,0
May-81,1003.9,14.67,14.37,14.05,13.59,19.79,7.5,480.316,89.8,0.79,3,70800,1140,13,1.37,10.35,N,0
Jun-81,997.8,15.5,13.99,13.46,13.06,19.01,7.5,460.5,90.6,0.89,3,68800,1045,194,1.36,10.42,N,0
Jul-81,991.8,14.65,14.47,14.04,13.47,21.09,7.2,409.284,91.6,1.1,4.3,69500,1041,111,1.35,10.43,Y,1
Aug-81,976.9,15.5,15.62,14.95,14.27,17.46,7.4,410.24,92.3,0.76,4.3,72600,940,-36,1.35,12.68,Y,1
Sep-81,952.3,15.59,16.12,15.41,14.7,17.52,7.6,443.773,93.2,0.98,4.3,65800,911,-88,1.36,11.08,Y,1
Oct-81,881.5,14.57,16.13,15.75,15.14,16.96,7.9,437.68,93.4,0.21,1.3,69600,873,-97,1.35,9.42,Y,1
Nov-81,850,12.69,14.61,14.57,14.41,14.44,8.3,413.405,93.7,0.32,1.3,71200,837,-209,1.35,9.49,Y,1
Dec-81,856,10.49,13.11,13.37,13.06,13.03,8.5,410.119,94,0.32,1.3,68400,910,-276,1.35,9.06,Y,1
Jan-82,889,11.39,14.15,14.19,13.87,13.13,8.6,384.163,94.3,0.32,-2.2,66200,843,-330,1.34,10.29,Y,1
Feb-82,875,13.68,14.79,14.58,14.33,15.69,8.9,374.458,94.6,0.32,-2.2,65700,866,-2,1.32,10.92,Y,1
Mar-82,866.3,12.27,13.97,13.85,13.63,14.11,9,330.413,94.5,-0.11,-2.2,67200,931,-129,1.27,10.65,Y,1
Apr-82,824.4,13.24,14.26,14.1,13.6,15.48,9.3,350.335,94.9,0.42,-1,70200,917,-284,1.21,9.75,Y,1
May-82,822.8,12.74,14.02,13.95,13.45,15.28,9.4,334.505,95.8,0.95,-1,69300,1025,-43,1.22,11.1,Y,1
Jun-82,848.4,12.01,13.98,13.93,13.66,13.76,9.6,314.961,97,1.25,-1,69300,902,-242,1.3,9.61,Y,1
Jul-82,819.5,12.55,14.62,14.4,13.9,14.73,9.8,337.895,97.5,0.52,-2.6,70900,1166,-344,1.32,9.76,Y,1
Aug-82,811.9,9.36,13.46,13.41,13.17,11.41,9.8,363.413,97.7,0.21,-2.6,70100,1046,-158,1.31,9.95,Y,1
Sep-82,808.6,8.42,12.58,12.76,12.41,11.28,10.1,438.15,97.9,0.2,-2.6,67800,1144,-180,1.29,11.13,Y,1
Oct-82,901.3,7.35,11.5,11.51,11.65,10.87,10.4,422.786,98.2,0.31,-1.4,69700,1173,-276,1.28,10.14,Y,1
Nov-82,896.3,7.81,10.41,10.56,10.84,9.43,10.8,415.114,98,-0.2,-1.4,73500,1372,-121,1.27,12.03,Y,1
Dec-82,991.7,8.28,10.34,10.74,10.69,9.1,10.8,444.776,97.6,-0.41,-1.4,71700,1303,-15,1.24,11.25,N,0
Jan-83,1039.3,7.92,10.02,10.32,10.39,11.2,10.4,481.838,97.8,0.2,1.4,73500,1586,219,1.21,10.87,N,0
Feb-83,1046.5,8.16,10.34,10.78,10.95,8.63,10.4,493.488,97.9,0.1,1.4,73800,1699,-73,1.17,10.61,N,0
Mar-83,1075.7,7.96,9.74,10.22,10.45,8.65,10.3,420.707,97.9,0,1.4,72500,1606,173,1.14,11.02,N,0
Apr-83,1112.2,8.64,10.25,10.6,10.67,9.12,10.2,433.171,98.6,0.72,3.3,74700,1472,274,1.2,11.67,N,0
May-83,1130,8.05,9.82,10.26,10.39,8.84,10.1,437.393,99.2,0.61,3.3,74500,1776,280,1.24,12.03,N,0
Jun-83,1225.4,8.58,10.48,10.77,10.91,9.38,10.1,413.148,99.5,0.3,3.3,75800,1733,377,1.26,12.96,N,0
Jul-83,1200,8.73,10.72,10.93,11,9.31,9.4,422.645,99.9,0.4,5.7,75200,1785,416,1.27,12.92,N,0
Aug-83,1222,9.27,11.63,11.8,11.82,9.64,9.5,416.205,100.2,0.3,5.7,76800,1910,-308,1.27,12.25,N,0
Sep-83,1199.2,9.22,11.76,11.97,11.95,9.61,9.2,412.245,100.7,0.5,5.7,81000,1710,1118,1.26,12.45,N,0
Oct-83,1216.2,8.74,11.22,11.47,11.48,10.59,8.8,394.245,101,0.3,7.9,75900,1715,273,1.24,13.31,N,0
Nov-83,1233.1,8.47,11.38,11.69,11.77,9.45,8.5,381.016,101.2,0.2,7.9,75900,1785,355,1.22,13.13,N,0
Dec-83,1225.2,8.87,11.37,11.63,11.67,9.46,8.3,388.06,101.3,0.1,7.9,75900,1688,355,1.22,14.5,N,0
Jan-84,1276,9,11.59,11.86,11.93,9.92,8,370.735,101.9,0.59,8.6,76200,1897,443,1.2,14.21,N,0
Feb-84,1258.6,8.89,11.31,11.64,11.74,9.74,7.8,386.038,102.4,0.49,8.6,79200,2260,484,1.19,14.38,N,0
Mar-84,1220.6,9.19,11.77,12.07,12.16,9.73,7.8,394.743,102.6,0.2,8.6,78400,1663,272,1.19,14.21,N,0
Apr-84,1154.6,9.68,12.29,12.56,12.55,10.24,7.7,381.371,103.1,0.49,8,79600,1851,363,1.21,14.36,N,0
May-84,1164.9,9.7,12.57,12.82,12.87,11.04,7.4,376.957,103.4,0.29,8,81400,1774,306,1.22,14.86,N,0
Jun-84,1170.8,9.8,13.46,13.63,13.58,10.53,7.2,378.314,103.7,0.29,8,80500,1843,381,1.21,14.67,N,0
Jul-84,1106.3,9.74,13.73,13.87,13.64,10.85,7.5,347.598,104.1,0.39,6.9,80700,1732,310,1.2,14.76,N,0
Aug-84,1132.4,10.43,12.74,12.81,12.78,12.04,7.5,347.677,104.5,0.38,6.9,82000,1586,243,1.18,14.28,N,0
Sep-84,1115.3,10.67,12.85,12.88,12.57,11.64,7.3,340.945,105,0.48,6.9,81300,1698,312,1.19,13.96,N,0
Oct-84,1222.4,10.23,12.51,12.54,12.35,11.38,7.4,340.217,105.3,0.29,5.6,80100,1590,285,1.2,14.64,N,0
Nov-84,1206.7,9.01,11.45,11.66,11.53,10.26,7.2,341.286,105.3,0,5.6,82500,1689,353,1.19,14.77,N,0
Dec-84,1207.4,8.41,11.23,11.56,11.56,8.92,7.3,319.622,105.3,0,5.6,78300,1612,125,1.18,14.6,N,0
Jan-85,1188.9,7.83,11.22,11.7,11.69,8.74,7.3,302.852,105.5,0.19,4.6,82500,1711,265,1.15,15.56,N,0
Feb-85,1211.6,8.19,10.93,11.29,11.32,8.74,7.2,299.833,106,0.47,4.6,82000,1632,131,1.13,15.72,N,0
Mar-85,1286.1,8.66,11.52,11.86,11.82,8.74,7.2,303.205,106.4,0.38,4.6,84200,1800,339,1.16,15.36,N,0
Apr-85,1284,8.15,11.28,11.66,11.65,8.83,7.3,324.883,106.9,0.47,3.7,85600,1821,196,1.2,15.52,N,0
May-85,1266.8,7.75,10.81,11.27,11.37,8.83,7.2,316.395,107.3,0.37,3.7,80100,1680,274,1.22,15.56,N,0
Jun-85,1258.1,7.02,9.5,10.05,10.4,7.64,7.4,316.298,107.6,0.28,3.7,86300,1676,147,1.23,15.09,N,0
Jul-85,1315.4,6.87,9.58,10.19,10.44,8.12,7.4,317.202,107.8,0.19,4.3,82100,1684,189,1.23,15.5,N,0
Aug-85,1335.5,7.27,9.95,10.51,10.62,8.26,7.1,330.131,108,0.19,4.3,83300,1743,192,1.22,16.91,N,0
Sep-85,1347.5,7.11,9.71,10.24,10.46,7.8,7.1,323.764,108.3,0.28,4.3,84700,1676,205,1.21,19.1,N,0
Oct-85,1334,7.03,9.69,10.29,10.55,8.26,7.1,326.093,108.7,0.37,4.2,85400,1834,188,1.2,14.19,N,0
Nov-85,1328.6,7.2,9.45,9.98,10.24,8.32,7,325.548,109,0.28,4.2,87200,1698,210,1.2,14.62,N,0
Dec-85,1374.3,7.26,9.14,9.69,9.94,8.54,7,321.985,109.3,0.28,4.2,87900,1942,166,1.2,15.71,N,0
Jan-86,1472.1,7.1,8.51,9.04,9.28,13.46,6.7,345.561,109.6,0.27,4.1,86600,1972,123,1.19,16.06,N,0
Feb-86,1546.7,7,8.5,9.02,9.28,8.09,7.2,339.053,109.3,-0.27,4.1,89700,1848,115,1.12,15.37,N,0
Mar-86,1571,6.97,7.76,7.99,8.16,7.95,7.2,346.095,108.8,-0.46,4.1,88700,1876,87,0.98,14.16,N,0
Apr-86,1709.1,6.33,7.18,7.37,7.47,7.49,7.1,340.716,108.6,-0.18,3.7,92500,1933,187,0.9,15.85,N,0
May-86,1818.6,6.11,7.2,7.45,7.54,7.13,7.2,342.325,108.9,0.28,3.7,92100,1854,127,0.93,16.3,N,0
Jun-86,1784,6.36,8.05,8.32,7.91,6.84,7.2,342.798,109.5,0.55,3.7,91200,1847,-93,0.96,15.92,N,0
Jul-86,1876.7,5.99,7.23,7.37,7.21,6.97,7,348.554,109.5,0,3.1,94100,1782,318,0.9,15.74,N,0
Aug-86,1892.7,5.77,7.02,7.34,7.46,6.38,6.9,376.29,109.7,0.18,3.1,91500,1807,115,0.85,17.29,N,0
Sep-86,1775.3,5.19,6.45,7.03,7.23,5.77,7,418.152,110.2,0.46,3.1,95000,1687,346,0.86,21.5,N,0
Oct-86,1898.3,5.19,6.93,7.41,7.57,5.99,7,423.863,110.3,0.09,2.9,96400,1681,187,0.84,14.79,N,0
Nov-86,1767.6,5.21,6.71,7.29,7.57,5.93,6.9,396.983,110.4,0.09,2.9,94000,1623,187,0.83,14.82,N,0
Dec-86,1877.7,5.42,6.69,7.18,7.42,6.38,6.6,391.595,110.5,0.09,2.9,95000,1833,201,0.83,18.08,N,0
Jan-87,1914.2,5.55,6.75,7.18,7.44,14.35,6.6,408.524,111.2,0.63,2.7,98500,1774,169,0.87,12.41,N,0
Feb-87,1897.4,5.61,6.75,7.23,7.52,6.28,6.6,401.045,111.6,0.36,2.7,95200,1784,241,0.91,15.11,N,0
Mar-87,2158,5.48,6.69,7.17,7.46,6.02,6.6,408.848,112.1,0.45,2.7,98400,1726,245,0.92,15.3,N,0
Apr-87,2224,5.54,7.12,7.59,7.89,6.22,6.3,439.665,112.7,0.54,3.4,96500,1614,335,0.94,15.45,N,0
May-87,2304.7,5.6,7.98,8.39,8.59,7.67,6.3,461.65,113.1,0.35,3.4,104900,1628,229,0.95,14.57,N,0
Jun-87,2286.4,5.7,8.08,8.45,8.63,6.74,6.2,449.282,113.5,0.35,3.4,109000,1594,172,0.97,15.62,N,0
Jul-87,2291.6,5.64,7.96,8.36,8.49,6.07,6.1,450.33,113.8,0.26,3.3,105000,1575,347,0.98,15.66,N,0
Aug-87,2418.5,6.05,8.34,8.81,9.02,6.75,6,460.988,114.4,0.53,3.3,106800,1605,173,1,17.09,N,0
Sep-87,2572.1,6.12,8.57,9.05,9.24,6.84,5.9,460.12,115,0.52,3.3,106500,1695,227,1,16.12,N,0
Oct-87,2663,6.63,9.22,9.66,9.8,7.71,6,465.764,115.3,0.26,4.5,106500,1515,491,0.99,14.26,N,0
Nov-87,2596.3,5.62,8.44,8.98,9.13,6.62,5.8,468.14,115.4,0.09,4.5,117000,1656,234,0.99,14.54,N,0
Dec-87,1993.5,5.55,8.44,9.01,9.15,7.04,5.7,487.079,115.4,0,4.5,111800,1400,289,0.98,15.65,N,0
Jan-88,1833.6,5.88,8.35,8.83,8.95,6.89,5.7,477.758,115.7,0.26,4.2,119000,1271,92,0.95,16.08,N,0
Feb-88,1950.8,5.66,7.78,8.26,8.42,6.96,5.7,442.124,116,0.26,4.2,110900,1473,461,0.93,16.51,N,0
Mar-88,1958.2,5.62,7.61,8.15,8.4,6.66,5.7,443.491,116.5,0.43,4.2,108900,1532,275,0.92,16.18,N,0
Apr-88,2071.6,5.85,8.19,8.68,8.92,6.7,5.4,451.558,117.1,0.52,4.5,111000,1573,243,0.95,15.55,N,0
May-88,1988.1,6.08,8.39,8.94,9.17,6.98,5.6,451.32,117.5,0.34,4.5,110000,1421,230,0.97,15.94,N,0
Jun-88,2032.3,6.47,8.57,9.03,9.12,7.24,5.4,451.657,118,0.43,4.5,111500,1478,364,0.97,15.85,N,0
Jul-88,2031.1,6.55,8.38,8.77,8.84,7.75,5.4,437.452,118.5,0.42,4.2,118000,1467,224,0.98,15.7,N,0
Aug-88,2141.7,6.91,8.7,9.07,9.17,7.91,5.6,431.064,119,0.42,4.2,110000,1493,124,1,15.39,N,0
Sep-88,2128.7,7.28,8.95,9.25,9.31,8.27,5.4,413.439,119.8,0.67,4.2,116600,1492,339,0.99,15.05,N,0
Oct-88,2027.6,7.24,8.59,8.84,8.96,8.54,5.4,406.39,120.2,0.33,3.8,112900,1522,263,0.98,15.16,N,0
Nov-88,2112.9,7.34,8.38,8.68,8.76,8.35,5.3,419.966,120.3,0.08,3.8,110400,1569,341,0.97,15.39,N,0
Dec-88,2148.7,7.85,8.88,9.01,9.02,8.54,5.3,419.248,120.5,0.17,3.8,121000,1563,281,0.95,16.44,N,0
Jan-89,2114.5,8.14,9.25,9.23,9.09,9.04,5.4,404.445,121.1,0.5,4.3,113000,1621,263,0.94,15.37,N,0
Feb-89,2168.4,8.37,9.05,8.99,8.83,9.02,5.2,387.973,121.6,0.41,4.3,118000,1425,266,0.96,14.99,N,0
Mar-89,2342.3,8.66,9.43,9.36,9.18,9.82,5,390.274,122.3,0.58,4.3,123000,1422,194,0.97,14.66,N,0
Apr-89,2258.4,8.82,9.39,9.21,9.07,9.79,5.2,384.72,123.1,0.65,3.7,116700,1339,170,1.1,16.02,N,0
May-89,2293.6,8.62,9.19,9.14,9,9.85,5.2,371.35,123.8,0.57,3.7,119000,1331,122,1.15,15.27,N,0
Jun-89,2418.8,8.61,8.65,8.61,8.61,9.84,5.3,367.727,124.1,0.24,3.7,122800,1397,114,1.15,14.38,N,0
Jul-89,2480.2,7.97,7.99,8.09,8.07,9.63,5.2,375.21,124.4,0.24,3.9,116000,1427,42,1.13,14.7,N,0
Aug-89,2440.1,7.63,7.49,7.74,7.83,8.95,5.2,365.548,124.6,0.16,3.9,122900,1332,51,1.1,16.55,N,0
Sep-89,2660.7,7.86,8.18,8.19,8.14,8.93,5.3,361.798,125,0.32,3.9,120000,1279,249,1.07,15.66,N,0
Oct-89,2737.3,7.89,8.33,8.28,8.22,9.24,5.3,366.8,125.6,0.48,2.7,123000,1410,107,1.07,13.58,N,0
Nov-89,2692.8,7.78,7.86,7.91,7.89,8.98,5.4,394.361,125.9,0.24,2.7,125000,1351,276,1.05,13.37,N,0
Dec-89,2645.1,7.53,7.7,7.81,7.88,8.51,5.4,409.655,126.1,0.16,2.7,125200,1251,84,1.03,13.55,N,0
Jan-90,2706.3,7.58,7.87,7.94,8,7.97,5.4,410.118,127.4,1.03,2.8,125000,1551,361,1.09,16.31,N,0
Feb-90,2753.2,7.76,8.35,8.42,8.44,8.25,5.3,416.543,128,0.47,2.8,126900,1437,238,1.09,14.36,N,0
Mar-90,2590.5,7.81,8.53,8.59,8.61,8.3,5.2,393.661,128.7,0.55,2.8,119400,1289,209,1.08,14.49,N,0
Apr-90,2627.3,7.78,8.65,8.65,8.63,8.3,5.4,374.929,128.9,0.16,2.4,130000,1248,44,1.1,14.28,N,0
May-90,2707.2,7.92,9.08,9.08,9.04,8.11,5.4,368.855,129.2,0.23,2.4,125000,1212,151,1.11,14.02,N,0
Jun-90,2656.8,7.68,8.38,8.44,8.43,8.28,5.2,352.657,129.9,0.54,2.4,125000,1177,18,1.14,14.15,N,0
Jul-90,2876.7,7.74,8.35,8.43,8.41,8.32,5.5,361.82,130.4,0.38,1.7,118700,1171,-33,1.14,14.08,Y,1
Aug-90,2880.7,7.42,8.06,8.29,8.36,8.07,5.7,394.861,131.6,0.92,1.7,118400,1115,-207,1.25,13.86,Y,1
Sep-90,2905.2,7.39,8.53,8.9,9.03,8.06,5.9,389.56,132.7,0.84,1.7,113000,1110,-97,1.35,14.3,Y,1
Oct-90,2614.4,7.13,8.38,8.71,8.84,8.25,5.9,381.333,133.5,0.6,0.6,120000,1014,-153,1.43,13.75,Y,1
Nov-90,2452.5,7.05,8.15,8.57,8.7,8.06,6.2,381.866,133.8,0.22,0.6,118900,1145,-154,1.43,13.13,Y,1
Dec-90,2442.3,7.05,7.88,8.22,8.36,7.61,6.3,378.161,133.8,0,0.6,127000,969,-46,1.41,12.96,Y,1
Jan-91,2559.7,6.46,7.59,7.97,8.14,5.53,6.4,384.591,134.6,0.6,-1,117900,798,-111,1.3,11.83,Y,1
Feb-91,2633.7,6,7.45,7.91,8.09,6.3,6.6,363.748,134.8,0.15,-1,119900,965,-321,1.2,12.41,Y,1
Mar-91,2736.4,6.09,7.78,8.12,8.28,6.35,6.8,363.39,135,0.15,-1,122500,921,-159,1.14,12.85,Y,1
Apr-91,2882.2,5.76,7.74,8.07,8.25,6.48,6.7,358.055,135.2,0.15,-0.5,121000,1001,-209,1.16,12.04,N,0
May-91,2913.9,5.54,7.63,8.01,8.18,5.9,6.9,357.117,135.6,0.3,-0.5,116000,996,-116,1.21,12.49,N,0
Jun-91,2887.9,5.6,7.8,8.14,8.34,5.92,6.9,366.36,136,0.29,-0.5,119000,1036,86,1.21,12.72,N,0
Jul-91,3027.5,5.58,7.93,8.26,8.44,6.38,6.8,368.013,136.2,0.15,-0.1,120000,1063,-45,1.19,12.97,N,0
Aug-91,2911.7,5.55,7.78,8.2,8.38,5.86,6.9,356.721,136.6,0.29,-0.1,120800,1049,21,1.2,12.57,N,0
Sep-91,3024.8,5.34,7.32,7.81,8.05,5.5,6.9,348.46,137.2,0.44,-0.1,120000,1015,25,1.2,13.11,N,0
Oct-91,3043.6,5.1,6.9,7.45,7.81,5.4,7,358.826,137.4,0.15,1.2,122600,1079,19,1.18,12.22,N,0
Nov-91,3016.8,4.75,6.71,7.48,7.93,5.03,7,359.96,137.8,0.29,1.2,118500,1103,-60,1.19,12.58,N,0
Dec-91,3069.1,4.38,6.43,7.32,7.92,4.86,7.3,361.875,137.9,0.07,1.2,122000,1079,33,1.18,12.66,N,0
Jan-92,2894.7,3.86,5.98,6.78,7.46,4.09,7.3,354.436,138.1,0.15,2.9,120000,1176,42,1.14,12.59,N,0
Feb-92,3168.8,3.84,6.52,7.36,7.82,4.4,7.4,353.853,138.6,0.36,2.9,117200,1250,-59,1.12,12.93,N,0
Mar-92,3223.4,4.03,6.73,7.38,7.9,4.13,7.4,344.641,139.3,0.51,2.9,120000,1297,55,1.12,12.82,N,0
Apr-92,3267.7,4.01,6.82,7.46,7.9,4.98,7.4,338.728,139.5,0.14,3.2,120000,1099,155,1.14,12.55,N,0
May-92,3235.5,3.63,6.82,7.56,8.01,3.75,7.6,337.039,139.7,0.14,3.2,113000,1214,129,1.2,13.1,N,0
Jun-92,3359.1,3.75,6.69,7.39,7.9,3.96,7.8,340.784,140.2,0.36,3.2,124500,1145,67,1.24,13.54,N,0
Jul-92,3396.9,3.55,6.27,7.1,7.76,3.89,7.7,352.452,140.5,0.21,3.7,118000,1139,75,1.24,12.85,N,0
Aug-92,3318.5,3.17,5.82,6.72,7.46,3.37,7.6,343.603,140.9,0.28,3.7,123500,1226,135,1.22,12.87,N,0
Sep-92,3393.8,3.15,5.52,6.56,7.38,3.39,7.6,345.3,141.3,0.28,3.7,119500,1186,34,1.22,13.38,N,0
Oct-92,3257.4,2.61,5.18,6.23,7.3,3.58,7.3,344.277,141.8,0.35,4.4,125000,1244,181,1.22,13.66,N,0
Nov-92,3271.7,3.01,5.96,6.88,7.66,3.04,7.4,334.924,142,0.14,4.4,128900,1214,133,1.22,13.22,N,0
Dec-92,3226.3,3.33,6.24,6.94,7.57,3.17,7.4,334.657,141.9,-0.07,4.4,126000,1227,222,1.2,13.78,N,0
Jan-93,3305.2,3.08,5.9,6.6,7.33,2.66,7.3,328.993,142.6,0.49,3.3,118000,1210,300,1.18,13.46,N,0
Feb-93,3301.1,2.9,5.55,6.38,7.21,3.25,7.1,329.31,143.1,0.35,3.3,129400,1210,248,1.17,12.97,N,0
Mar-93,3310,2.95,5.12,5.94,6.83,3.65,7,329.974,143.6,0.35,3.3,125000,1083,-48,1.16,13.33,N,0
Apr-93,3370.8,2.9,5.24,6.06,6.97,3.31,7.1,341.948,144,0.28,2.8,127000,1258,303,1.18,14.53,N,0
May-93,3435.1,2.87,5.06,5.96,6.86,3.01,7.1,367.045,144.2,0.14,2.8,129900,1260,271,1.19,14.52,N,0
Jun-93,3427.6,3.04,5.28,6.07,6.88,3.33,7,371.914,144.4,0.14,2.8,124500,1280,179,1.19,14.49,N,0
Jul-93,3527.4,2.99,5.04,5.8,6.69,3.27,6.9,392.034,144.4,0,2.3,123900,1254,305,1.17,14.45,N,0
Aug-93,3516.1,3.07,5.2,5.85,6.56,3.07,6.8,379.795,144.8,0.28,2.3,126600,1300,154,1.16,13.58,N,0
Sep-93,3539.5,3.01,4.81,5.46,6.09,3.25,6.7,355.561,145.1,0.21,2.3,129400,1343,241,1.15,13.99,N,0
Oct-93,3651.3,2.92,4.72,5.34,5.98,3.19,6.8,364.005,145.7,0.41,2.6,125000,1392,285,1.19,14.91,N,0
Nov-93,3555.1,3.05,4.96,5.56,6.02,3.15,6.6,373.939,145.8,0.07,2.6,130000,1376,253,1.18,14.88,N,0
Dec-93,3680.6,3.14,5.16,5.81,6.3,3.07,6.5,383.243,145.8,0,2.6,125000,1533,329,1.14,15,N,0
Jan-94,3684,3.01,5.2,5.8,6.35,2.85,6.6,387.11,146.2,0.27,3.4,126000,1272,282,1.11,15.38,N,0
Feb-94,3754.1,3.02,5.05,5.65,6.23,3.25,6.6,381.658,146.7,0.34,3.4,129900,1337,184,1.11,15.52,N,0
Mar-94,3978.4,3.39,5.61,6.17,6.69,3.31,6.5,384,147.2,0.34,3.4,132300,1564,463,1.11,15.3,N,0
Apr-94,3832,3.61,6.4,6.91,7.24,3.64,6.4,377.908,147.4,0.14,4.2,129000,1465,344,1.13,16.01,N,0
May-94,3633.1,3.85,6.64,7.05,7.31,3.73,6.1,381.343,147.5,0.07,4.2,129900,1526,336,1.14,14.58,N,0
Jun-94,3681.7,4.21,6.8,7.18,7.46,4.33,6.1,385.714,148,0.34,4.2,133500,1409,314,1.17,15.11,N,0
Jul-94,3758.4,4.13,6.92,7.29,7.59,3.82,6.1,385.45,148.4,0.27,4.3,124400,1439,371,1.2,14.88,N,0
Aug-94,3625,4.28,6.79,7.18,7.4,4.34,6,380.207,149,0.4,4.3,133300,1450,289,1.24,15.36,N,0
Sep-94,3764.5,4.55,6.8,7.17,7.45,4.76,5.9,391.348,149.4,0.27,4.3,129700,1474,349,1.24,15.27,N,0
Oct-94,3913.4,4.65,7.29,7.6,7.83,5.44,5.8,390.164,149.5,0.07,4.1,132000,1450,213,1.21,15.89,N,0
Nov-94,3843.2,5.06,7.52,7.83,7.99,4.76,5.6,384.377,149.7,0.13,4.1,129900,1511,412,1.22,15.89,N,0
Dec-94,3908.1,5.57,7.77,7.88,7.99,5.49,5.5,379.48,149.7,0,4.1,135000,1455,295,1.2,15.58,N,0
Jan-95,3739.2,5.55,7.84,7.82,7.88,4.94,5.6,378.738,150.3,0.4,3.5,127900,1407,337,1.19,14.8,N,0
Feb-95,3834.4,5.82,7.48,7.55,7.68,5.25,5.4,376.745,150.9,0.4,3.5,135000,1316,194,1.18,14.86,N,0
Mar-95,3843.9,5.76,7.07,7.23,7.47,5.56,5.4,381.82,151.4,0.33,3.5,130000,1249,211,1.17,15.26,N,0
Apr-95,4011.1,5.69,7.08,7.2,7.44,6.3,5.8,391.339,151.9,0.33,2.4,134000,1267,163,1.2,14.38,N,0
May-95,4157.7,5.7,6.88,7.06,7.34,6.1,5.6,385.231,152.2,0.2,2.4,133900,1314,-20,1.26,14.81,N,0
Jun-95,4321.3,5.62,6.07,6.29,6.66,6.04,5.6,387.618,152.5,0.2,2.4,133700,1281,237,1.28,15.41,N,0
Jul-95,4465.1,5.42,5.96,6.2,6.63,6.11,5.7,386.138,152.5,0,2.7,131000,1461,93,1.25,14.7,N,0
Aug-95,4556.1,5.42,6.16,6.43,6.86,5.55,5.7,383.502,152.9,0.26,2.7,134900,1416,256,1.22,15.37,N,0
Sep-95,4708.5,5.28,6.07,6.29,6.65,5.72,5.6,382.931,153.2,0.2,2.7,130000,1369,239,1.21,15.34,N,0
Oct-95,4610.6,5.27,6,6.16,6.48,6.2,5.5,383.202,153.7,0.33,2.2,135200,1369,157,1.19,14.86,N,0
Nov-95,4789.1,5.34,5.82,6.02,6.34,5.76,5.6,385.209,153.6,-0.07,2.2,137000,1452,144,1.16,15.38,N,0
Dec-95,4755.5,5.32,5.51,5.73,6.13,5.56,5.6,387.445,153.5,-0.07,2.2,138600,1431,146,1.16,16.26,N,0
Jan-96,5074.5,4.94,5.38,5.58,5.95,4.73,5.6,398.695,154.4,0.59,2.6,131900,1467,-5,1.19,14.81,N,0
Feb-96,5117.1,4.91,5.24,5.59,6.04,5.27,5.5,404.919,154.9,0.32,2.6,139400,1491,421,1.18,15.59,N,0
Mar-96,5395.3,4.86,5.64,6.03,6.42,5.81,5.5,396.512,155.7,0.52,2.6,137000,1424,257,1.22,16.04,N,0
Apr-96,5485.6,4.99,6.07,6.31,6.66,5.53,5.6,392.87,156.3,0.39,4,140000,1516,167,1.31,15.47,N,0
May-96,5587.1,5,6.44,6.69,6.92,5.41,5.6,391.99,156.6,0.19,4,136500,1504,328,1.38,15.99,N,0
Jun-96,5569.1,5.05,6.66,6.87,7.02,5.31,5.3,385.245,156.7,0.06,4,140000,1467,282,1.35,15.26,N,0
Jul-96,5643.2,5.04,6.48,6.72,6.91,7.8,5.5,383.457,157,0.19,4.1,144200,1472,242,1.33,15.07,N,0
Aug-96,5654.6,5.16,6.54,6.77,6.96,6.29,5.1,387.51,157.3,0.19,4.1,137000,1557,187,1.3,15.49,N,0
Sep-96,5528.9,5.19,6.79,6.99,7.15,5.28,5.2,383.29,157.8,0.32,4.1,139000,1475,211,1.29,15.53,N,0
Oct-96,5616.2,5.01,6.46,6.7,6.92,5.53,5.2,380.909,158.3,0.32,4.4,143800,1392,256,1.29,15.31,N,0
Nov-96,5882.2,5.01,6.04,6.31,6.62,5.19,5.4,377.869,158.6,0.19,4.4,143500,1489,295,1.31,15.71,N,0
Dec-96,6029.4,5,5.85,6.06,6.37,5.44,5.4,369.338,158.6,0,4.4,144900,1370,183,1.32,15.18,N,0
Jan-97,6521.7,5.05,6.2,6.41,6.63,6.26,5.3,355.025,159.1,0.32,4.3,145000,1355,220,1.32,15.68,N,0
Feb-97,6448.3,5.01,6.24,6.49,6.78,5.37,5.2,346.4,159.6,0.31,4.3,143000,1486,310,1.31,15.27,N,0
Mar-97,6813.1,5.09,6.41,6.58,6.83,5.5,5.2,352.311,160,0.25,4.3,148000,1457,317,1.29,15.82,N,0
Apr-97,6877.7,5.18,6.74,6.9,7.1,6.18,5.1,344.707,160.2,0.12,4.3,150000,1492,297,1.29,15.06,N,0
May-97,6583.5,5.1,6.56,6.7,6.95,5.73,4.9,344.1,160.1,-0.06,4.3,141000,1442,261,1.28,15.09,N,0
Jun-97,7009,4.81,6.49,6.64,6.9,5.58,5,340.805,160.3,0.12,4.3,145000,1494,268,1.29,14.52,N,0
Jul-97,7331,5.11,6.38,6.5,6.79,6.24,4.9,323.78,160.5,0.12,4.7,145900,1437,294,1.26,15.57,N,0
Aug-97,7672.8,5.08,5.88,5.99,6.28,5.65,4.8,323.998,160.8,0.19,4.7,144000,1390,-20,1.31,16.15,N,0
Sep-97,8222.6,5.09,6.25,6.36,6.62,5.52,4.9,322.616,161.2,0.25,4.7,146300,1546,495,1.33,15.1,N,0
Oct-97,7651,4.96,5.96,6.08,6.38,5.65,4.7,324.863,161.6,0.25,4.5,141500,1520,346,1.3,15.43,N,0
Nov-97,7945.3,5.08,5.76,5.88,6.19,5.56,4.6,306.345,161.5,-0.06,4.5,145000,1510,306,1.27,15.83,N,0
Dec-97,7443.1,5.07,5.82,5.85,6.03,5.92,4.7,288.776,161.3,-0.12,4.5,145900,1566,313,1.24,16.47,N,0
Jan-98,7823.6,5.2,5.71,5.73,5.92,5.84,4.6,289.264,161.6,0.19,4.9,148000,1525,264,1.19,14.79,N,0
Feb-98,7908.3,5.06,5.4,5.53,5.82,5.48,4.6,297.743,161.9,0.19,4.9,156000,1584,201,1.14,15.23,N,0
Mar-98,7987.5,5.18,5.6,5.63,5.94,5.57,4.7,295.87,162.2,0.19,4.9,152700,1567,150,1.1,15.41,N,0
Apr-98,8528.8,4.99,5.61,5.64,5.93,5.72,4.3,308.558,162.5,0.18,4.1,148000,1540,279,1.11,15.92,N,0
May-98,8818.5,4.86,5.62,5.64,5.92,5.46,4.4,298.971,162.8,0.18,4.1,153200,1536,402,1.15,17.06,N,0
Jun-98,9106.5,4.88,5.51,5.53,5.77,5.79,4.5,292.223,163,0.12,4.1,148000,1641,232,1.15,16.77,N,0
Jul-98,8907.9,4.96,5.47,5.45,5.63,6.35,4.5,292.874,163.2,0.12,4.1,149900,1698,126,1.13,14.67,N,0
Aug-98,9011.6,4.95,5.48,5.47,5.71,5.63,4.5,284.228,163.4,0.12,4.1,154900,1614,338,1.11,14.8,N,0
Sep-98,8868.1,4.8,4.87,5.02,5.31,5.75,4.6,288.661,163.6,0.12,4.1,155000,1582,213,1.09,16.31,N,0
Oct-98,7583.1,4.23,4.13,4.33,4.91,5.73,4.5,296.595,164,0.24,4.9,154500,1715,204,1.1,17.13,N,0
Nov-98,7749.4,4.23,4.26,4.63,5.18,5.35,4.4,294.243,164,0,4.9,151000,1660,275,1.09,16.12,N,0
Dec-98,8645.7,4.4,4.43,4.68,5.06,4.82,4.4,291.357,163.9,-0.06,4.9,152500,1792,364,1.05,17.41,N,0
Jan-99,9039.6,4.35,4.52,4.64,5.07,4.07,4.3,287.333,164.3,0.24,4.8,153100,1748,106,1.03,16.59,N,0
Feb-99,9212.8,4.38,4.57,4.67,5.1,4.86,4.4,287.495,164.5,0.12,4.8,160000,1670,418,1.01,17.1,N,0
Mar-99,9405.4,4.55,5.21,5.29,5.59,5.1,4.2,286.243,165,0.3,4.8,157300,1710,108,1.05,16.83,N,0
Apr-99,9315.3,4.37,5.07,5.21,5.61,5.41,4.3,282.62,166.2,0.73,4.7,159900,1553,371,1.23,16.93,N,0
May-99,9825.3,4.43,5.23,5.36,5.68,5.03,4.2,276.932,166.2,0,4.7,154400,1611,212,1.23,17.56,N,0
Jun-99,10788.8,4.53,5.62,5.65,5.85,4.78,4.3,261.402,166.2,0,4.7,159300,1559,277,1.2,17.35,N,0
Jul-99,10549.1,4.64,5.69,5.82,6,5.76,4.3,256.198,166.7,0.3,4.7,158200,1669,321,1.24,17.69,N,0
Aug-99,10972.4,4.62,5.79,5.9,6.1,5.07,4.2,256.936,167.1,0.24,4.7,154800,1648,156,1.31,17.64,N,0
Sep-99,10654.8,4.83,5.86,5.97,6.07,5.41,4.2,264.47,167.9,0.48,4.7,163200,1635,205,1.33,17.66,N,0
Oct-99,10828.4,4.73,5.8,5.92,6.09,5.26,4.1,311.562,168.2,0.18,4.8,161100,1608,409,1.33,17.68,N,0
Nov-99,10335.7,4.97,5.97,6.04,6.16,5.38,4.1,293.65,168.3,0.06,4.8,172000,1648,289,1.32,17.62,N,0
Dec-99,10730.8,5.15,6.15,6.22,6.32,5.71,4,283.743,168.3,0,4.8,164800,1708,307,1.35,18.32,N,0
Jan-00,10876.5,5.23,6.41,6.5,6.54,3.99,4,284.59,168.8,0.3,4.2,163500,1636,234,1.36,18.64,N,0
Feb-00,11501.8,5.56,6.65,6.63,6.47,5.79,4.1,300.855,169.8,0.59,4.2,162400,1737,116,1.42,19.4,N,0
Mar-00,10937.7,5.61,6.59,6.39,6.12,5.78,4,286.704,171.2,0.82,4.2,165100,1604,473,1.59,18.34,N,0
Apr-00,10128.1,5.71,6.3,6,5.83,6.17,3.8,279.961,171.3,0.06,5.3,162600,1626,291,1.56,17.94,N,0
May-00,10863.3,5.67,6.56,6.23,5.97,6.17,4,275.293,171.5,0.12,5.3,164700,1575,218,1.55,17.94,N,0
Jun-00,10749.4,5.43,6.51,6.27,6.01,6.65,4,285.368,172.4,0.52,5.3,160100,1559,-39,1.67,17.6,N,0
Jul-00,10532.3,5.71,6.19,6.04,5.9,6.86,4,282.152,172.8,0.23,4.1,169000,1463,168,1.64,17.32,N,0
Aug-00,10450.4,6.07,6.13,6.02,5.77,6.51,4.1,274.523,172.8,0,4.1,166600,1541,-7,1.56,17.53,N,0
Sep-00,10523.8,6.11,5.97,5.72,5.67,6.52,3.9,273.676,173.7,0.52,4.1,171500,1507,124,1.64,18.65,N,0
Oct-00,11219.5,6.03,5.83,5.79,5.87,6.6,3.9,270.405,174,0.17,3,176300,1549,1,1.61,17.51,N,0
Nov-00,10659.1,6.17,5.78,5.74,5.77,6.61,3.9,265.989,174.1,0.06,3,174700,1551,205,1.61,16.63,N,0
Dec-00,10966.2,6.05,5.45,5.49,5.63,6.6,3.9,271.892,174,-0.06,3,162000,1532,152,1.54,16.22,N,0
1-Jan,10416.8,5.71,4.94,5.08,5.43,5.41,4.2,265.934,175.1,0.63,2.3,171300,1600,-10,1.53,17.65,N,0
1-Feb,10790.9,4.83,4.73,5.08,5.48,5.57,4.2,262.018,175.8,0.4,2.3,169100,1625,92,1.54,17.83,N,0
1-Mar,10884.8,4.7,4.62,4.86,5.29,5.59,4.3,263.273,176.2,0.23,2.3,166300,1590,-43,1.5,17.25,Y,1
1-Apr,10493.2,4.17,4.51,4.89,5.44,5.29,4.4,260.75,176.9,0.4,1.1,175200,1649,-286,1.62,16.87,Y,1
1-May,9877.16,3.77,4.87,5.33,5.78,4.61,4.3,272.057,177.7,0.45,1.1,175300,1605,-49,1.81,16.88,Y,1
1-Jun,10734,3.53,4.89,5.37,5.75,4.14,4.5,270.738,178,0.17,1.1,179400,1636,-114,1.73,17.46,Y,1
1-Jul,10913.6,3.63,4.94,5.41,5.75,3.95,4.6,267.707,177.5,-0.28,0.5,175000,1670,-125,1.57,16.46,Y,1
1-Aug,10505,3.45,4.53,5.05,5.52,3.79,4.9,272.657,177.5,0,0.5,173700,1567,-144,1.51,16.35,Y,1
1-Sep,10527.4,3.28,4.39,4.85,5.39,3.66,5,282.478,178.3,0.45,0.5,166400,1562,-252,1.61,16.37,Y,1
1-Oct,9946.98,2.31,3.77,4.57,5.42,3.02,5.3,283.322,177.7,-0.34,0.2,171300,1540,-323,1.44,22.06,Y,1
1-Nov,8845.97,1.99,3.51,4.22,4.81,2.61,5.5,276.248,177.4,-0.17,0.2,168100,1602,-310,1.32,18.03,Y,1
1-Dec,9087.45,1.73,4.04,4.74,5.27,2.06,5.7,275.992,176.7,-0.39,0.2,180200,1568,-161,1.2,16.47,N,0
2-Jan,9848.93,1.7,4.36,5.07,5.49,1.52,5.7,281.764,177.1,0.23,1.3,187100,1698,-129,1.21,16.52,N,0
2-Feb,10021.7,1.73,4.39,5.04,5.44,1.77,5.7,295.683,177.8,0.4,1.3,191100,1829,-116,1.21,17.3,N,0
2-Mar,9923.04,1.73,4.21,4.89,5.43,1.78,5.7,294.353,178.8,0.56,1.3,183400,1642,-20,1.32,17.11,N,0
2-Apr,10111,1.75,4.79,5.39,5.81,1.88,5.9,302.862,179.8,0.56,1.3,187100,1592,-96,1.49,17.67,N,0
2-May,10402.1,1.73,4.4,5.08,5.59,1.88,5.8,314.48,179.8,0,1.3,181000,1764,11,1.51,16.2,N,0
2-Jun,9944.9,1.7,4.4,5.08,5.64,1.79,5.8,321.536,179.9,0.06,1.3,190600,1717,48,1.49,16.95,N,0
2-Jul,9923.94,1.66,4.03,4.81,5.51,1.83,5.8,313.567,180.1,0.11,2.2,175600,1655,-91,1.5,18.14,N,0
2-Aug,9239.25,1.67,3.43,4.45,5.31,1.79,5.7,310.045,180.7,0.33,2.2,178900,1633,-1,1.51,18.45,N,0
2-Sep,8732.58,1.63,3.11,4.05,4.88,1.81,5.7,318.8,181,0.17,2.2,177500,1804,-79,1.51,16.67,N,0
2-Oct,8659.27,1.53,2.66,3.68,4.71,1.85,5.7,316.748,181.3,0.17,2.1,189200,1648,119,1.54,16.26,N,0
2-Nov,7593.04,1.41,2.76,3.91,5,1.74,5.9,319.255,181.3,0,2.1,181200,1753,-11,1.53,16.52,N,0
2-Dec,8395.64,1.21,3.4,4.35,5.15,1.23,6,333.3,180.9,-0.22,2.1,197600,1788,-144,1.48,17.87,N,0
3-Jan,8902.95,1.19,2.79,3.88,4.83,1.16,5.8,356.864,181.7,0.44,1.8,181700,1853,108,1.56,16.71,N,0
3-Feb,8342.38,1.15,2.99,4,4.87,1.33,5.9,359.575,183.1,0.77,1.8,187000,1629,-135,1.69,16.11,N,0
3-Mar,8053.74,1.18,2.69,3.71,4.69,1.33,5.9,341.564,184.2,0.6,1.8,185100,1726,-215,1.79,16.47,N,0
3-Apr,7890.24,1.1,2.72,3.8,4.82,1.29,6,328.208,183.8,-0.22,2,189500,1643,-52,1.7,16.75,N,0
3-May,7992.83,1.1,2.73,3.83,4.76,1.3,6.1,355.405,183.5,-0.16,2,195500,1751,16,1.59,16.47,N,0
3-Jun,8478.48,1.09,2.34,3.41,4.41,1.28,6.3,356.912,183.7,0.11,2,187900,1867,-1,1.56,17.01,N,0
3-Jul,8851.45,0.88,2.4,3.51,4.55,1.11,6.2,350.765,183.9,0.11,3.3,190200,1897,-2,1.57,17.11,N,0
3-Aug,8983.66,0.93,3.4,4.59,5.48,1,6.1,358.993,184.6,0.38,3.3,190500,1833,-40,1.67,18.26,N,0
3-Sep,9232.68,0.96,3.56,4.56,5.28,1.01,6.1,378.859,185.2,0.33,3.3,192000,1939,112,1.77,17.29,N,0
3-Oct,9416.67,0.91,2.84,3.95,4.89,1.11,6,379.093,185,-0.11,4.3,194100,1967,194,1.65,16.49,N,0
3-Nov,9276.8,0.93,3.27,4.33,5.16,1.03,5.8,390.2,184.5,-0.27,4.3,207100,2083,17,1.58,17.56,N,0
3-Dec,9802.46,0.91,3.38,4.34,5.13,1.03,5.7,407.674,184.3,-0.11,4.3,196000,2057,115,1.54,17.36,N,0
4-Jan,9785.35,0.91,3.24,4.27,5.09,0.94,5.7,414.495,185.2,0.49,4.3,209500,1911,182,1.64,16.69,N,0
4-Feb,10452.7,0.9,3.18,4.17,4.99,1.03,5.6,404.73,186.2,0.54,4.3,219600,1846,57,1.72,17.03,N,0
4-Mar,10487.8,0.93,2.96,3.99,4.85,1.04,5.8,405.976,187.4,0.64,4.3,209600,1998,312,1.81,17.25,N,0
4-Apr,10582.2,0.92,2.78,3.84,4.78,1.03,5.6,404.85,188,0.32,4.2,222300,2003,270,1.88,16.9,N,0
4-May,10357.5,0.95,3.65,4.53,5.31,1.03,5.6,383.953,189.1,0.59,4.2,211700,1981,284,2.05,18.19,N,0
4-Jun,10227.3,1.05,3.81,4.68,5.37,1.02,5.6,391.78,189.7,0.32,4.2,215700,1828,97,2.08,16.17,N,0
4-Jul,10187.2,1.27,3.8,4.6,5.31,1.4,5.5,398.441,189.4,-0.16,3.4,212400,2002,57,1.98,17.3,N,0
4-Aug,10434,1.4,3.64,4.43,5.17,1.29,5.4,400.133,189.5,0.05,3.4,218100,2024,91,1.94,17.16,N,0
4-Sep,10138.5,1.56,3.28,4.09,4.91,1.53,5.4,405.402,189.9,0.21,3.4,211600,1905,157,1.93,17.88,N,0
4-Oct,10170.1,1.67,3.41,4.16,4.92,1.86,5.5,420.21,190.9,0.53,3.3,229200,2072,354,2.07,17.51,N,0
4-Nov,10082,1.87,3.31,4.05,4.81,1.83,5.4,439.059,191,0.05,3.3,224500,1782,55,2.05,17.36,N,0
4-Dec,10028.7,2.17,3.67,4.34,5,2.04,5.4,442.974,190.3,-0.37,3.3,229600,2042,123,1.93,18.1,N,0
5-Jan,10425.8,2.2,3.65,4.26,4.86,1.97,5.3,424.08,190.7,0.21,3.9,223100,2144,147,1.87,16.89,N,0
5-Feb,10783.8,2.46,3.7,4.13,4.57,2.4,5.4,423.43,191.8,0.58,3.9,237300,2207,259,1.96,16.89,N,0
5-Mar,10489.7,2.7,3.99,4.36,4.71,2.39,5.2,434.355,193.3,0.78,3.9,229300,1864,122,2.11,17.42,N,0
5-Apr,10769,2.73,4.17,4.49,4.75,2.83,5.2,429.14,194.6,0.67,3.6,236300,2061,364,2.33,17.75,N,0
5-May,10504.6,2.84,3.89,4.19,4.5,2.97,5.1,422.903,194.4,-0.1,3.6,228300,2025,170,2.26,17.41,N,0
5-Jun,10192,2.91,3.71,3.97,4.31,3.02,5,430.302,194.5,0.05,3.6,226100,2068,251,2.22,18.48,N,0
5-Jul,10462.9,3.06,3.74,3.94,4.21,3.36,5,424.745,195.4,0.46,3.5,229200,2054,357,2.36,21.13,N,0
5-Aug,10273.6,3.34,4.14,4.3,4.49,3.3,4.9,437.773,196.4,0.51,3.5,240100,2095,203,2.55,17.42,N,0
5-Sep,10641.8,3.43,3.89,4.04,4.28,3.57,5,455.936,198.8,1.22,3.5,240400,2151,66,2.97,16.93,N,0
5-Oct,10481.4,3.48,4.18,4.32,4.56,3.93,5,470.107,199.2,0.2,3.1,243900,2065,90,2.83,15.34,N,0
5-Nov,10569.5,3.87,4.43,4.55,4.74,3.99,5,476.668,197.6,-0.8,3.1,237900,2147,339,2.39,16.52,N,0
5-Dec,10437.5,3.85,4.4,4.48,4.68,4.03,4.9,509.423,196.8,-0.4,3.1,238600,1994,156,2.23,17.17,N,0
6-Jan,10806,4.03,4.39,4.42,4.59,4.09,4.7,549.433,198.3,0.76,3.4,244900,2273,278,2.36,18.08,N,0
6-Feb,10718.3,4.35,4.46,4.53,4.7,4.47,4.8,555.518,198.7,0.2,3.4,250800,2119,307,2.35,17.07,N,0
6-Mar,10862.1,4.5,4.6,4.56,4.53,4.52,4.7,557.215,199.8,0.55,3.4,238800,1969,310,2.44,16.96,N,0
6-Apr,10993.2,4.52,4.84,4.88,4.93,5,4.7,611.853,201.5,0.85,3.1,257000,1821,158,2.8,17.13,N,0
6-May,11113,4.65,4.92,5.06,5.16,4.84,4.6,676.769,202.5,0.5,3.1,238200,1942,40,2.99,16.73,N,0
6-Jun,11367.8,4.72,5.05,5.14,5.24,5.02,4.6,597.898,202.9,0.2,3.1,243200,1802,81,2.96,16.9,N,0
6-Jul,11169,4.89,5.11,5.16,5.2,5.05,4.7,633.093,203.5,0.3,2.4,238100,1737,196,3.05,17.66,N,0
6-Aug,11149.3,4.94,4.92,5,5.08,5.27,4.7,631.557,203.9,0.2,2.4,243900,1650,175,3.03,16.46,N,0
6-Sep,11184.8,4.91,4.68,4.72,4.87,5.25,4.5,600.15,202.9,-0.49,2.4,226700,1720,147,2.64,16.98,N,0
6-Oct,11382.8,4.78,4.6,4.65,4.78,5.34,4.4,586.648,201.8,-0.54,2.6,250400,1491,10,2.32,16.87,N,0
6-Nov,11679,4.94,4.57,4.61,4.72,5.23,4.5,626.825,201.5,-0.15,2.6,240100,1570,212,2.29,16.66,N,0
6-Dec,12080.2,4.89,4.46,4.48,4.58,5.27,4.4,629.513,201.8,0.15,2.6,244700,1649,186,2.38,17.11,N,0
7-Jan,12221,4.92,4.65,4.66,4.77,5.17,4.6,630.352,202.416,0.31,1.5,254400,1409,225,2.32,16.9,N,0
7-Feb,12459.5,4.98,4.81,4.81,4.91,5.29,4.5,665.103,203.499,0.54,1.5,250800,1480,80,2.33,17.17,N,0
7-Mar,12617.2,4.98,4.46,4.52,4.65,5.31,4.4,655.891,205.352,0.91,1.5,262600,1495,237,2.64,16.44,N,0
7-Apr,12265.6,4.89,4.53,4.64,4.84,5.3,4.5,680.008,206.686,0.65,1.8,242500,1490,50,2.91,16.62,N,0
7-May,12354.5,4.77,4.5,4.62,4.81,5.26,4.4,668.31,207.949,0.61,1.8,245000,1415,152,3.18,16.66,N,0
7-Jun,13062.8,4.62,4.86,4.9,5.02,5.23,4.6,655.714,208.352,0.19,1.8,235500,1448,76,3.1,16.18,N,0
7-Jul,13628.7,4.72,4.92,5.03,5.13,5.31,4.7,665.266,208.299,-0.03,2.2,246200,1354,-33,3.01,15.83,N,0
7-Aug,13409.6,4.77,4.55,4.73,4.9,5.3,4.6,664.53,207.917,-0.18,2.2,236500,1330,-23,2.83,16.38,N,0
7-Sep,13211.1,4.13,4.21,4.51,4.82,4.96,4.7,710.645,208.49,0.28,2.2,240300,1183,82,2.84,16.53,N,0
7-Oct,13358.4,3.81,4.23,4.58,4.83,4.92,4.7,754.48,208.936,0.21,2,234300,1264,76,2.84,16.46,N,0
7-Nov,13895.7,3.8,4.15,4.46,4.73,4.59,4.7,808.311,210.177,0.59,2,249100,1197,109,3.12,16.35,N,0
7-Dec,13924.2,3.09,3.39,3.94,4.38,4.66,5,803.618,210.036,-0.07,2,227700,1037,110,3.07,16.03,Y,1
8-Jan,13368.2,3.27,3.44,4.03,4.45,3.06,5,887.784,211.08,0.5,1.1,232400,1084,13,3.1,15.71,Y,1
8-Feb,13261.8,1.96,2.83,3.65,4.35,3.12,4.9,924.283,211.693,0.29,1.1,245300,1103,-82,3.08,15.49,Y,1
8-Mar,12638.2,1.84,2.51,3.56,4.45,3.01,5.1,971.055,213.528,0.87,1.1,229300,1005,-48,3.31,15.12,Y,1
8-Apr,12264.4,1.38,2.54,3.49,4.35,2.38,5,911.6,214.823,0.61,1.1,246400,1013,-236,3.49,14.6,Y,1
8-May,12266.6,1.35,3.05,3.75,4.49,2.16,5.4,889.125,216.632,0.84,1.1,229300,973,-184,3.81,14.7,Y,1
8-Jun,12818.3,1.84,3.8,4.03,4.71,1.98,5.6,889.536,218.815,1.01,1.1,234300,1046,-166,4.12,14.38,Y,1
8-Jul,12637.7,1.83,3.3,3.94,4.5,2.11,5.8,941.167,219.964,0.53,0,237300,923,-198,4.14,13,Y,1
8-Aug,11344.6,1.63,3.22,3.94,4.57,2.04,6.1,840.388,219.086,-0.4,0,221000,844,-279,3.84,14.12,Y,1
8-Sep,11379.9,1.7,3.12,3.85,4.44,1.94,6.1,824.92,218.783,-0.14,0,225200,820,-460,3.75,12.96,Y,1
8-Oct,11545.6,0.75,2.89,3.75,4.24,1.15,6.5,812.815,216.573,-1.01,-2.8,213200,777,-481,3.23,10.93,Y,1
8-Nov,10847.4,0.44,2.78,3.94,4.37,0.22,6.8,757.85,212.425,-1.92,-2.8,221600,652,-727,2.21,10.53,Y,1
8-Dec,9326.04,0.02,1.87,2.88,3.39,0.52,7.3,819.94,210.228,-1.03,-2.8,229600,560,-704,1.74,10.38,Y,1
9-Jan,8826.89,0.1,1.51,2.2,2.66,0.14,7.8,857.726,211.143,0.44,-3.3,208600,490,-783,1.84,9.79,Y,1
9-Feb,8772.25,0.21,1.84,2.83,3.59,0.23,8.3,939.763,212.193,0.5,-3.3,209700,582,-742,1.98,9.22,Y,1
9-Mar,8000.62,0.25,1.92,2.96,3.65,0.22,8.7,925.989,212.709,0.24,-3.3,205100,505,-803,2,9.75,Y,1
9-Apr,7056.48,0.21,1.65,2.66,3.53,0.16,9,892.663,213.24,0.25,-3.9,219200,478,-694,2.11,9.38,Y,1
9-May,7606.13,0.13,2.05,3.17,4.08,0.22,9.4,926.855,213.856,0.29,-3.9,222300,540,-344,2.31,10.18,Y,1
9-Jun,8167.41,0.14,2.37,3.51,4.37,0.21,9.5,947.807,215.693,0.86,-3.9,214700,585,-465,2.68,10.15,Y,1
9-Jul,8501.53,0.18,2.59,3.59,4.38,0.2,9.5,934.272,215.351,-0.16,-3,214200,594,-341,2.59,11.57,N,0
9-Aug,8447.53,0.18,2.59,3.57,4.37,0.18,9.6,949.5,215.834,0.22,-3,207100,586,-184,2.68,14.75,N,0
9-Sep,9173.65,0.15,2.38,3.4,4.19,0.15,9.8,996.443,215.969,0.06,-3,216600,585,-242,2.63,9.54,N,0
9-Oct,9492.32,0.1,2.29,3.29,4.03,0.11,10,1043.511,216.177,0.1,0.2,215100,534,-198,2.61,10.58,N,0
9-Nov,9711.6,0.06,2.32,3.4,4.25,0.11,9.9,1126.119,216.33,0.07,0.2,218800,588,12,2.71,11.04,N,0
9-Dec,9712.13,0.06,2.01,3.23,4.23,0.13,9.9,1135.012,215.949,-0.18,0.2,222600,581,-269,2.67,11.28,N,0
10-Jan,10343.8,0.08,2.68,3.86,4.68,0.05,9.8,1119.575,216.687,0.34,1.7,218200,614,3,2.78,10.89,N,0
10-Feb,10430.7,0.06,2.38,3.63,4.52,0.14,9.8,1095.8,216.741,0.02,1.7,221900,604,-92,2.71,10.32,N,0
10-Mar,10069,0.13,2.3,3.62,4.56,0.14,9.9,1115.554,217.631,0.41,1.7,224800,636,180,2.83,11.77,N,0
10-Apr,10326.1,0.15,2.57,3.86,4.74,0.17,9.9,1148.475,218.009,0.17,2.8,208300,687,237,2.91,11.45,N,0
10-May,10857.3,0.16,2.46,3.7,4.55,0.2,9.6,1204.321,218.178,0.08,2.8,230500,583,534,2.92,12.03,N,0
10-Jun,11009.6,0.16,2.06,3.26,4.18,0.2,9.4,1232.382,217.965,-0.1,2.8,219500,536,-136,2.78,11.6,N,0
10-Jul,10133.9,0.17,1.79,2.93,3.88,0.17,9.4,1196,218.011,0.02,3.2,212100,546,-88,2.78,11.95,N,0
10-Aug,9773.27,0.14,1.62,2.93,4.02,0.18,9.5,1213.464,218.312,0.14,3.2,226600,599,-5,2.8,12.01,N,0
10-Sep,10468.8,0.14,1.35,2.49,3.54,0.19,9.5,1271.461,218.439,0.06,3.2,228000,594,-64,2.75,11.92,N,0
10-Oct,10016.01,0.16,1.29,2.55,3.72,0.2,9.4,1343.19,218.711,0.12,2.6,204200,543,269,2.84,12.41,N,0
10-Nov,10789.72,0.11,1.17,2.59,3.96,0.2,9.8,1371.784,218.803,0.04,2.6,219600,545,123,2.9,12.3,N,0
10-Dec,11120.3,0.16,1.58,2.9,4.17,0.2,9.3,1393.512,219.179,0.17,2.6,241200,539,74,3.03,12.61,N,0
11-Jan,11007.23,0.14,2.08,3.38,4.4,0.13,9.1,1360.475,220.223,0.48,1.9,240100,630,20,3.14,12.81,N,0
11-Feb,11577.43,0.15,2.01,3.43,4.61,0.18,9,1371.313,221.309,0.49,1.9,220100,517,213,3.22,13.08,N,0
11-Mar,11892.5,0.14,2.18,3.46,4.52,0.15,9,1422.848,223.467,0.98,1.9,220500,600,232,3.59,13.26,N,0
11-Apr,12226.49,0.05,2.27,3.5,4.51,0.11,9.1,1474.431,224.906,0.64,1.7,224700,554,321,3.86,13.33,N,0
11-May,12321.02,0.04,2,3.31,4.42,0.09,9,1512.188,225.964,0.47,1.7,222000,561,95,3.98,12.28,N,0
11-Jun,12810.16,0.06,1.65,3.02,4.19,0.1,9.1,1528.38,225.722,-0.11,1.7,240200,608,235,3.75,11.89,N,0
11-Jul,12569.41,0.03,1.75,3.15,4.36,0.08,9,1568.526,225.922,0.09,0.9,229900,623,61,3.7,12.72,N,0
11-Aug,12412.07,0.08,1.35,2.79,4.14,0.17,9,1759.5,226.545,0.28,0.9,219600,585,122,3.68,12.6,N,0
11-Sep,12144.22,0.01,0.94,2.2,3.58,0.08,9,1780.648,226.889,0.15,0.9,217000,650,236,3.66,13.36,N,0
11-Oct,11613.3,0.02,0.95,1.88,2.85,0.06,8.8,1667.893,226.421,-0.21,1.6,224800,610,204,3.52,13.73,N,0
11-Nov,10912.1,0.01,0.93,2.03,3.04,0.08,8.6,1735.977,226.23,-0.08,1.6,214300,711,132,3.48,13.74,N,0
11-Dec,11951.53,0.02,0.98,2.13,3.14,0.08,8.5,1652.725,225.672,-0.25,1.6,218600,694,204,3.33,13.8,N,0
12-Jan,12046.21,0.02,0.88,1.95,2.98,0.04,8.3,1656.095,226.665,0.44,2.7,221700,723,355,3.45,14.4,N,0
12-Feb,12221.19,0.06,0.72,1.81,2.95,0.11,8.3,1743.095,227.663,0.44,2.7,239900,704,262,3.62,14.98,N,0
12-Mar,12632.76,0.07,0.9,2.03,3.15,0.11,8.2,1675.057,229.392,0.76,2.7,239800,695,238,3.92,14.59,N,0
12-Apr,12952.29,0.07,1.03,2.2,3.33,0.09,8.2,1648.539,230.085,0.3,2.4,236400,753,83,3.98,14.77,N,0
12-May,13211.36,0.1,0.81,1.92,3.12,0.16,8.2,1585.114,229.815,-0.12,2.4,239200,708,99,3.84,14.5,N,0
12-Jun,13214.16,0.06,0.63,1.52,2.6,0.16,8.2,1595.632,229.478,-0.15,2.4,232600,757,72,3.6,14.47,N,0
12-Jul,12391.56,0.09,0.71,1.64,2.74,0.09,8.2,1592.784,229.104,-0.16,2.5,237400,740,153,3.5,14.38,N,0
12-Aug,12879.71,0.09,0.59,1.49,2.58,0.14,8.1,1625.682,230.379,0.56,2.5,253200,754,170,3.76,14.44,N,0
12-Sep,13007.47,0.1,0.6,1.57,2.68,0.13,7.8,1741.925,231.407,0.45,2.5,254600,847,189,3.91,15.1,N,0
12-Oct,13092.15,0.09,0.63,1.62,2.81,0.15,7.8,1746.348,231.317,-0.04,1.5,247200,915,158,3.84,14.83,N,0
12-Nov,13437.66,0.1,0.74,1.72,2.88,0.17,7.7,1724.352,230.221,-0.47,1.5,245000,833,158,3.54,15.46,N,0
12-Dec,13099.19,0.08,0.64,1.64,2.83,0.16,7.9,1687.342,229.601,-0.27,1.5,258300,976,237,3.39,15.46,N,0
13-Jan,13027.73,0.05,0.78,1.84,3.04,0.09,8,1671.886,230.28,0.3,1.6,251500,888,195,3.41,15.81,N,0
13-Feb,13104.3,0.07,0.9,2.01,3.2,0.14,7.7,1630.688,232.166,0.82,1.6,265100,962,279,3.75,15.86,N,0
13-Mar,13860.58,0.1,0.75,1.85,3.05,0.14,7.5,1591.013,232.773,0.26,1.6,257500,1010,136,3.79,15.72,N,0
13-Apr,14054.49,0.07,0.79,1.89,3.14,0.16,7.6,1485.905,232.531,-0.1,1.3,279300,835,192,3.65,15.81,N,0
13-May,14578.54,0.05,0.67,1.66,2.87,0.14,7.5,1416.143,232.945,0.18,1.3,263700,930,224,3.68,15.88,N,0
13-Jun,14839.8,0.03,1.06,2.17,3.31,0.09,7.5,1342.7,233.504,0.24,1.3,259800,839,181,3.69,16.15,N,0
13-Jul,15123.55,0.04,1.43,2.52,3.52,0.1,7.3,1284.348,233.596,0.04,1.9,262200,880,105,3.69,16.02,N,0
13-Aug,14911.6,0.03,1.39,2.6,3.67,0.08,7.2,1345.048,233.877,0.12,1.9,255300,917,242,3.66,15.83,N,0
13-Sep,15503.85,0.02,1.68,2.84,3.75,0.07,7.2,1348.464,234.149,0.12,1.9,269800,850,189,3.62,15.86,N,0
13-Oct,14801.55,0.01,1.41,2.65,3.72,0.08,7.2,1314.402,233.546,-0.26,2.6,264300,925,225,3.43,15.73,N,0
13-Nov,15132.49,0.03,1.36,2.59,3.67,0.08,6.9,1277.417,233.069,-0.2,2.6,277100,1100,267,3.31,16.08,N,0
13-Dec,15558.01,0.06,1.41,2.78,3.84,0.07,6.7,1221.588,233.049,-0.01,2.6,275500,1002,67,3.33,15.83,N,0
14-Jan,16087.12,0.06,1.75,3.03,3.96,0.07,6.6,1243.068,233.916,0.37,1.4,269800,888,177,3.38,15.61,N,0
14-Feb,16572.17,0.01,1.52,2.68,3.63,0.07,6.7,1298.713,234.781,0.37,1.4,268400,944,168,3.42,15.99,N,0
14-Mar,15697.69,0.04,1.47,2.61,3.56,0.06,6.7,1336.56,236.293,0.64,1.4,282300,970,250,3.59,16.99,N,0
14-Apr,16321.71,0.04,1.73,2.74,3.59,0.08,6.2,1299.175,237.072,0.33,2.7,274500,1043,327,3.72,16.7,N,0
14-May,16457.66,0.02,1.69,2.66,3.47,0.09,6.3,1288.913,237.9,0.35,2.7,285600,1007,221,3.75,17.14,N,0
14-Jun,16580.84,0.03,1.56,2.5,3.35,0.08,6.1,1277.857,238.343,0.19,2.7,287000,911,324,3.75,17.52,N,0
14-Jul,16705.45,0.03,1.65,2.55,3.38,0.1,6.2,1312.989,238.25,-0.04,3.1,280400,1085,227,3.69,17.28,N,0
14-Aug,16826.6,0.02,1.77,2.58,3.35,0.09,6.1,1297.005,237.852,-0.17,3.1,291700,984,188,3.54,17.24,N,0
14-Sep,16563.3,0.03,1.66,2.39,3.14,0.07,5.9,1241.33,238.031,0.08,3.1,261500,1023,311,3.46,16.96,N,0
14-Oct,17098.45,0.02,1.75,2.48,3.18,0.09,5.7,1223.565,237.433,-0.25,2.9,297000,1074,258,3.24,16.76,N,0
14-Nov,17040.46,0,1.61,2.33,3.05,0.07,5.8,1176.413,236.151,-0.54,2.9,298300,1001,286,2.95,16.95,N,0
14-Dec,17390.9,0.01,1.47,2.16,2.89,0.13,5.6,1200.44,234.812,-0.57,2.9,301500,1073,269,2.62,17.18,N,0
15-Jan,17827.27,0.03,1.69,2.2,2.77,0.06,5.7,1249.333,233.707,-0.47,4,292000,1092,213,2.17,16.94,N,0
15-Feb,17823.07,0.01,1.19,1.67,2.25,0.06,5.5,1231.1,234.722,0.43,4,286600,888,248,2.31,16.89,N,0
15-Mar,17169.99,0.01,1.51,2.01,2.62,0.06,5.4,1180.636,236.119,0.6,4,286600,962,77,2.54,17.85,N,0
15-Apr,18134.05,0.03,1.34,1.89,2.5,0.12,5.4,1198.253,236.599,0.2,3.3,294500,1191,300,2.55,17.64,N,0
15-May,17778.52,0,1.46,2.07,2.78,0.13,5.6,1197.684,237.805,0.51,3.3,287500,1081,319,2.83,18.02,N,0
15-Jun,17859.27,0.01,1.49,2.13,2.89,0.12,5.3,1182.248,238.638,0.35,3.3,285100,1199,170,2.89,17.87,N,0
15-Jul,18017.82,0.01,1.7,2.42,3.19,0.13,5.2,1131.58,238.654,0.01,2.4,292300,1138,293,2.89,18.31,N,0
15-Aug,17638.12,0.06,1.55,2.19,2.91,0.08,5.1,1117.525,238.316,-0.14,2.4,293000,1132,122,2.75,18.44,N,0
15-Sep,17696.74,0.06,1.5,2.17,2.91,0.14,5,1124.905,237.945,-0.16,2.4,299500,1215,133,2.46,18.23,N,0
15-Oct,16528.03,0,1.37,2.04,2.85,0.13,5,1157.123,237.838,-0.04,1.9,298000,1062,339,2.36,18.2,N,0
15-Nov,16278.62,0.07,1.55,2.18,2.95,0.07,5.1,1088.388,237.336,-0.21,1.9,312600,1169,235,2.25,18.32,N,0
15-Dec,17672.62,0.21,1.67,2.23,3,0.13,5,1068.317,236.525,-0.34,1.9,297100,1157,280,2.13,17.44,N,0
16-Jan,17719.72,0.17,1.72,2.23,2.98,0.2,4.9,1095.655,236.916,0.17,1.6,288400,1114,90,2.03,18.09,N,0
16-Feb,17405.48,0.3,1.34,1.93,2.75,0.38,4.9,1194.893,237.111,0.08,1.6,305800,1208,232,1.83,18.03,N,0
16-Mar,16453.63,0.32,1.22,1.75,2.63,0.36,5,1246.312,238.132,0.43,1.6,303200,1115,234,2.02,17.33,N,0
16-Apr,16545.67,0.19,1.21,1.78,2.62,0.37,5,1241.452,239.261,0.47,1.3,318300,1160,211,2.2,17.72,N,0
16-May,17661.74,0.19,1.28,1.82,2.66,0.3,4.8,1259.755,240.229,0.41,1.3,295200,1131,15,2.32,17.76,N,0
16-Jun,17783.78,0.33,1.36,1.83,2.63,0.37,4.9,1273.58,241.018,0.33,1.3,311200,1191,282,2.42,17.73,N,0
16-Jul,17754.55,0.24,0.97,1.43,2.22,0.41,4.8,1337.429,240.628,-0.16,1.6,297400,1232,336,2.29,18.11,N,0
16-Aug,17924.24,0.26,1.06,1.49,2.23,0.4,4.9,1340.861,240.849,0.09,1.6,298900,1159,135,2.22,17.9,N,0
16-Sep,18434.5,0.32,1.2,1.59,2.25,0.4,5,1326.618,241.428,0.24,1.6,314800,1063,270,2.27,17.96,N,0
16-Oct,18396.57,0.27,1.16,1.6,2.32,0.29,4.9,1268.929,241.729,0.12,2,302800,1325,128,2.3,17.86,N,0
16-Nov,18279.6,0.34,1.32,1.85,2.6,0.41,4.7,1240.293,241.353,-0.16,2,315000,1150,170,2.25,17.75,N,0
16-Dec,18158.24,0.47,1.87,2.41,3.08,0.41,4.7,1152.165,241.432,0.03,2,327000,1287,215,2.29,18.18,N,0
17-Jan,19149.2,0.49,1.99,2.51,3.12,0.55,4.7,1192.648,242.839,0.58,2.1,315200,1221,252,2.41,17.67,N,0
17-Feb,19872.86,0.51,1.95,2.49,3.08,0.66,4.7,1233.39,243.603,0.31,2.1,298000,1292,141,2.36,17.77,N,0
17-Mar,19923.81,0.63,1.98,2.44,3.03,0.66,4.4,1231.063,243.801,0.08,2.1,321700,1179,127,2.39,17.1,N,0
17-Apr,20957.29,0.74,1.91,2.38,3.02,0.82,4.4,1267.15,244.524,0.3,2.2,311100,1152,213,2.48,17.28,N,0
17-May,20665.17,0.78,1.83,2.29,2.96,0.91,4.4,1245.25,244.733,0.09,2.2,323600,1124,128,2.45,17.25,N,0
17-Jun,20962.73,0.95,1.78,2.23,2.88,0.91,4.3,1261.277,244.955,0.09,2.2,315200,1232,229,2.4,17.21,N,0
17-Jul,21030.55,1,1.89,2.31,2.84,1.06,4.3,1235.1,244.786,-0.07,2.4,322900,1196,204,2.34,17.18,N,0
17-Aug,21392.3,1.06,1.85,2.31,2.91,1.16,4.4,1281.72,245.519,0.3,2.4,314200,1167,187,2.44,17.02,N,0
17-Sep,21961.42,0.98,1.71,2.13,2.74,1.16,4.2,1317.045,246.819,0.53,2.4,331500,1163,18,2.69,18.38,N,0
17-Oct,21981.77,1.03,1.94,2.34,2.87,1.06,4.1,1280.677,246.663,-0.06,2.8,319500,1261,260,2.55,18.2,N,0
17-Nov,22423.47,1.12,2.03,2.4,2.9,1.16,4.2,1283.189,246.669,0,2.8,343400,1299,220,2.61,17.86,N,0
17-Dec,23442.9,1.24,2.12,2.38,2.79,1.16,4.1,1265.674,246.524,-0.06,2.8,343300,1219,174,2.52,17.7,N,0
18-Jan,24305.4,1.39,2.23,2.43,2.77,1.42,4.1,1332.809,247.867,0.54,2.9,329600,1335,171,2.6,17.55,N,0
18-Feb,24809.35,1.43,2.54,2.74,2.96,1.42,4.1,1333.775,248.991,0.45,2.9,327200,1295,330,2.63,17.56,N,0
18-Mar,26083.04,1.61,2.61,2.83,3.1,1.42,4,1325.562,249.554,0.23,2.9,335400,1332,182,2.63,17.7,N,0
18-Apr,25024.04,1.68,2.59,2.76,2.99,1.67,3.9,1335.332,250.546,0.4,3.2,314400,1267,196,2.8,17.77,N,0
18-May,24076.6,1.82,2.81,2.97,3.13,1.7,3.8,1303.618,251.588,0.42,3.2,316700,1332,270,2.96,17.78,N,0
18-Jun,24117.29,1.87,2.74,2.9,3.06,1.7,4,1282.126,251.989,0.16,3.2,310500,1180,262,2.97,17.7,N,0
18-Jul,24542.09,1.88,2.71,2.83,2.97,1.91,3.9,1238.064,252.006,0.01,3.1,327500,1184,178,2.93,17.38,N,0
18-Aug,24161.53,1.98,2.87,2.99,3.11,1.91,3.8,1201.859,252.146,0.06,3.1,321400,1279,282,2.92,17.36,N,0
18-Sep,25461.63,2.06,2.74,2.87,3.04,1.92,3.7,1199.198,252.439,0.12,3.1,328300,1236,108,2.93,17.84,N,0
18-Oct,25916.07,2.16,2.97,3.09,3.23,2.18,3.8,1214.726,252.885,0.18,2.5,328300,1211,277,2.95,18,N,0
18-Nov,26598.36,2.28,2.99,3.16,3.42,2.2,3.7,1221.275,252.038,-0.33,2.5,308500,1202,196,2.73,17.88,N,0
18-Dec,25142.08,2.31,2.88,3.04,3.33,2.19,3.9,1249.887,251.233,-0.32,2.5,329700,1142,227,2.48,17.89,N,0
19-Jan,25779.57,2.4,2.49,2.65,2.99,2.4,4,1291.63,251.712,0.19,2.7,305400,1291,312,2.35,17.24,N,0
19-Feb,23058.61,2.34,2.44,2.63,2.99,2.4,3.8,1319.755,252.776,0.42,2.7,320800,1149,56,2.41,17.03,N,0
19-Mar,25025.31,2.39,2.54,2.74,3.1,2.4,3.8,1302.286,254.202,0.56,2.7,310600,1199,153,2.62,17.77,N,0
19-Apr,26019.67,2.34,2.27,2.44,2.85,2.41,3.6,1287.65,255.548,0.53,2.3,339000,1270,216,2.89,17.05,N,0
19-May,26075.1,2.37,2.29,2.5,2.93,2.45,3.6,1282.46,256.092,0.21,2.3,311000,1264,62,2.96,17.93,N,0
19-Jun,26639.06,2.28,1.89,2.11,2.57,2.38,3.7,1358.488,256.143,0.02,2.3,306000,1233,178,2.81,17.71,N,0
19-Jul,24830.16,2.06,1.78,2.03,2.54,2.39,3.7,1414.611,256.571,0.17,2.3,312800,1215,159,2.84,17.41,N,0
19-Aug,26805.86,2.02,1.85,2.03,2.53,2.14,3.7,1497.102,256.558,-0.01,2.3,312800,1364,130,2.72,17.5,N,0