 Sales Prices of New Homes in US,,,,Dow Jones Index,,,,,,,,Treasuries (Bonds),,,,,,,,,,
Date,Median,Average,Gold price,Open,High,Low,Close,Volume,GDP,,Fed_Interest,13-wk open,5-yr open,10-yr open,30-yr open,Unemployment,GasPrices,EarningsChange,CPI_urban,Inflation,vehicles_sold,Housing_starts
Jan-63,"$17,200 ",,,649.3,658.8,636.9,652.1,18241352,3.6,1/1/63,3,2.88,3.53,3.82,,5.7,,87,,0,,1244
Feb-63,"$17,700 ",,,652.1,686.9,643.6,682.9,23000752,3.6,2/1/63,3,2.94,3.66,3.88,,5.9,,115,,0,,1456
Mar-63,"$18,200 ",,,682.9,694.3,661.3,662.9,17846616,3.6,3/1/63,3,2.9,3.67,3.93,,5.7,,90,,0.33,,1534
Apr-63,"$18,200 ",,,662.9,687.4,656.7,682.5,16863158,3.8,4/1/63,3,2.9,3.7,3.95,,5.7,,260,,0,,1689
May-63,"$17,500 ",,,682.5,721.9,680.6,717.7,23975191,3.8,5/1/63,3,2.9,3.72,3.94,,5.9,,36,,0,,1641
Jun-63,"$18,000 ",,,717.7,730.4,708.2,727,23699997,3.8,6/1/63,3,3.03,3.81,3.98,,5.6,,43,,0.33,,1588
Jul-63,"$18,400 ",,,727,733,702.4,706.9,20431581,4.8,7/1/63,3,3,3.82,4.01,,5.6,,135,,0.33,,1614
Aug-63,"$17,800 ",,,706.9,719,684.4,695.4,17212782,4.8,8/1/63,3.5,3.25,3.87,3.99,,5.4,,116,,0,,1639
Sep-63,"$17,900 ",,,695.4,731.7,691.2,729.3,20672930,4.8,9/1/63,3.5,3.38,3.94,4.03,,5.5,,168,,0,,1763
Oct-63,"$17,600 ",,,729.3,753,728.6,732.8,24049622,5.2,10/1/63,3.5,3.37,3.93,4.07,,5.5,,205,,0.33,,1779
Nov-63,"$18,400 ",,,732.8,767.2,732.5,755.2,27599999,5.2,11/1/63,3.5,3.49,4.01,4.15,,5.7,,-28,,0,,1622
Dec-63,"$18,700 ",,,755.2,759.6,710.8,750.5,21200753,5.2,12/1/63,3.5,3.53,4.01,4.09,,5.5,,106,,0.32,,1491
Jan-64,"$17,800 ",,,750.5,773.1,746.8,763,22254135,6.2,1/1/64,3.25,3.53,4.07,4.14,,5.6,,126,,0,,1603
Feb-64,"$18,000 ",,,763,791.6,760.3,785.3,26305263,6.2,2/1/64,3.5,3.5,4.02,4.15,,5.4,,266,,0,,1820
Mar-64,"$19,000 ",,,785.3,803.5,778,800.1,19874436,6.2,3/1/64,3.5,3.58,4.1,4.17,,5.4,,144,,0,,1517
Apr-64,"$18,800 ",,,800.1,824.7,798.1,813.3,25660150,6.2,4/1/64,3.5,3.53,4.17,4.23,,5.3,,25,,0,,1448
May-64,"$19,300 ",,,813.3,831.6,807.2,810.8,27854887,6.2,5/1/64,3.5,3.46,4.12,4.22,,5.1,,167,,0,,1467
Jun-64,"$18,800 ",,,810.8,836.1,808.6,820.6,22364661,6.2,6/1/64,3.5,3.47,4.03,4.19,,5.2,,130,,0.32,,1550
Jul-64,"$19,100 ",,,820.6,835.9,796.9,831.5,21687969,5.5,7/1/64,3.5,3.48,4.01,4.15,,4.9,,193,,0.32,,1562
Aug-64,"$18,900 ",,,831.5,855.2,829.3,841.1,23140603,5.5,8/1/64,3.5,3.47,4.04,4.19,,5,,207,,-0.32,,1569
Sep-64,"$18,900 ",,,841.1,847.2,820.8,838.5,18559399,5.5,9/1/64,3.5,3.5,4.08,4.21,,5.1,,284,,0.32,,1455
Oct-64,"$18,900 ",,,838.5,880.2,836.6,875.4,24760150,5.2,10/1/64,3.5,3.55,4.05,4.18,,5.1,,-110,,0,,1524
Nov-64,"$19,300 ",,,875.4,886.3,861.4,873.1,24033833,5.2,11/1/64,3.5,3.55,4.04,4.15,,4.8,,425,,0.32,,1486
Dec-64,"$21,000 ",,,873.1,897,866.8,875.4,21121805,5.2,12/1/64,4,3.85,4.13,4.2,,5,,203,,0,,1484
Jan-65,"$20,700 ",,,875.4,881.4,850.2,874.1,23460903,5.5,1/1/65,4,3.81,4.12,4.2,,4.9,,161,,0,,1361
Feb-65,"$20,400 ",,,874.1,907.8,865.1,902.9,24615790,5.5,2/1/65,4,3.88,4.12,4.2,,5.1,,218,,0,,1433
Mar-65,"$19,800 ",,,902.9,911.8,877.5,903.5,25326318,5.5,3/1/65,4,3.97,4.16,4.22,,4.7,,203,,0.32,,1423
Apr-65,"$19,900 ",,,903.5,907.9,884.7,889.1,28157142,5.7,4/1/65,4.13,3.93,4.14,4.2,,4.8,,256,,0.32,,1438
May-65,"$19,600 ",,,889.1,925.4,886.8,922.3,26869175,5.7,5/1/65,4.13,3.9,4.16,4.21,,4.6,,232,,0,,1478
Jun-65,"$19,800 ",,,922.3,944.8,904.8,918,24854888,5.7,6/1/65,4.13,3.88,4.15,4.23,,4.6,,199,,0.64,,1488
Jul-65,"$21,000 ",,,918,921.9,832.7,868,28908273,6.3,7/1/65,4.13,3.82,4.15,4.2,,4.4,,275,,0,,1529
Aug-65,"$20,200 ",,,868,890,857.7,881.7,19206766,6.3,8/1/65,4.13,3.82,4.18,4.22,,4.4,,263,,0,,1432
Sep-65,"$19,600 ",,,881.7,901.9,874.8,893.1,24602257,6.3,9/1/65,3.75,3.89,4.23,4.28,,4.3,,262,,0,,1482
Oct-65,"$19,900 ",,,893.1,945,887,930.6,35003005,8.5,10/1/65,4.13,4,4.34,4.36,,4.2,,229,,0.32,,1452
Nov-65,"$20,600 ",,,930.6,967.5,923.2,960.8,37012780,8.5,11/1/65,4.13,4.07,4.43,4.43,,4.1,,277,,0,,1460
Dec-65,"$20,300 ",,,960.8,970,937.2,946.7,33182708,8.5,12/1/65,4.13,4.13,4.52,4.52,,4,,326,,0.32,,1656
Jan-66,"$21,200 ",,,946.7,976.6,924.4,969.3,43093986,8.5,1/1/66,4.63,4.51,4.88,4.63,,4,,207,,0,,1370
Feb-66,"$20,900 ",,,969.3,1000.6,961.9,983.5,41257894,8.5,2/1/66,4.25,4.66,4.94,4.69,,3.8,,267,,0.63,,1378
Mar-66,"$20,800 ",,,983.5,1001.1,946.1,951.9,37396240,8.5,3/1/66,4.63,4.65,5.02,5.01,,3.8,,396,,0.31,,1394
Apr-66,"$23,000 ",,,951.9,955.2,905.4,924.8,43163908,7.5,4/1/66,4.75,4.5,4.81,4.7,,3.8,,245,,0.62,,1352
May-66,"$22,300 ",,,924.8,961.9,921.8,933.7,41990978,7.5,5/1/66,4.63,4.65,4.86,4.8,,3.9,,275,,0,,1265
Jun-66,"$21,200 ",,,933.7,939.6,859.1,884.1,38636842,7.5,6/1/66,4.25,4.63,5.02,4.79,,3.8,,399,,0.31,,1194
Jul-66,"$21,800 ",,,884.1,910.4,858.9,870.1,31680452,6,7/1/66,5.5,4.64,5.11,4.99,,3.8,,190,,0.31,,1086
Aug-66,"$20,700 ",,,870.1,901.2,843.8,847.4,27024812,6,8/1/66,5.63,4.75,5.26,5.05,,3.8,,206,,0.62,,1119
Sep-66,"$22,200 ",,,846.6,860.6,759.5,788.4,36638347,6,9/1/66,5.88,5.08,5.63,5.3,,3.7,,136,,0,,1046
Oct-66,"$20,800 ",,,788.4,822.9,763.4,774.2,27074433,4.5,10/1/66,5.75,5.33,5.37,5.08,,3.7,,211,,0.61,,843
Nov-66,"$21,700 ",,,774.2,816.6,735.7,807.1,32979700,4.5,11/1/66,6,5.27,5.26,4.99,,3.6,,165,,0,,961
Dec-66,"$21,700 ",,,807.1,827.3,784.8,791.6,32882708,4.5,12/1/66,5.5,5.16,5.25,5.09,,3.8,,180,,0,,990
Jan-67,"$22,200 ",,,791.6,827.2,779.3,785.7,37233834,2.9,1/1/67,5,4.84,4.84,4.69,,3.9,,208,33.8,0,,1067
Feb-67,"$22,400 ",,,785.7,857,776.2,849.9,46784212,2.9,2/1/67,4,4.5,4.68,4.52,,3.8,,22,33.8,0,,1123
Mar-67,"$22,400 ",,,849.9,871.7,828,839.4,41266919,2.9,3/1/67,3.75,4.45,4.7,4.66,,3.8,,101,33.8,0.3,,1056
Apr-67,"$22,300 ",,,839.4,883.4,835.3,866,50670678,2.6,4/1/67,4.5,3.97,4.42,4.5,,3.8,,-64,34,0.3,,1091
May-67,"$23,700 ",,,866,903.7,839,897.1,42327067,2.6,5/1/67,4,3.75,4.7,4.77,,3.8,,154,34,0.3,,1304
Jun-67,"$23,900 ",,,897.1,915.9,850.4,852.6,49267670,2.6,6/1/67,4,3.4,4.72,4.81,,3.9,,130,34,0.3,,1248
Jul-67,"$23,300 ",,,852.6,892.8,836.9,860.3,47952630,2.7,7/1/67,3.5,4.1,5.36,5.22,,3.8,,138,34.2,0.3,,1364
Aug-67,"$21,700 ",,,860.3,918.7,853.2,904.2,48886464,2.7,8/1/67,3.75,4.16,5.18,5.18,,3.8,,255,34.2,0.3,,1407
Sep-67,"$22,800 ",,,904.2,933.1,887.8,901.3,46872179,2.7,9/1/67,4,4.34,5.32,5.25,,3.8,,21,34.2,0.3,,1421
Oct-67,"$22,300 ",,,901.3,951.6,894.2,926.7,46231579,2.7,10/1/67,3.75,4.4,5.43,5.35,,4,,61,34.5,0.3,,1491
Nov-67,"$23,100 ",,,926.7,940.4,876.2,879.7,50702258,2.7,11/1/67,4.13,4.58,5.76,5.7,,3.9,,478,34.5,0.3,,1538
Dec-67,"$22,200 ",,,879.7,894.9,839.4,875.8,47690978,2.7,12/1/67,4.5,5.01,5.82,5.78,,3.8,,197,34.5,0.3,,1308
Jan-68,"$23,400 ",,,875.8,910.4,868.8,905.1,51757895,3.8,1/1/68,4.5,5.04,5.68,5.63,,3.7,,-96,34.9,0.59,,1380
Feb-68,"$23,500 ",,,905.1,921.9,850.5,855.5,59271429,3.8,2/1/68,4.75,4.84,5.6,5.58,,3.8,,411,34.9,0.29,,1520
Mar-68,"$24,600 ",,,855.5,871.3,826.5,840.5,39333835,3.8,3/1/68,4.75,5.01,5.57,5.56,,3.7,,80,34.9,0.29,,1466
Apr-68,"$24,500 ",,,840.5,854.3,817.6,840.7,43445864,5.5,4/1/68,5.5,5.13,5.64,5.64,,3.5,,261,35.4,0.29,,1554
May-68,"$25,300 ",,,849.2,918.1,849.2,912.2,66636089,5.5,5/1/68,6.38,5.48,5.92,5.73,,3.5,,96,35.4,0.29,,1408
Jun-68,"$25,400 ",,,912.2,935.7,885.5,899,65860152,5.5,6/1/68,6.13,5.65,5.91,5.79,,3.7,,253,35.4,0.58,,1405
Jul-68,"$24,600 ",,,899,924.9,891.5,897.8,58035337,5.3,7/1/68,6.13,5.3,5.77,5.62,,3.7,,221,35.9,0.58,,1512
Aug-68,"$25,000 ",,,897.8,933.8,877,883,54687971,5.3,8/1/68,6,4.97,5.47,5.38,,3.5,,204,35.9,0.29,,1495
Sep-68,"$25,000 ",,,883,902.4,863.3,896,43752632,5.3,9/1/68,5.75,5.18,5.46,5.41,,3.4,,154,35.9,0.29,,1556
Oct-68,"$25,600 ",,,896,945.9,892.6,935.8,51496241,5,10/1/68,6,5.16,5.48,5.49,,3.4,,237,36.3,0.57,,1569
Nov-68,"$24,600 ",,,935.8,974.3,932.9,952.4,61398496,5,11/1/68,6,5.46,5.56,5.61,,3.4,,263,36.3,0.28,,1630
Dec-68,"$26,500 ",,,952.4,989.6,936.5,985.1,56808271,5,12/1/68,6,5.61,5.85,5.89,,3.4,,264,36.3,0.28,,1548
Jan-69,"$24,600 ",,,985.1,994.7,936.7,943.8,60333836,4.5,1/1/69,4,6.14,6.29,6.04,,3.4,,191,36.8,0.28,,1769
Feb-69,"$26,000 ",,,943.8,960.2,915.5,946.1,60135337,4.5,2/1/69,6.38,6.19,6.32,6.22,,3.4,,260,36.8,0.56,,1705
Mar-69,"$26,200 ",,,946.1,959.2,895.4,905.2,46802257,4.5,3/1/69,7,6.17,6.45,6.25,,3.4,,206,36.8,0.84,,1561
Apr-69,"$25,900 ",,,905.2,941.4,895.8,935.5,44912030,3.1,4/1/69,6.63,5.99,6.32,6.25,,3.4,,167,37.5,0.55,,1524
May-69,"$26,900 ",,,935.5,956.3,908.8,950.2,53442859,3.1,5/1/69,8.25,5.92,6.46,6.25,,3.4,,256,37.5,0.28,,1583
Jun-69,"$25,200 ",,,950.2,974.9,928.6,937.6,57875187,3.1,6/1/69,9.38,6.12,6.69,6.56,,3.5,,308,37.5,0.55,,1528
Jul-69,"$26,800 ",,,937.6,938.7,862.5,873.2,53036840,3,7/1/69,8.75,6.67,7.02,6.75,,3.5,,93,38,0.55,,1368
Aug-69,"$24,900 ",,,873.2,893.9,788.1,815.5,51484962,3,8/1/69,9.5,7,6.98,6.66,,3.5,,279,38,0.54,,1358
Sep-69,"$26,000 ",,,815.6,843.7,800.6,836.7,45491729,3,9/1/69,9.75,7.03,7.17,6.87,,3.7,,-94,38,0.27,,1507
Oct-69,"$24,400 ",,,836.7,846,804.5,813.1,49432331,2,10/1/69,8,7.17,8.04,7.52,,3.7,,207,38.6,0.54,,1381
Nov-69,"$24,900 ",,,813.1,868,794,856,69949622,2,11/1/69,9,6.97,7.29,6.9,,3.5,,-35,38.6,0.54,,1229
Dec-69,"$25,100 ",,,856,871.8,800.4,812.3,48180452,2,12/1/69,9.63,7.5,7.56,7.29,,3.5,,155,38.6,0.53,,1327
Jan-70,"$23,600 ",,35.2,812.3,816.4,764.5,800.4,61432330,0.3,1/1/70,5,7.92,8.19,7.86,,3.9,,-65,39.4,0.27,,1085
Feb-70,"$24,100 ",,34.99,800.4,819.2,739.1,744.1,49869922,0.3,2/1/70,9.38,7.72,8.18,7.65,,4.2,,129,39.4,0.53,,1305
Mar-70,"$24,100 ",,35.02,744.1,784.2,738.8,777.6,51514289,0.3,3/1/70,8.5,6.87,7.43,6.95,,4.4,,146,39.4,0.53,,1319
Apr-70,"$24,200 ",,35.3,777.6,803.3,758,785.6,48018046,0.2,4/1/70,8,6.34,7.18,7.04,,4.6,,-103,39.9,0.79,,1264
May-70,"$25,700 ",,35.85,785.6,798.8,716.7,736.1,50327819,0.2,5/1/70,8.63,6.84,7.98,7.85,,4.8,,-224,39.9,0.26,,1290
Jun-70,"$23,800 ",,35.45,736.1,740.8,627.5,700.4,58245113,0.2,6/1/70,7.75,6.85,7.73,7.84,,4.9,,-95,39.9,0.52,,1385
Jul-70,"$22,900 ",,35.49,700.4,728.2,674.9,683.5,51072182,0.4,7/1/70,7,6.48,7.69,7.64,,5,,24,40.5,0.52,,1517
Aug-70,"$23,500 ",,35.3,683.5,743.4,665.3,734.1,51369922,0.4,8/1/70,6.75,6.4,7.6,7.39,,5.1,,-116,40.5,0,,1399
Sep-70,"$22,600 ",,35.8,734.1,772,702.8,764.6,49328572,0.4,9/1/70,6.75,6.39,7.43,7.47,,5.4,,7,40.5,0.51,,1534
Oct-70,"$22,100 ",,36.4,764.6,778.3,741.5,760.7,68411281,-0.2,10/1/70,6.5,5.86,7.19,7.29,,5.5,,-423,41.1,0.51,,1580
Nov-70,"$23,500 ",,37.25,760.7,791.1,746.7,755.6,58955638,-0.2,11/1/70,6.13,5.69,6.95,7.24,,5.9,,-112,41.1,0.51,,1647
Dec-70,"$22,300 ",,37.54,755.6,797.5,749.5,794.1,51945112,-0.2,12/1/70,5.63,4.98,6,6.48,,6.1,,383,41.1,0.51,,1893
Jan-71,"$23,900 ",,37.38,794.1,848.2,787.5,838.9,75618045,2.7,1/1/71,3,4.89,5.98,6.46,,5.9,,73,41.6,0,,1828
Feb-71,"$24,500 ",,38.05,838.9,873.8,826.5,868.5,78606767,2.7,2/1/71,4.38,4.12,5.79,6.09,,5.9,,-58,41.6,0.25,,1741
Mar-71,"$24,300 ",,38.8,868.5,898.1,862,878.8,83727065,2.7,3/1/71,3.63,3.36,5.35,6.12,,6,,53,41.6,0.25,,1910
Apr-71,"$25,800 ",,38.88,878.8,922.3,873.2,904.4,87942855,3.1,4/1/71,4,3.65,5.16,5.58,,5.9,,176,42.2,0.25,,1986
May-71,"$25,500 ",,39.7,904.4,958.1,897.5,941.8,90581955,3.1,5/1/71,4.25,3.84,6.09,6.15,,5.9,,211,42.2,0.5,,2049
Jun-71,"$26,100 ",,40.84,941.8,948.9,898.6,907.8,69329323,3.1,6/1/71,4.75,4.36,6.27,6.36,,5.9,,7,42.2,0.74,,2026
Jul-71,"$25,200 ",,40.1,907.8,929.6,866.3,891.1,68478947,3,7/1/71,5.25,5.21,6.83,6.69,,6,,61,42.5,0.25,,2083
Aug-71,"$25,300 ",,42.4,891.1,908.8,854.4,858.4,59828572,3,8/1/71,5.5,5.24,6.94,6.86,,6.1,,58,42.5,0.25,,2158
Sep-71,"$25,400 ",,40.65,858.4,917.8,834.9,898.1,72297746,3,9/1/71,5.75,4.5,6.09,6.22,,6,,241,42.5,0,,2041
Oct-71,"$25,600 ",,42.6,898.1,925.7,877.5,887.2,57004509,4.4,10/1/71,5.38,4.55,6.04,6,,5.8,,28,42.8,0.25,,2128
Nov-71,"$25,700 ",,42.34,887.2,910.6,827.8,839,63175938,4.4,11/1/71,5.13,4.26,5.75,5.8,,6,,205,42.8,0,,2182
Dec-71,"$25,300 ",,43.6,839,855.2,790.7,831.3,62348122,4.4,12/1/71,3.75,4.31,5.8,5.92,,6,,262,42.8,0.49,,2295
Jan-72,"$24,700 ",,43.55,831.3,902.5,831.1,890.2,85190979,3.5,1/1/72,3,3.69,5.55,5.94,,5.8,,332,43.3,0,,2494
Feb-72,"$26,500 ",,47.15,890.2,924,882.8,902.2,85599248,3.5,2/1/72,3.25,3.43,5.78,6.09,,5.7,,207,43.3,0.49,,2390
Mar-72,"$27,400 ",,48.2,902.2,933.3,894.3,928.1,84870677,3.5,3/1/72,3.25,3.47,5.66,6.04,,5.8,,296,43.3,0.24,,2334
Apr-72,"$26,700 ",,48.38,928.1,957,924.1,940.7,91048873,5.3,4/1/72,4,3.79,6.15,6.14,,5.7,,218,43.6,0.24,,2249
May-72,"$27,000 ",,49.6,940.7,977.7,933.6,954.2,83005263,5.3,5/1/72,4.25,3.62,5.85,6.14,,5.7,,307,43.6,0.24,,2221
Jun-72,"$26,800 ",,59.45,954.2,979.5,917.4,960.7,75755634,5.3,6/1/72,4.44,3.83,5.82,6.07,,5.7,,289,43.6,0.24,,2254
Jul-72,"$27,700 ",,64.65,960.7,967.7,917.8,929,70942106,5.4,7/1/72,4.5,4.14,6,6.14,,5.6,,-49,44.1,0.48,,2252
Aug-72,"$28,100 ",,68.3,929,955.5,900.1,924.7,65165414,5.4,8/1/72,4.63,3.79,5.98,6.14,,5.6,,432,44.1,0.24,,2382
Sep-72,"$28,000 ",,66.88,924.7,980.4,922,963.7,80510524,5.4,9/1/72,5.19,4.54,6.2,6.43,,5.5,,123,44.1,0.24,,2481
Oct-72,"$28,900 ",,64.2,963.7,977.4,927.2,953.3,55531579,6.9,10/1/72,4.88,4.51,6.17,6.54,,5.6,,410,44.5,0.48,,2485
Nov-72,"$29,100 ",,64.39,953.3,964.1,917.1,955.5,71571429,6.9,11/1/72,5.5,4.75,6.2,6.39,,5.3,,299,44.5,0.24,,2421
Dec-72,"$29,700 ",,63.6,955.5,1029.7,955.3,1018.2,91481954,6.9,12/1/72,5.25,4.9,6.12,6.29,,5.2,,295,44.5,0.24,,2366
Jan-73,"$29,900 ",,64.9,1018.2,1042.4,996.1,1020,77758647,7.6,1/1/73,5.5,5.22,6.29,6.43,,4.9,,349,45.4,0.24,,2481
Feb-73,"$29,700 ",,66,1022.9,1067.2,988.1,999,88815788,7.6,2/1/73,6.44,5.76,6.56,6.6,,5,,397,45.4,0.7,,2289
Mar-73,"$31,400 ",,85,999,1019.9,938.8,955.1,71772181,7.6,3/1/73,7,5.79,6.72,6.65,,4.9,,270,45.4,0.93,,2365
Apr-73,"$32,800 ",,90,955.1,985.3,911.1,951,77458646,6.3,4/1/73,7.38,6.46,6.81,6.74,,5,,171,46.3,0.69,,2084
May-73,"$32,000 ",,90.72,951,975.3,907.5,921.4,62704513,6.3,5/1/73,7.88,6.29,6.77,6.72,,4.9,,193,46.3,0.69,,2266
Jun-73,"$33,100 ",,114.75,921.4,965.2,875.5,901.4,76073685,6.3,6/1/73,8.44,6.97,6.78,6.96,,4.9,,239,46.3,0.68,,2067
Jul-73,"$34,200 ",,123.25,901.4,935.6,864.5,891.7,60609020,4.8,7/1/73,8.88,7.9,7,7.01,,4.8,,26,47.2,0.23,,2123
Aug-73,"$33,200 ",,115.6,890.2,944.1,863.9,926.4,69424061,4.8,8/1/73,8.74,8.38,7.94,7.55,,4.8,,255,47.2,1.81,,2051
Sep-73,"$33,200 ",,103.5,924.4,924.4,845.5,887.6,61908269,4.8,9/1/73,11.22,8.78,7.22,7.21,,4.8,,108,47.2,0.22,,1874
Oct-73,"$33,300 ",,100,887.6,964.6,873.3,947.1,74226314,4,10/1/73,10.9,7.06,6.75,6.91,,4.6,,331,48.5,0.88,,1677
Nov-73,"$34,000 ",,98,947.1,997.6,937.7,956.6,95390979,4,11/1/73,9.88,7.48,6.83,6.71,,4.8,,313,48.5,0.66,,1724
Dec-73,"$35,700 ",,101,956.6,963.8,810.4,822.3,90203006,4,12/1/73,10.34,7.12,6.84,6.69,,4.9,,111,48.5,0.65,,1526
Jan-74,"$34,200 ",,112.25,820.5,861.1,783.6,850.9,86702258,0.6,1/1/74,9.83,7.52,6.86,6.94,,5.1,,69,50.2,0.87,,1451
Feb-74,"$34,900 ",,132.5,850.9,890.4,816.6,855.6,81913535,0.6,2/1/74,9.31,7.31,6.85,7,,5.2,,154,50.2,1.29,,1752
Mar-74,"$36,000 ",,162.5,855.6,871.4,795.7,860.5,57927068,0.6,3/1/74,8.97,7.54,7.06,7.08,,5.1,,42,50.2,1.27,,1555
Apr-74,"$35,700 ",,173,860.5,904,841.8,846.7,69834586,-0.2,4/1/74,10.01,8.31,7.67,7.42,,5.1,,86,51.3,0.42,,1607
May-74,"$35,700 ",,169.25,846.7,875.9,818.7,836.8,57354135,-0.2,5/1/74,10.57,8.77,8.16,7.62,,5.1,,167,51.3,1.25,,1426
Jun-74,"$35,100 ",,156.75,836.8,870.4,788.8,802.2,62063907,-0.2,6/1/74,11.64,8.09,8.11,7.53,,5.4,,55,51.3,0.82,,1513
Jul-74,"$36,800 ",,144.25,802.2,865.5,796.5,802.4,55339850,-0.6,7/1/74,14.33,7.28,8.38,7.65,,5.5,,32,52.9,0.82,,1316
Aug-74,"$35,700 ",,156,802.4,812,753.1,757.4,61824812,-0.6,8/1/74,12.25,7.94,8.57,7.92,,5.5,,-17,52.9,1.21,,1142
Sep-74,"$36,200 ",,156,757.4,803.4,651.6,678.6,63180451,-0.6,9/1/74,11.6,9.41,8.65,8.11,,5.9,,-9,52.9,1.2,,1150
Oct-74,"$37,200 ",,151.25,678.6,686.5,598.8,607.9,63169172,-1.9,10/1/74,11.3,6.69,8.11,7.97,,6,,20,54.1,0.99,,1070
Nov-74,"$37,300 ",,167,607.9,689.3,573.2,665.5,85060152,-1.9,11/1/74,9.65,7.78,7.95,7.8,,6.6,,-365,54.1,0.78,,1026
Dec-74,"$37,400 ",,184,665.5,692.8,599.8,618.7,64689473,-1.9,12/1/74,9.47,7.31,7.6,7.71,,7.2,,-613,54.1,0.78,,975
Jan-75,"$37,200 ","$39,500 ",186.5,616.1,619.8,570,616.2,71086468,-2.3,1/1/75,8.55,6.9,7.34,7.42,,8.1,,-359,54.7,0.39,,1032
Feb-75,"$37,900 ","$40,600 ",175.8,619.1,717.3,619.1,703.7,97567672,-2.3,2/1/75,6.76,5.66,7.25,7.49,,8.1,,-375,54.7,0.77,,904
Mar-75,"$38,800 ","$42,100 ",181.75,703.7,757.4,695.2,739.1,95557894,-2.3,3/1/75,6.07,5.59,7.2,7.5,,8.6,,-270,54.7,0.38,,993
Apr-75,"$39,200 ","$42,000 ",177.25,739.1,796.9,731.5,768.2,102318047,-1.8,4/1/75,5.48,5.64,7.65,8.08,,8.8,,-188,55.5,0.38,,1005
May-75,"$39,500 ","$43,200 ",167,768.2,835.2,736.6,821.3,101808271,-1.8,5/1/75,5.55,5.5,8.13,8.31,,9,,164,55.5,0.57,,1121
Jun-75,"$37,900 ","$42,500 ",167,821.3,868.6,808,832.3,103193234,-1.8,6/1/75,5.23,5.25,7.62,8.02,,8.8,,-103,55.5,0.75,,1087
Jul-75,"$38,600 ","$42,300 ",166.25,835.7,884.6,811.2,879,100827067,0.8,7/1/75,6.12,6.02,7.85,7.97,,8.6,,249,56.6,1.12,,1226
Aug-75,"$38,200 ","$41,200 ",166.7,879,888.9,819.2,831.5,99627067,0.8,8/1/75,6.24,6.35,8.18,8.26,,8.4,,383,56.6,0.18,,1260
Sep-75,"$39,700 ","$43,400 ",159.8,831.5,844,785.8,835.3,63489473,0.8,9/1/75,6.13,6.42,8.2,8.26,,8.4,,75,56.6,0.55,,1264
Oct-75,"$40,700 ","$43,900 ",141.25,835.3,849,789.7,793.9,62057143,2.6,10/1/75,6.24,6.53,8.4,8.47,,8.4,,312,57.6,0.55,,1344
Nov-75,"$41,100 ","$43,700 ",142.9,793.9,859.6,780.5,836,82452633,2.6,11/1/75,5.65,5.57,7.75,7.97,,8.3,,145,57.6,0.73,,1360
Dec-75,"$42,100 ","$45,900 ",138.15,836,865.8,821.1,860.7,71912031,2.6,12/1/75,5.31,5.55,7.87,8.12,,8.2,,332,57.6,0.36,,1321
Jan-76,"$41,600 ","$45,300 ",140.25,860.7,866.1,812.8,852.4,78715037,6.2,1/1/76,5.37,5.2,7.54,7.77,,7.9,,486,58.1,0.18,12.814,1367
Feb-76,"$42,700 ","$45,900 ",128.15,852.4,986,848.6,975.3,143420299,6.2,2/1/76,4.84,4.8,7.44,7.8,,7.7,,313,58.1,0.36,13.34,1538
Mar-76,"$43,600 ","$46,800 ",132.3,975.3,1002.8,946.2,972.6,134465414,6.2,3/1/76,5.21,5.2,7.57,7.86,,7.6,,232,58.1,0.18,13.378,1421
Apr-76,"$43,300 ","$46,800 ",129.6,972.6,1018,964.2,999.5,119458647,6.2,4/1/76,4.83,5.01,7.44,7.68,,7.7,,244,58.9,0.36,13.223,1395
May-76,"$43,600 ","$47,500 ",128.4,999.5,1017.7,963,996.9,88479698,6.2,5/1/76,5.1,4.88,7.36,7.69,,7.4,,20,58.9,0.71,12.962,1459
Jun-76,"$46,100 ","$49,200 ",125.5,995.8,1015.8,955.8,975.2,80280452,6.2,6/1/76,5.58,5.55,7.71,7.94,,7.6,,64,58.9,0.53,13.051,1495
Jul-76,"$44,600 ","$48,000 ",123.8,975.2,1012.9,951.7,1002.8,94112031,5,7/1/76,5.58,5.36,7.59,7.88,,7.8,,171,59.6,0.53,13.466,1401
Aug-76,"$44,200 ","$48,500 ",112.5,1002.8,1017.9,974.2,984.6,88818046,5,8/1/76,5.32,5.11,7.54,7.85,,7.8,,157,59.6,0.53,12.953,1550
Sep-76,"$44,700 ","$48,200 ",104,984.6,1004.7,954.1,973.7,78198496,5,9/1/76,5.25,5.09,7.14,7.64,,7.6,,188,59.6,0.35,13.61,1720
Oct-76,"$45,300 ","$50,400 ",116,973.7,1026.3,971.2,990.2,93552630,4.3,10/1/76,5.32,5.04,6.95,7.49,,7.7,,19,60.1,0.52,12.823,1629
Nov-76,"$45,800 ","$50,000 ",123.15,990.2,995.6,928.3,964.9,81516540,4.3,11/1/76,5.04,4.84,6.7,7.38,,7.8,,329,60.1,0.17,13.332,1641
Dec-76,"$45,900 ","$50,600 ",130.25,964.9,972,917.9,947.2,85944362,4.3,12/1/76,4.67,4.41,6.02,6.97,,7.8,,208,60.1,0.34,14.527,1804
Jan-77,"$45,500 ","$50,700 ",134.5,947.2,1006.8,942.2,1004.7,120575190,3.2,1/1/77,4.17,4.39,6.16,6.84,,7.5,,242,61.3,0.52,14.396,1527
Feb-77,"$47,400 ","$52,600 ",132.3,1004.7,1007.8,944.9,954.4,113147368,3.2,2/1/77,4.58,4.74,6.91,7.41,7.7,7.6,,298,61.3,1.03,14.709,1943
Mar-77,"$46,200 ","$51,600 ",142.75,954.4,963.8,926,936.4,89873684,3.2,3/1/77,4.7,4.7,6.99,7.49,7.84,7.4,,403,61.3,0.68,15.17,2063
Apr-77,"$48,700 ","$54,600 ",148.9,936.4,971.6,914.2,919.1,98050377,4.5,4/1/77,4.72,4.54,6.92,7.43,7.78,7.2,,337,62.4,0.84,15.135,1892
May-77,"$49,300 ","$54,400 ",147.25,919.6,956.1,909.7,926.9,90915789,4.5,5/1/77,5.12,4.75,6.94,7.45,7.8,7,,360,62.4,0.5,14.984,1971
Jun-77,"$48,700 ","$53,900 ",142.95,926.9,949.5,892.6,898.7,96049625,4.5,6/1/77,5.24,5.04,6.87,7.38,7.75,7.2,,400,62.4,0.66,14.952,1893
Jul-77,"$48,600 ","$53,600 ",143,898.7,934.4,896.5,916.3,109432330,5.8,7/1/77,5.36,5.02,6.71,7.34,7.58,6.9,,346,62.9,0.49,14.641,2058
Aug-77,"$49,000 ","$54,300 ",144.1,916.3,927.8,878.8,890.1,102063159,5.8,8/1/77,5.84,5.35,7.02,7.43,7.7,7,,241,62.9,0.33,14.859,2020
Sep-77,"$48,500 ","$53,900 ",146,890.1,900,844.4,861.5,97815788,5.8,9/1/77,6.06,5.56,6.97,7.3,7.61,6.8,,457,62.9,0.33,14.65,1949
Oct-77,"$51,400 ","$57,200 ",154.05,861.5,879.8,830.3,847.1,86542105,5,10/1/77,6.46,5.95,7.13,7.41,7.7,6.8,,268,63.5,0.33,14.9,2042
Nov-77,"$51,800 ","$57,800 ",161.5,847.1,855.6,792.8,818.4,93263913,5,11/1/77,6.65,6.22,7.47,7.63,7.86,6.8,,373,63.5,0.49,14.799,2042
Dec-77,"$52,700 ","$57,600 ",160.05,816,850.1,794.5,829.7,111581956,5,12/1/77,6.52,6.03,7.38,7.58,7.85,6.4,,237,63.5,0.32,15.175,2142
Jan-78,"$52,300 ","$58,500 ",164.95,829.7,835.2,800.4,831.2,101722556,4.1,1/1/78,6.53,6.18,7.58,7.83,8.08,6.4,0.631,184,64.1,0.64,13.704,1718
Feb-78,"$53,200 ","$59,100 ",175.75,830.5,830.5,759.4,769.9,96572931,4.1,2/1/78,7.18,6.41,7.74,7.96,8.2,6.3,0.629,354,64.1,0.64,14.363,1738
Mar-78,"$53,200 ","$59,900 ",182.25,769.9,787.4,739.2,742.1,83142856,4.1,3/1/78,6.86,6.42,7.87,8.05,8.26,6.3,0.629,512,65.1,0.79,15.166,2032
Apr-78,"$53,300 ","$59,300 ",181.6,742.1,777.8,736.8,757.4,112236092,6.1,4/1/78,6.97,6.31,7.96,8.13,8.32,6.1,0.631,702,65.1,0.79,16.198,2197
May-78,"$55,700 ","$62,300 ",170.85,756.7,846.2,747.1,837.3,156902257,6.1,5/1/78,7.27,6.31,8.08,8.24,8.38,6,0.637,347,66.2,0.94,16.298,2075
Jun-78,"$56,700 ","$63,200 ",184.15,837.3,865.6,813.8,840.6,174981203,6.1,6/1/78,7.48,6.61,8.27,8.41,8.5,5.9,0.645,441,66.2,1.09,16.348,2070
Jul-78,"$54,800 ","$62,900 ",183.05,840.6,879.3,808,819,150290977,5.2,7/1/78,8.01,6.95,8.48,8.59,8.6,6.2,0.655,254,66.9,0.77,15.528,2092
Aug-78,"$56,100 ","$63,000 ",200.25,819,866.3,800.9,862.3,122140603,5.2,8/1/78,7.97,6.88,8.44,8.54,8.55,5.9,0.663,279,66.9,0.46,16.045,1996
Sep-78,"$57,300 ","$64,400 ",208.7,862.3,911.2,855.3,876.8,195101505,5.2,9/1/78,8.33,7.7,8.42,8.38,8.45,6,0.669,138,67.8,0.76,14.641,1970
Oct-78,"$58,300 ","$65,700 ",217.1,876.8,917.2,850.9,865.8,151644360,6.7,10/1/78,8.9,7.98,8.53,8.58,8.63,5.8,0.671,335,67.8,0.9,15.845,1981
Nov-78,"$58,700 ","$66,300 ",242.6,865.8,909.4,782.1,792.5,153911276,6.7,11/1/78,9.87,8.85,8.77,8.66,8.66,5.9,0.676,435,68.5,0.45,15.484,2094
Dec-78,"$59,900 ","$67,400 ",193.4,805.5,831.7,779.1,799,116077443,6.7,12/1/78,9.95,8.85,8.81,8.8,8.73,6,0.685,280,68.5,0.45,15.338,2044
Jan-79,"$60,300 ","$67,700 ",226,802,829.9,781,805,111076692,6.5,1/1/79,10.84,9.41,9.33,9.18,8.99,5.9,0.695,137,69.9,0.89,15.061,1630
Feb-79,"$61,200 ","$68,700 ",233.7,805,865,798.5,839.2,138886467,6.5,2/1/79,10.05,9.25,8.95,8.94,8.85,5.9,0.707,247,69.9,1.17,15.321,1520
Mar-79,"$60,400 ","$68,500 ",251.3,839.2,844,802.2,808.8,107303007,6.5,3/1/79,10.05,9.4,9.28,9.17,9.09,5.8,0.733,424,71.1,1.01,15.275,1847
Apr-79,"$62,600 ","$71,000 ",240.1,808.8,877,807.3,862.2,146571426,2.7,4/1/79,10.07,9.54,9.2,9.11,9.02,5.8,0.78,-62,71.1,1.15,14.742,1748
May-79,"$62,800 ","$71,800 ",245.3,859.9,884.6,847.3,854.9,139996242,2.7,5/1/79,10.38,9.5,9.35,9.36,9.21,5.6,0.823,372,72.5,1.27,14.374,1876
Jun-79,"$64,200 ","$74,300 ",274.6,854.9,863.2,815.1,822.3,140693231,2.7,6/1/79,10.24,9.52,9.01,9.05,9.07,5.7,0.88,319,72.5,1.12,12.744,1913
Jul-79,"$63,800 ","$71,900 ",277.5,822.3,853.1,817.7,842,172218497,2.4,7/1/79,10.54,8.93,8.7,8.76,8.8,5.7,0.93,109,73.8,1.11,14.112,1760
Aug-79,"$64,000 ","$74,000 ",296.45,840.6,857,818,846.4,153550376,2.4,8/1/79,10.75,9.16,8.96,8.99,8.97,6,0.967,83,73.8,0.96,14.344,1778
Sep-79,"$66,000 ","$76,800 ",315.1,846.4,893.6,839.1,887.6,186101504,2.4,9/1/79,11.29,10.02,9.42,9.32,9.14,5.9,0.998,27,75.4,1.08,14.292,1832
Oct-79,"$62,300 ","$71,500 ",397.25,887.6,902.1,857.9,878.6,161039098,1.3,10/1/79,12.06,10.15,9.55,9.51,9.32,6,1.006,154,75.4,0.8,13.112,1681
Nov-79,"$63,900 ","$74,200 ",382,877.7,904.9,796,815.7,193518045,1.3,11/1/79,15.26,12.06,11.26,10.79,10.3,5.9,1.019,92,76.6,0.93,13.025,1524
Dec-79,"$61,500 ","$72,600 ",415.65,815.7,838.6,792.2,822.4,147439849,1.3,12/1/79,13.96,11.83,10.48,10.44,10.11,6,1.042,99,76.6,1.05,13.496,1498
Jan-80,"$62,900 ","$72,400 ",512,822.4,851.5,814.8,838.7,160197743,1.4,1/1/80,14.77,12.17,10.52,10.5,10.23,6.3,1.11,128,78.6,1.43,14.439,1341
Feb-80,"$64,900 ","$76,600 ",653,838.7,897.9,809,875.9,261257143,1.4,2/1/80,13.44,12.17,11.3,11.29,11.23,6.3,1.186,83,78.6,1.41,13.276,1350
Mar-80,"$62,600 ","$71,600 ",637,875.9,918.2,847.3,863.1,215758645,1.4,3/1/80,16.33,15,13.53,12.79,12.32,6.3,1.23,111,80.5,1.52,12.077,1047
Apr-80,"$63,100 ","$74,600 ",494.5,863.1,868.7,730,785.8,197695489,-0.8,4/1/80,19.79,15.03,13.39,12.69,12.35,6.9,1.242,-145,80.5,1.12,10.444,1051
May-80,"$63,100 ","$72,800 ",518,785.8,818.5,751.4,817.1,152061655,-0.8,5/1/80,14.07,10.36,10.72,10.57,10.72,7.5,1.244,-429,82,0.99,9.54,927
Jun-80,"$64,900 ","$75,600 ",535.5,817.1,866.1,795.8,850.9,172538346,-0.8,6/1/80,11.06,7.9,9.97,10.31,10.45,7.6,1.246,-319,82,1.1,10.449,1196
Jul-80,"$64,000 ","$76,700 ",653.5,850.9,896.3,840.7,867.9,187141354,-1.6,7/1/80,9.47,8.04,9.55,10.13,10.12,7.8,1.247,-261,83.6,0,11.664,1269
Aug-80,"$63,400 ","$76,000 ",614.25,867.9,946.9,862.6,935.3,230474437,-1.6,8/1/80,10.48,8.7,10.16,10.76,10.76,7.7,1.243,259,83.6,0.73,11.154,1436
Sep-80,"$68,300 ","$80,100 ",631.25,935.3,972.4,918.5,932.6,217818045,-1.6,9/1/80,10.74,9.87,11.45,11.32,11.08,7.5,1.231,114,84.7,0.84,10.912,1471
Oct-80,"$65,600 ","$77,500 ",666.75,932.6,980.7,918,932.4,238581201,0,10/1/80,13.05,11.45,11.77,11.78,11.69,7.5,1.223,277,84.7,0.95,11.412,1523
Nov-80,"$66,700 ","$81,800 ",629,932.4,987.3,911.6,924.5,232734585,0,11/1/80,13.77,13.17,12.74,12.46,12.22,7.5,1.222,257,86.2,0.83,11.257,1510
Dec-80,"$67,000 ","$81,400 ",619.75,924.5,1009.4,924.5,993.3,222881957,0,12/1/80,17.71,14.71,13.35,12.92,12.51,7.2,1.231,196,86.2,0.94,10.939,1482
Jan-81,"$67,600 ","$80,700 ",589.75,991.1,991.1,894.5,964,231349626,1.6,1/1/81,22,14.65,12.61,12.42,12.01,7.5,1.269,90,88.1,0.81,11.282,1547
Feb-81,"$66,200 ","$80,000 ",506.5,964,1013.1,930.9,947.3,215530828,1.6,2/1/81,17.25,14.9,13.02,12.86,12.45,7.4,1.353,72,88.1,1.03,12.351,1246
Mar-81,"$66,700 ","$81,600 ",489,947.1,980.9,923.9,974.6,184130077,1.6,3/1/81,15.53,14.52,13.92,13.62,13.19,7.4,1.388,105,89.2,0.68,12.427,1306
Apr-81,"$68,700 ","$84,700 ",513.75,974.6,1021.8,955.7,1003.9,264931577,3,4/1/81,14.51,12.37,13.36,13.14,12.65,7.2,1.381,73,89.2,0.68,10.49,1360
May-81,"$70,800 ","$83,600 ",482.75,1003.9,1031,981.8,997.8,253414288,3,5/1/81,19.79,14.67,14.37,14.05,13.59,7.5,1.37,13,90.6,0.79,10.354,1140
Jun-81,"$68,800 ","$84,700 ",479.25,997.8,1005.2,956.7,991.8,204232332,3,6/1/81,19.01,15.5,13.99,13.46,13.06,7.5,1.362,194,90.6,0.89,10.415,1045
Jul-81,"$69,500 ","$82,600 ",426,991.8,1023,972.7,976.9,248339097,4.3,7/1/81,21.09,14.65,14.47,14.04,13.47,7.2,1.353,111,92.5,1.1,10.428,1041
Aug-81,"$72,600 ","$87,000 ",406,976.9,979,918.7,952.3,215181205,4.3,8/1/81,17.46,15.5,15.62,14.95,14.27,7.4,1.348,-36,92.5,0.76,12.681,940
Sep-81,"$65,800 ","$81,300 ",425,952.3,961.5,879.1,881.5,207642857,4.3,9/1/81,17.52,15.59,16.120001,15.41,14.7,7.6,1.358,-88,93.5,0.98,11.08,911
Oct-81,"$69,600 ","$82,500 ",428.75,881.5,892.4,807.5,850,216347367,1.3,10/1/81,16.96,14.57,16.129999,15.75,15.14,7.9,1.353,-97,93.5,0.21,9.418,873
Nov-81,"$71,200 ","$85,300 ",427,850,885.8,823.6,852.6,225013534,1.3,11/1/81,14.44,12.69,14.61,14.57,14.41,8.3,1.351,-209,94,0.32,9.494,837
Dec-81,"$68,400 ","$82,800 ",414.5,856,892.8,834.6,889,222839096,1.3,12/1/81,13.03,10.49,13.11,13.37,13.06,8.5,1.348,-276,94,0.32,9.055,910
Jan-82,"$66,200 ","$78,000 ",397.5,889,898.5,862.8,875,216421804,-2.2,1/1/82,13.13,11.39,14.15,14.19,13.87,8.6,1.341,-330,93.7,0.32,10.285,843
Feb-82,"$65,700 ","$80,700 ",387,875,887.4,832.6,871.1,218422556,-2.2,2/1/82,15.69,13.68,14.79,14.58,14.33,8.9,1.318,-2,93.7,0.32,10.924,866
Mar-82,"$67,200 ","$83,700 ",362.6,866.3,866.3,802.2,824.4,219290977,-2.2,3/1/82,14.11,12.27,13.97,13.85,13.63,9,1.268,-129,93.5,-0.11,10.651,931
Apr-82,"$70,200 ","$85,000 ",320,824.4,840.7,786.2,822.8,286170676,-1,4/1/82,15.48,13.24,14.26,14.1,13.6,9.3,1.21,-284,93.5,0.42,9.747,917
May-82,"$69,300 ","$86,500 ",361.25,822.8,871.2,820.5,848.4,256351128,-1,5/1/82,15.28,12.74,14.02,13.95,13.45,9.4,1.224,-43,96.3,0.95,11.103,1025
Jun-82,"$69,300 ","$84,900 ",325.25,848.4,876.5,815.5,819.5,231532331,-1,6/1/82,13.76,12.01,13.98,13.93,13.66,9.6,1.296,-242,96.3,1.25,9.613,902
Jul-82,"$70,900 ","$86,500 ",317.5,819.5,824.3,784.3,811.9,250495488,-2.6,7/1/82,14.73,12.55,14.62,14.4,13.9,9.8,1.318,-344,96.6,0.52,9.759,1166
Aug-82,"$70,100 ","$86,500 ",342.9,811.9,843.8,787.4,808.6,258313533,-2.6,8/1/82,11.41,9.36,13.46,13.41,13.17,9.8,1.31,-158,96.6,0.21,9.947,1046
Sep-82,"$67,800 ","$79,600 ",411.5,808.6,911,770,901.3,377316542,-2.6,9/1/82,11.28,8.42,12.58,12.76,12.41,10.1,1.292,-180,97.8,0.2,11.129,1144
Oct-82,"$69,700 ","$79,900 ",397,901.3,951.2,888.7,896.3,349181953,-1.4,10/1/82,10.87,7.35,11.5,11.51,11.65,10.4,1.28,-276,97.8,0.31,10.14,1173
Nov-82,"$73,500 ","$87,800 ",423.25,896.3,1051.9,892,991.7,466592481,-1.4,11/1/82,9.43,7.81,10.41,10.56,10.84,10.8,1.268,-121,97.7,-0.2,12.03,1372
Dec-82,"$71,700 ","$86,700 ",436,991.7,1078.5,983.7,1039.3,418881203,-1.4,12/1/82,9.1,8.28,10.34,10.74,10.69,10.8,1.244,-15,97.7,-0.41,11.249,1303
Jan-83,"$73,500 ","$87,200 ",456.9,1039.3,1077.9,983.4,1046.5,379416543,1.4,1/1/83,11.2,7.92,10.02,10.32,10.39,10.4,1.214,219,98.2,0.2,10.865,1586
Feb-83,"$73,800 ","$86,800 ",499.5,1046.5,1105.1,1013.4,1075.7,419007517,1.4,2/1/83,8.63,8.16,10.34,10.78,10.95,10.4,1.17,-73,98.2,0.1,10.608,1699
Mar-83,"$72,500 ","$86,200 ",408.5,1075.7,1135.3,1046.8,1112.2,364387219,1.4,3/1/83,8.65,7.96,9.74,10.22,10.45,10.3,1.135,173,98.9,0,11.023,1606
Apr-83,"$74,700 ","$87,600 ",414.75,1112.2,1158.5,1105.1,1130,429004509,3.3,4/1/83,9.12,8.64,10.25,10.6,10.67,10.2,1.198,274,98.9,0.72,11.673,1472
May-83,"$74,500 ","$88,800 ",429.25,1130,1235.5,1102.2,1226.2,403053381,3.3,5/1/83,8.84,8.05,9.82,10.26,10.39,10.1,1.243,280,99.5,0.61,12.028,1776
Jun-83,"$75,800 ","$90,900 ",437.5,1225.4,1244.5,1174.3,1200,440555637,3.3,6/1/83,9.38,8.58,10.48,10.77,10.91,10.1,1.261,377,99.5,0.3,12.96,1733
Jul-83,"$75,200 ","$89,200 ",416,1200,1260.7,1176.8,1222,445231582,5.7,7/1/83,9.31,8.73,10.72,10.93,11,9.4,1.272,416,100.2,0.4,12.917,1785
Aug-83,"$76,800 ","$91,300 ",422,1222,1258.5,1179.8,1199.2,358684962,5.7,8/1/83,9.64,9.27,11.63,11.8,11.82,9.5,1.269,-308,100.2,0.3,12.246,1910
Sep-83,"$81,000 ","$97,800 ",414.25,1199.2,1219.8,1152.1,1216.2,384909020,5.7,9/1/83,9.61,9.22,11.76,11.97,11.95,9.2,1.257,1118,101.2,0.5,12.451,1710
Oct-83,"$75,900 ","$89,500 ",405,1216.2,1270.7,1197.4,1233.1,392438347,7.9,10/1/83,10.59,8.74,11.22,11.47,11.48,8.8,1.239,273,101.2,0.3,13.311,1715
Nov-83,"$75,900 ","$91,400 ",382,1233.1,1286.7,1214.6,1225.2,404801502,7.9,11/1/83,9.45,8.47,11.38,11.69,11.77,8.5,1.224,355,101.7,0.2,13.125,1785
Dec-83,"$75,900 ","$91,700 ",405,1225.2,1297,1208.7,1276,409310527,7.9,12/1/83,9.46,8.87,11.37,11.63,11.67,8.3,1.215,355,101.7,0.1,14.503,1688
Jan-84,"$76,200 ","$92,200 ",382.4,1276,1285.5,1231.2,1258.6,417036090,8.6,1/1/84,9.92,9,11.59,11.86,11.93,8,1.2,443,103.1,0.59,14.21,1897
Feb-84,"$79,200 ","$94,400 ",373.75,1258.6,1295.4,1209.6,1220.6,499772932,8.6,2/1/84,9.74,8.89,11.31,11.64,11.74,7.8,1.193,484,103.1,0.49,14.381,2260
Mar-84,"$78,400 ","$97,700 ",394.25,1220.6,1226.6,1115,1154.6,435972179,8.6,3/1/84,9.73,9.19,11.77,12.07,12.16,7.8,1.194,272,103.8,0.2,14.21,1663
Apr-84,"$79,600 ","$96,200 ",388.5,1154.6,1197.2,1131.7,1164.9,418403005,8,4/1/84,10.24,9.68,12.29,12.56,12.55,7.7,1.211,363,103.8,0.49,14.357,1851
May-84,"$81,400 ","$101,900 ",375.8,1164.9,1182.1,1117.3,1170.8,387412784,8,5/1/84,11.04,9.7,12.57,12.82,12.87,7.4,1.221,306,104.1,0.29,14.856,1774
Jun-84,"$80,500 ","$98,800 ",384.25,1170.8,1194.4,1083.2,1104.9,437492483,8,6/1/84,10.53,9.8,13.46,13.63,13.58,7.2,1.214,381,104.1,0.29,14.673,1843
Jul-84,"$80,700 ","$97,100 ",373.05,1106.3,1144.8,1079.4,1132.4,408918048,6.9,7/1/84,10.85,9.74,13.73,13.87,13.64,7.5,1.197,310,105,0.39,14.758,1732
Aug-84,"$82,000 ","$96,900 ",342.35,1132.4,1139.5,1079,1115.3,374932327,6.9,8/1/84,12.04,10.43,12.74,12.81,12.78,7.5,1.184,243,105,0.38,14.279,1586
Sep-84,"$81,300 ","$101,300 ",348.25,1115.3,1253.8,1115,1224.4,569981957,6.9,9/1/84,11.64,10.67,12.85,12.88,12.57,7.3,1.189,312,105.7,0.48,13.959,1698
Oct-84,"$80,100 ","$95,700 ",343.75,1222.4,1248.2,1189.8,1206.7,398945866,5.6,10/1/84,11.38,10.23,12.51,12.54,12.35,7.4,1.195,285,105.7,0.29,14.642,1590
Nov-84,"$82,500 ","$101,400 ",333.5,1206.7,1246,1158.2,1207.4,475991729,5.6,11/1/84,10.26,9.01,11.45,11.66,11.53,7.2,1.193,353,106,0,14.774,1689
Dec-84,"$78,300 ","$96,300 ",329,1207.4,1247.5,1180.8,1188.9,396378945,5.6,12/1/84,8.92,8.41,11.23,11.56,11.56,7.3,1.179,125,106,0,14.602,1612
Jan-85,"$82,500 ","$98,300 ",308.3,1188.9,1223.6,1154.7,1211.6,401729325,4.6,1/1/85,8.74,7.83,11.22,11.7,11.69,7.3,1.145,265,106.8,0.19,15.563,1711
Feb-85,"$82,000 ","$96,200 ",306.65,1211.6,1305.1,1178.7,1286.8,603092481,4.6,2/1/85,8.74,8.19,10.93,11.29,11.32,7.2,1.128,131,106.8,0.47,15.724,1632
Mar-85,"$84,200 ","$100,900 ",287.75,1286.1,1307.5,1263.9,1284,495027066,4.6,3/1/85,8.74,8.66,11.52,11.86,11.82,7.2,1.155,339,107.8,0.38,15.358,1800
Apr-85,"$85,600 ","$104,700 ",329.25,1284,1310,1242.8,1266.8,485659396,3.7,4/1/85,8.83,8.15,11.28,11.66,11.65,7.3,1.199,196,107.8,0.47,15.521,1821
May-85,"$80,100 ","$98,100 ",321.35,1266.8,1290.3,1245.8,1258.1,447040601,3.7,5/1/85,8.83,7.75,10.81,11.27,11.37,7.2,1.223,274,108.2,0.37,15.561,1680
Jun-85,"$86,300 ","$99,600 ",314,1258.1,1320.8,1235.5,1315.4,530151878,3.7,6/1/85,7.64,7.02,9.5,10.05,10.4,7.4,1.233,147,108.2,0.28,15.093,1676
Jul-85,"$82,100 ","$99,400 ",317.75,1315.4,1341.2,1285.4,1335.5,477518794,4.3,7/1/85,8.12,6.87,9.58,10.19,10.44,7.4,1.233,189,108.6,0.19,15.498,1684
Aug-85,"$83,300 ","$99,200 ",327.5,1335.5,1372.2,1313.4,1347.5,555579697,4.3,8/1/85,8.26,7.27,9.95,10.51,10.62,7.1,1.222,192,108.6,0.19,16.91,1743
Sep-85,"$84,700 ","$102,600 ",333.25,1347.5,1361.9,1303.7,1334,433804511,4.3,9/1/85,7.8,7.11,9.71,10.24,10.46,7.1,1.209,205,109.5,0.28,19.104,1676
Oct-85,"$85,400 ","$102,700 ",325.75,1334,1348.2,1283.7,1328.6,419584963,4.2,10/1/85,8.26,7.03,9.69,10.29,10.55,7.1,1.198,188,109.5,0.37,14.185,1834
Nov-85,"$87,200 ","$104,100 ",325.1,1328.6,1384.6,1315.2,1374.3,573663157,4.2,11/1/85,8.32,7.2,9.45,9.98,10.24,7,1.201,210,110.7,0.28,14.622,1698
Dec-85,"$87,900 ","$106,100 ",325.3,1374.3,1486.9,1367.8,1472.1,551587218,4.2,12/1/85,8.54,7.26,9.14,9.69,9.94,7,1.203,166,110.7,0.28,15.711,1942
Jan-86,"$86,600 ","$104,100 ",326.8,1472.1,1570.9,1450.3,1546.7,632566920,4.1,1/1/86,13.46,7.1,8.51,9.04,9.28,6.7,1.19,123,110.8,0.27,16.06,1972
Feb-86,"$89,700 ","$106,600 ",350.5,1546.7,1582.9,1491.7,1571,649400753,4.1,2/1/86,8.09,7,8.5,9.02,9.28,7.2,1.119,115,110.8,-0.27,15.371,1848
Mar-86,"$88,700 ","$108,000 ",338.15,1571,1732.6,1564.3,1709.1,653932330,4.1,3/1/86,7.95,6.97,7.76,7.99,8.16,7.2,0.983,87,110.3,-0.46,14.161,1876
Apr-86,"$92,500 ","$110,300 ",344,1709.1,1849.7,1663.1,1818.6,725097743,3.7,4/1/86,7.49,6.33,7.18,7.37,7.47,7.1,0.895,187,110.3,-0.18,15.849,1933
May-86,"$92,100 ","$114,600 ",345.75,1818.6,1870.2,1712.5,1784,730917292,3.7,5/1/86,7.13,6.11,7.2,7.45,7.54,7.2,0.927,127,110.6,0.28,16.302,1854
Jun-86,"$91,200 ","$110,900 ",343.2,1784,1898.2,1746.5,1876.7,604565415,3.7,6/1/86,6.84,6.36,8.05,8.32,7.91,7.2,0.958,-93,110.6,0.55,15.92,1847
Jul-86,"$94,100 ","$116,800 ",346.75,1876.7,1908.6,1816.1,1892.7,597654135,3.1,7/1/86,6.97,5.99,7.23,7.37,7.21,7,0.895,318,111.1,0,15.742,1782
Aug-86,"$91,500 ","$113,200 ",357.5,1892.7,1922.7,1741.6,1775.3,683436091,3.1,8/1/86,6.38,5.77,7.02,7.34,7.46,6.9,0.848,115,111.1,0.18,17.285,1807
Sep-86,"$95,000 ","$114,000 ",384.7,1775.3,1918.6,1730.6,1898.3,609451127,3.1,9/1/86,5.77,5.19,6.45,7.03,7.23,7,0.864,346,112,0.46,21.495,1687
Oct-86,"$96,400 ","$114,900 ",423.2,1898.3,1933.4,1733,1767.6,714203007,2.9,10/1/86,5.99,5.19,6.93,7.41,7.57,7,0.837,187,112,0.09,14.793,1681
Nov-86,"$94,000 ","$113,600 ",401,1767.6,1894.7,1761.3,1877.7,680467669,2.9,11/1/86,5.93,5.21,6.71,7.29,7.57,6.9,0.827,187,112.5,0.09,14.822,1623
Dec-86,"$95,000 ","$118,900 ",389.5,1877.7,1926.5,1797.1,1914.2,663345110,2.9,12/1/86,6.38,5.42,6.69,7.18,7.42,6.6,0.83,201,112.5,0.09,18.079,1833
Jan-87,"$98,500 ","$122,100 ",388.75,1914.2,1971.7,1880.5,1896,735534587,2.7,1/1/87,14.35,5.55,6.75,7.18,7.44,6.6,0.868,169,113.3,0.63,12.414,1774
Feb-87,"$95,200 ","$121,300 ",400.5,1897.4,2214.6,1897.4,2158,911476692,2.7,2/1/87,6.28,5.61,6.75,7.23,7.52,6.6,0.911,241,113.6,0.36,15.109,1784
Mar-87,"$98,400 ","$119,500 ",405.85,2158,2266.5,2134.4,2224,786157897,2.7,3/1/87,6.02,5.48,6.69,7.17,7.46,6.6,0.918,245,114.2,0.45,15.299,1726
Apr-87,"$96,500 ","$118,100 ",421,2224,2399.6,2209.1,2304.7,894383458,3.4,4/1/87,6.22,5.54,7.12,7.59,7.89,6.3,0.94,335,115,0.54,15.452,1614
May-87,"$104,900 ","$126,600 ",453.25,2304.7,2428.4,2180.5,2286.4,886849625,3.4,5/1/87,7.67,5.6,7.98,8.39,8.59,6.3,0.948,229,115.4,0.35,14.572,1628
Jun-87,"$109,000 ","$135,800 ",451,2286.4,2380.8,2188.5,2291.6,770909774,3.4,6/1/87,6.74,5.7,8.08,8.45,8.63,6.2,0.966,172,115.8,0.35,15.619,1594
Jul-87,"$105,000 ","$128,600 ",447.3,2291.6,2466,2260.6,2418.5,810902255,3.3,7/1/87,6.07,5.64,7.96,8.36,8.49,6.1,0.98,347,116,0.26,15.655,1575
Aug-87,"$106,800 ","$128,500 ",462.5,2418.5,2588.3,2391.3,2572.1,894676692,3.3,8/1/87,6.75,6.05,8.34,8.81,9.02,6,1.004,173,116.9,0.53,17.092,1605
Sep-87,"$106,500 ","$133,500 ",453.4,2572.1,2746.7,2526,2663,916330827,3.3,9/1/87,6.84,6.12,8.57,9.05,9.24,5.9,1,227,117.5,0.52,16.119,1695
Oct-87,"$106,500 ","$125,800 ",459.5,2663,2695.5,2469,2596.3,839819550,4.5,10/1/87,7.71,6.63,9.22,9.66,9.8,6,0.988,491,118.1,0.26,14.258,1515
Nov-87,"$117,000 ","$139,200 ",468.8,2596.3,2662.4,1616.2,1993.5,1374699246,4.5,11/1/87,6.62,5.62,8.44,8.98,9.13,5.8,0.987,234,118.3,0.09,14.543,1656
Dec-87,"$111,800 ","$136,200 ",492.5,1993.5,2027.5,1795.3,1833.6,809666165,4.5,12/1/87,7.04,5.55,8.44,9.01,9.15,5.7,0.975,289,118.3,0,15.645,1400
Jan-88,"$119,000 ","$144,400 ",484.1,1833.6,2019.6,1733.9,1938.8,885733084,4.2,1/1/88,6.89,5.88,8.35,8.83,8.95,5.7,0.947,92,118.9,0.26,16.083,1271
Feb-88,"$110,900 ","$137,600 ",458,1950.8,2075.3,1846,1958.2,788278193,4.2,2/1/88,6.96,5.66,7.78,8.26,8.42,5.7,0.928,461,119.2,0.26,16.513,1473
Mar-88,"$108,900 ","$133,200 ",426.15,1958.2,2078.1,1878.2,2071.6,833061655,4.2,3/1/88,6.66,5.62,7.61,8.15,8.4,5.7,0.92,275,119.6,0.43,16.182,1532
Apr-88,"$111,000 ","$135,000 ",456.95,2071.6,2110.9,1951.3,1988.1,914201504,4.5,4/1/88,6.7,5.85,8.19,8.68,8.92,5.4,0.946,243,120.4,0.52,15.545,1573
May-88,"$110,000 ","$133,500 ",449,1988.1,2121.4,1968,2032.3,735509775,4.5,5/1/88,6.98,6.08,8.39,8.94,9.17,5.6,0.97,230,120.7,0.34,15.941,1421
Jun-88,"$111,500 ","$136,500 ",455.5,2032.3,2072,1921.6,2031.1,728880451,4.5,6/1/88,7.24,6.47,8.57,9.03,9.12,5.4,0.971,364,121.4,0.43,15.854,1478
Jul-88,"$118,000 ","$141,300 ",436.55,2031.1,2169.1,2021.3,2141.7,971438346,4.2,7/1/88,7.75,6.55,8.38,8.77,8.84,5.4,0.984,224,121.8,0.42,15.704,1467
Aug-88,"$110,000 ","$140,600 ",436.8,2141.7,2169.5,2047.3,2128.7,753038346,4.2,8/1/88,7.91,6.91,8.7,9.07,9.17,5.6,1.004,124,122.5,0.42,15.385,1493
Sep-88,"$116,600 ","$142,700 ",427.75,2128.7,2151.9,1978.7,2031.7,750557141,4.2,9/1/88,8.27,7.28,8.95,9.25,9.31,5.4,0.992,339,123.9,0.67,15.047,1492
Oct-88,"$112,900 ","$137,300 ",396.7,2027.6,2140.3,1988.4,2112.9,690101503,3.8,10/1/88,8.54,7.24,8.59,8.84,8.96,5.4,0.976,263,124.1,0.33,15.162,1522
Nov-88,"$110,400 ","$137,300 ",412.4,2112.9,2195.1,2082.3,2148.7,770336843,3.8,11/1/88,8.35,7.34,8.38,8.68,8.76,5.3,0.972,341,124.4,0.08,15.394,1569
Dec-88,"$121,000 ","$147,700 ",422.6,2148.7,2186,2026.7,2114.5,636726317,3.8,12/1/88,8.54,7.85,8.88,9.01,9.02,5.3,0.953,281,124.5,0.17,16.437,1563
Jan-89,"$113,000 ","$138,600 ",410.25,2114.5,2193.8,2075.4,2168.6,641706765,4.3,1/1/89,9.04,8.14,9.25,9.23,9.09,5.4,0.944,263,125.4,0.5,15.372,1621
Feb-89,"$118,000 ","$145,300 ",394,2168.4,2350.2,2127.1,2342.3,796741355,4.3,2/1/89,9.02,8.37,9.05,8.99,8.83,5.2,0.955,266,125.8,0.41,14.991,1425
Mar-89,"$123,000 ","$149,000 ",387,2342.3,2369.3,2232.1,2258.4,725476691,4.3,3/1/89,9.82,8.66,9.43,9.36,9.18,5,0.974,194,126.7,0.58,14.662,1422
Apr-89,"$116,700 ","$144,700 ",383.2,2258.4,2351.1,2234.5,2293.6,790495487,3.7,4/1/89,9.79,8.82,9.39,9.21,9.07,5.2,1.098,170,127.4,0.65,16.024,1339
May-89,"$119,000 ","$145,100 ",377.55,2293.6,2433.1,2282.1,2418.8,730206769,3.7,5/1/89,9.85,8.62,9.19,9.14,9,5.2,1.152,122,128.3,0.57,15.267,1331
Jun-89,"$122,800 ","$153,600 ",361.8,2418.8,2521.6,2356.3,2480.2,845260150,3.7,6/1/89,9.84,8.61,8.65,8.61,8.61,5.3,1.15,114,128.5,0.24,14.384,1397
Jul-89,"$116,000 ","$140,300 ",373,2480.2,2545,2412.9,2440.1,894719549,3.9,7/1/89,9.63,7.97,7.99,8.09,8.07,5.2,1.132,42,129,0.24,14.695,1427
Aug-89,"$122,900 ","$158,600 ",368.3,2440.1,2668.3,2431.5,2660.7,732863911,3.9,8/1/89,8.95,7.63,7.49,7.74,7.83,5.2,1.096,51,129.1,0.16,16.547,1332
Sep-89,"$120,000 ","$151,100 ",359.8,2660.7,2758.7,2619.7,2737.3,890774439,3.9,9/1/89,8.93,7.86,8.18,8.19,8.14,5.3,1.073,249,130,0.32,15.66,1279
Oct-89,"$123,000 ","$147,800 ",366.5,2737.3,2768.2,2636.8,2692.8,684593232,2.7,10/1/89,9.24,7.89,8.33,8.28,8.22,5.3,1.071,107,130.6,0.48,13.581,1410
Nov-89,"$125,000 ","$151,400 ",375.3,2692.8,2809.1,2496.9,2645.1,905113537,2.7,11/1/89,8.98,7.78,7.86,7.91,7.89,5.4,1.046,276,131.1,0.24,13.37,1351
Dec-89,"$125,200 ","$154,300 ",408.15,2645.1,2718.2,2563.1,2706.3,683945861,2.7,12/1/89,8.51,7.53,7.7,7.81,7.88,5.4,1.03,84,131.3,0.16,13.55,1251
Jan-90,"$125,000 ","$151,700 ",398.6,2706.3,2784.8,2658.7,2753.2,724831578,2.8,1/1/90,7.97,7.58,7.87,7.94,8,5.4,1.09,361,132.9,1.03,16.308,1551
Feb-90,"$126,900 ","$150,900 ",415.05,2753.2,2834,2513.1,2590.5,855620301,2.8,2/1/90,8.25,7.76,8.35,8.42,8.44,5.3,1.086,238,133.1,0.47,14.363,1437
Mar-90,"$119,400 ","$144,600 ",407.7,2590.5,2674.3,2541,2627.3,668120301,2.8,3/1/90,8.3,7.81,8.53,8.59,8.61,5.2,1.076,209,134.1,0.55,14.486,1289
Apr-90,"$130,000 ","$153,400 ",368.5,2627.3,2775,2607.9,2707.2,740589472,2.4,4/1/90,8.3,7.78,8.65,8.65,8.63,5.4,1.096,44,134.5,0.16,14.281,1248
May-90,"$125,000 ","$150,600 ",367.75,2707.2,2793.5,2627.7,2656.8,631856392,2.4,5/1/90,8.11,7.92,9.08,9.08,9.04,5.4,1.114,151,134.7,0.23,14.022,1212
Jun-90,"$125,000 ","$150,400 ",363.05,2656.8,2908.2,2651.4,2876.7,811281204,2.4,6/1/90,8.28,7.68,8.38,8.44,8.43,5.2,1.14,18,134.9,0.54,14.149,1177
Jul-90,"$118,700 ","$149,800 ",352.2,2876.7,2956.9,2821.5,2880.7,727732329,1.7,7/1/90,8.32,7.74,8.35,8.43,8.41,5.5,1.139,-33,136,0.38,14.081,1171
Aug-90,"$118,400 ","$144,700 ",372.3,2880.7,3024.3,2833.2,2905.2,760222556,1.7,8/1/90,8.07,7.42,8.06,8.29,8.36,5.7,1.246,-207,137.4,0.92,13.859,1115
Sep-90,"$113,000 ","$142,100 ",387.75,2905.2,2931.2,2459.4,2614.4,905472182,1.7,9/1/90,8.06,7.39,8.53,8.9,9.03,5.9,1.347,-97,138.6,0.84,14.298,1110
Oct-90,"$120,000 ","$153,000 ",408.4,2614.4,2665.4,2367.8,2452.5,605729324,0.6,10/1/90,8.25,7.13,8.38,8.71,8.84,5.9,1.431,-153,139.4,0.6,13.749,1014
Nov-90,"$118,900 ","$143,300 ",379.5,2452.5,2565.4,2344.3,2442.3,827954888,0.6,11/1/90,8.06,7.05,8.15,8.57,8.7,6.2,1.432,-154,139.7,0.22,13.134,1145
Dec-90,"$127,000 ","$153,400 ",384.85,2442.3,2581.2,2415.6,2559.7,710129323,0.6,12/1/90,7.61,7.05,7.88,8.22,8.36,6.3,1.41,-46,139.7,0,12.958,969
Jan-91,"$117,900 ","$148,600 ",386.2,2559.7,2662.6,2534.7,2633.7,703017295,-1,1/1/91,5.53,6.46,7.59,7.97,8.14,6.4,1.304,-111,140.9,0.6,11.829,798
Feb-91,"$119,900 ","$147,800 ",366,2633.7,2747.3,2447,2736.4,825360902,-1,2/1/91,6.3,6,7.45,7.91,8.09,6.6,1.198,-321,141.2,0.15,12.409,965
Mar-91,"$122,500 ","$156,400 ",362.7,2736.4,2955.2,2694.3,2882.2,969392481,-1,3/1/91,6.35,6.09,7.78,8.12,8.28,6.8,1.138,-159,141.4,0.15,12.848,921
Apr-91,"$121,000 ","$150,800 ",355.65,2882.2,3017.8,2829.2,2913.9,885757895,-0.5,4/1/91,6.48,5.76,7.74,8.07,8.25,6.7,1.159,-209,141.6,0.15,12.038,1001
May-91,"$116,000 ","$145,400 ",357.75,2913.9,3030.5,2848.5,2887.9,905839851,-0.5,5/1/91,5.9,5.54,7.63,8.01,8.18,6.9,1.209,-116,141.7,0.3,12.487,996
Jun-91,"$119,000 ","$145,900 ",360.4,2887.9,3044.5,2834.5,3027.5,845282708,-0.5,6/1/91,5.92,5.6,7.8,8.14,8.34,6.9,1.214,86,142.1,0.29,12.719,1036
Jul-91,"$120,000 ","$148,200 ",368.35,3027.5,3057.5,2879.3,2906.8,731521804,-0.1,7/1/91,6.38,5.58,7.93,8.26,8.44,6.8,1.185,-45,142.4,0.15,12.972,1063
Aug-91,"$120,800 ","$141,800 ",362.85,2911.7,3039.6,2897.4,3024.8,781827069,-0.1,8/1/91,5.86,5.55,7.78,8.2,8.38,6.9,1.196,21,142.9,0.29,12.565,1049
Sep-91,"$120,000 ","$147,300 ",347.4,3024.8,3068.7,2836.3,3043.6,845663910,-0.1,9/1/91,5.5,5.34,7.32,7.81,8.05,6.9,1.199,25,143.6,0.44,13.107,1015
Oct-91,"$122,600 ","$147,400 ",354.9,3043.6,3066.6,2963.1,3016.8,731194735,1.2,10/1/91,5.4,5.1,6.9,7.45,7.81,7,1.18,19,143.7,0.15,12.217,1079
Nov-91,"$118,500 ","$141,700 ",357.45,3016.8,3091,2925.5,3069.1,917266919,1.2,11/1/91,5.03,4.75,6.71,7.48,7.93,7,1.193,-60,144.3,0.29,12.576,1103
Dec-91,"$122,000 ","$143,000 ",366.3,3069.1,3091.9,2861.1,2894.7,838915037,1.2,12/1/91,4.86,4.38,6.43,7.32,7.92,7.3,1.182,33,144.6,0.07,12.658,1079
Jan-92,"$120,000 ","$144,200 ",353.15,2894.7,3204.6,2832.3,3168.8,936004513,2.9,1/1/92,4.09,3.86,5.98,6.78,7.46,7.3,1.135,42,144.9,0.15,12.591,1176
Feb-92,"$117,200 ","$144,800 ",354.1,3168.8,3313.5,3119.9,3223.4,1183093985,2.9,2/1/92,4.4,3.84,6.52,7.36,7.82,7.4,1.117,-59,145.3,0.36,12.927,1250
Mar-92,"$120,000 ","$144,800 ",353.1,3223.4,3307.5,3193.4,3267.7,957268420,2.9,3/1/92,4.13,4.03,6.73,7.38,7.9,7.4,1.122,55,146.2,0.51,12.824,1297
Apr-92,"$120,000 ","$145,000 ",341.7,3267.7,3318.4,3176.2,3235.5,912972181,3.2,4/1/92,4.98,4.01,6.82,7.46,7.9,7.4,1.143,155,146.3,0.14,12.55,1099
May-92,"$113,000 ","$146,000 ",336.35,3235.5,3388,3141.8,3359.1,970463910,3.2,5/1/92,3.75,3.63,6.82,7.56,8.01,7.6,1.197,129,146.3,0.14,13.098,1214
Jun-92,"$124,500 ","$146,600 ",337.5,3359.1,3434,3316.6,3396.9,817901505,3.2,6/1/92,3.96,3.75,6.69,7.39,7.9,7.8,1.239,67,147,0.36,13.543,1145
Jul-92,"$118,000 ","$137,700 ",343.4,3396.9,3435.3,3242.3,3318.5,949418798,3.7,7/1/92,3.89,3.55,6.27,7.1,7.76,7.7,1.237,75,147.5,0.21,12.853,1139
Aug-92,"$123,500 ","$145,300 ",357.85,3318.5,3414.9,3255.4,3393.8,958664661,3.7,8/1/92,3.37,3.17,5.82,6.72,7.46,7.6,1.221,135,148.2,0.28,12.873,1226
Sep-92,"$119,500 ","$142,200 ",340,3393.8,3413.2,3200.9,3257.4,821668420,3.7,9/1/92,3.39,3.15,5.52,6.56,7.38,7.6,1.222,34,148.5,0.28,13.378,1186
Oct-92,"$125,000 ","$148,400 ",349,3257.4,3391.4,3226.6,3271.7,901472932,4.4,10/1/92,3.58,2.61,5.18,6.23,7.3,7.3,1.219,181,148.9,0.35,13.655,1244
Nov-92,"$128,900 ","$147,200 ",339.25,3271.7,3291.4,3087.4,3226.3,1008396995,4.4,11/1/92,3.04,3.01,5.96,6.88,7.66,7.4,1.223,133,149,0.14,13.218,1214
Dec-92,"$126,000 ","$146,200 ",334.2,3226.3,3326.5,3176.8,3305.2,932458645,4.4,12/1/92,3.17,3.33,6.24,6.94,7.57,7.4,1.201,222,148.9,-0.07,13.784,1227
Jan-93,"$118,000 ","$138,900 ",332.9,3305.2,3364.9,3229.8,3301.1,1089309021,3.3,1/1/93,2.66,3.08,5.9,6.6,7.33,7.3,1.182,300,149.7,0.49,13.457,1210
Feb-93,"$129,400 ","$149,400 ",330.45,3301.1,3338.1,3219.3,3310,1184830826,3.3,2/1/93,3.25,2.9,5.55,6.38,7.21,7.1,1.172,248,150.4,0.35,12.969,1210
Mar-93,"$125,000 ","$146,600 ",327.6,3310,3472.9,3262.5,3370.8,1208363910,3.3,3/1/93,3.65,2.95,5.12,5.94,6.83,7,1.163,-48,150.9,0.35,13.326,1083
Apr-93,"$127,000 ","$148,400 ",337.8,3370.8,3497.3,3334.1,3435.1,1277912032,2.8,4/1/93,3.31,2.9,5.24,6.06,6.97,7.1,1.175,303,151.1,0.28,14.527,1258
May-93,"$129,900 ","$152,300 ",354.3,3435.1,3499.4,3338.4,3427.6,1304059400,2.8,5/1/93,3.01,2.87,5.06,5.96,6.86,7.1,1.193,271,150.8,0.14,14.519,1260
Jun-93,"$124,500 ","$145,700 ",377.45,3427.6,3582.2,3402.4,3527.4,1149742104,2.8,6/1/93,3.33,3.04,5.28,6.07,6.88,7,1.194,179,151.2,0.14,14.49,1280
Jul-93,"$123,900 ","$143,400 ",378.45,3527.4,3577.3,3445.8,3516.1,1246987218,2.3,7/1/93,3.27,2.99,5.04,5.8,6.69,6.9,1.174,305,151.4,0,14.451,1254
Aug-93,"$126,600 ","$150,600 ",401.75,3516.1,3604.9,3443.3,3539.5,1193557897,2.3,8/1/93,3.07,3.07,5.2,5.85,6.56,6.8,1.163,154,151.7,0.28,13.584,1300
Sep-93,"$129,400 ","$150,100 ",371.55,3539.5,3681.7,3523.5,3651.3,1237134587,2.3,9/1/93,3.25,3.01,4.81,5.46,6.09,6.7,1.151,241,151.8,0.21,13.99,1343
Oct-93,"$125,000 ","$146,900 ",355.5,3651.3,3665.5,3501.5,3555.1,1247893983,2.6,10/1/93,3.19,2.92,4.72,5.34,5.98,6.8,1.193,285,152.5,0.41,14.911,1392
Nov-93,"$130,000 ","$152,500 ",369.6,3555.1,3713.6,3541.7,3680.6,1340090977,2.6,11/1/93,3.15,3.05,4.96,5.56,6.02,6.6,1.178,253,152.7,0.07,14.882,1376
Dec-93,"$125,000 ","$146,400 ",370.9,3680.6,3749.9,3585.9,3684,1327946615,2.6,12/1/93,3.07,3.14,5.161,5.813,6.301,6.5,1.136,329,152.7,0,15.004,1533
Jan-94,"$126,000 ","$153,400 ",391.75,3684,3818.9,3673.3,3754.1,1306382707,3.4,1/1/94,2.85,3.01,5.204,5.796,6.346,6.6,1.109,282,153.2,0.27,15.379,1272
Feb-94,"$129,900 ","$150,700 ",377.9,3754.1,4002.8,3715.2,3978.4,1495502260,3.4,2/1/94,3.25,3.02,5.05,5.651,6.231,6.6,1.114,184,154,0.34,15.52,1337
Mar-94,"$132,300 ","$152,800 ",381.55,3978.4,3998.1,3811.8,3832,1320004511,3.4,3/1/94,3.31,3.39,5.609,6.168,6.692,6.5,1.109,463,154.3,0.34,15.301,1564
Apr-94,"$129,000 ","$152,900 ",389.2,3832,3911.8,3544.1,3636,1635243609,4.2,4/1/94,3.64,3.61,6.401,6.908,7.241,6.4,1.128,344,154.4,0.14,16.013,1465
May-94,"$129,900 ","$151,800 ",376.45,3633.1,3733.2,3520.8,3681.7,1293390225,4.2,5/1/94,3.73,3.85,6.642,7.05,7.311,6.1,1.143,336,154.2,0.07,14.577,1526
Jun-94,"$133,500 ","$158,400 ",387.6,3681.7,3788.8,3609.7,3758.4,1280643608,4.2,6/1/94,4.33,4.21,6.795,7.182,7.456,6.1,1.169,314,154.8,0.34,15.109,1409
Jul-94,"$124,400 ","$144,400 ",388.25,3758.4,3839.9,3603.9,3625,1319127068,4.3,7/1/94,3.82,4.13,6.915,7.289,7.591,6.1,1.199,371,155.2,0.27,14.875,1439
Aug-94,"$133,300 ","$154,900 ",384,3625,3782.6,3611,3764.5,1121517295,4.3,8/1/94,4.34,4.28,6.793,7.176,7.403,6,1.243,289,155.9,0.4,15.359,1450
Sep-94,"$129,700 ","$157,200 ",385.75,3764.5,3954.5,3722.4,3913.4,1443142105,4.3,9/1/94,4.76,4.55,6.8,7.174,7.452,5.9,1.237,349,156.1,0.27,15.274,1474
Oct-94,"$132,000 ","$153,000 ",394.85,3913.4,3972.7,3804.5,3843.2,1388774437,4.1,10/1/94,5.44,4.65,7.292,7.604,7.825,5.8,1.212,213,156.4,0.07,15.894,1450
Nov-94,"$129,900 ","$155,400 ",383.85,3843.2,3958.3,3736.2,3908.1,1428588721,4.1,11/1/94,4.76,5.06,7.515,7.826,7.994,5.6,1.222,412,156.7,0.13,15.89,1511
Dec-94,"$135,000 ","$159,600 ",383.1,3908.1,3919.9,3612.1,3739.2,1411075940,4.1,12/1/94,5.49,5.57,7.773,7.883,7.994,5.5,1.203,295,156.3,0,15.584,1455
Jan-95,"$127,900 ","$147,400 ",383.25,3739.2,3882.2,3639,3834.4,1432204511,3.5,1/1/95,4.94,5.55,7.835,7.822,7.882,5.6,1.19,337,157.1,0.4,14.801,1407
Feb-95,"$135,000 ","$160,200 ",374.9,3834.4,3955.6,3794.4,3843.9,1544659397,3.5,2/1/95,5.25,5.82,7.476,7.548,7.676,5.4,1.181,194,157.6,0.4,14.861,1316
Mar-95,"$130,000 ","$153,300 ",376.4,3843.9,4034.6,3809.2,4011.1,1428622557,3.5,3/1/95,5.56,5.76,7.065,7.232,7.47,5.4,1.173,211,158,0.33,15.256,1249
Apr-95,"$134,000 ","$157,800 ",392,4011.1,4213.7,3935.3,4157.7,1756772932,2.4,4/1/95,6.3,5.69,7.078,7.203,7.443,5.8,1.197,163,158.3,0.33,14.378,1267
May-95,"$133,900 ","$158,000 ",389.75,4157.7,4348.9,4129.7,4321.3,1420066915,2.4,5/1/95,6.1,5.7,6.877,7.059,7.338,5.6,1.256,-20,158.5,0.2,14.806,1314
Jun-95,"$133,700 ","$160,200 ",384.3,4321.3,4480.7,4278.7,4465.1,1703727068,2.4,6/1/95,6.04,5.62,6.074,6.294,6.662,5.6,1.281,237,158.9,0.2,15.407,1281
Jul-95,"$131,000 ","$154,200 ",387.05,4465.1,4614.2,4394.6,4556.1,1703864662,2.7,7/1/95,6.11,5.42,5.963,6.199,6.628,5.7,1.252,93,159.2,0,14.7,1461
Aug-95,"$134,900 ","$162,000 ",383.35,4556.1,4768,4530.3,4708.5,1647354139,2.7,8/1/95,5.55,5.42,6.162,6.433,6.855,5.7,1.222,256,159.7,0.26,15.368,1416
Sep-95,"$130,000 ","$155,600 ",382.35,4708.5,4772.6,4552.8,4610.6,1609691728,2.7,9/1/95,5.72,5.28,6.073,6.29,6.652,5.6,1.206,239,160,0.2,15.338,1369
Oct-95,"$135,200 ","$156,200 ",384,4610.6,4839.5,4594.7,4789.1,1590651884,2.2,10/1/95,6.2,5.27,6,6.161,6.484,5.5,1.185,157,160.3,0.33,14.861,1369
Nov-95,"$137,000 ","$160,700 ",382.65,4789.1,4845.1,4638.4,4755.5,1812879691,2.2,11/1/95,5.76,5.34,5.816,6.016,6.335,5.6,1.161,144,160.5,-0.07,15.38,1452
Dec-95,"$138,600 ","$165,600 ",387.8,4755.5,5143.1,4719.7,5074.5,1707631579,2.2,12/1/95,5.56,5.32,5.509,5.733,6.125,5.6,1.16,146,160.5,-0.07,16.262,1431
Jan-96,"$131,900 ","$155,300 ",387,5074.5,5266.7,5016.7,5117.1,1629985712,2.6,1/1/96,4.73,4.94,5.384,5.583,5.953,5.6,1.186,-5,161.4,0.59,14.812,1467
Feb-96,"$139,400 ","$163,700 ",405.55,5117.1,5433.2,5000.1,5395.3,2072492469,2.6,2/1/96,5.27,4.91,5.243,5.593,6.042,5.5,1.181,421,162.2,0.32,15.587,1491
Mar-96,"$137,000 ","$162,100 ",400.65,5395.3,5693.4,5319.4,5485.6,1976621064,2.6,3/1/96,5.81,4.86,5.639,6.034,6.423,5.5,1.219,257,162.8,0.52,16.044,1424
Apr-96,"$140,000 ","$170,000 ",396.35,5485.6,5755.9,5395.3,5587.1,2026511272,4,4/1/96,5.53,4.99,6.071,6.312,6.661,5.6,1.305,167,162.9,0.39,15.466,1516
May-96,"$136,500 ","$163,300 ",391.3,5587.1,5737.1,5382.7,5569.1,2002256379,4,5/1/96,5.41,5,6.435,6.689,6.921,5.6,1.378,328,163,0.19,15.993,1504
Jun-96,"$140,000 ","$166,500 ",390.55,5569.1,5833,5327.7,5643.2,2012287210,4,6/1/96,5.31,5.05,6.656,6.874,7.022,5.3,1.354,282,163.1,0.06,15.256,1467
Jul-96,"$144,200 ","$168,400 ",382,5643.2,5770.6,5559.7,5654.6,1788428570,4.1,7/1/96,7.8,5.04,6.477,6.724,6.909,5.5,1.328,242,163.4,0.19,15.074,1472
Aug-96,"$137,000 ","$159,700 ",385.3,5654.6,5769.9,5170.1,5528.9,1853063892,4.1,8/1/96,6.29,5.16,6.543,6.772,6.955,5.1,1.298,187,164,0.19,15.486,1557
Sep-96,"$139,000 ","$167,400 ",386.45,5528.9,5762,5507.8,5616.2,1664736089,4.1,9/1/96,5.28,5.19,6.792,6.989,7.152,5.2,1.293,211,164.6,0.32,15.534,1475
Oct-96,"$143,800 ","$168,400 ",379,5616.2,5952.1,5550.4,5882.2,1820246604,4.4,10/1/96,5.53,5.01,6.456,6.703,6.923,5.2,1.287,256,165.1,0.32,15.308,1392
Nov-96,"$143,500 ","$172,000 ",379.5,5882.2,6162.8,5833.7,6029.4,2190076685,4.4,11/1/96,5.19,5.01,6.037,6.307,6.621,5.4,1.308,295,165.4,0.19,15.712,1489
Dec-96,"$144,900 ","$171,800 ",371.3,6029.4,6606.3,5975.3,6521.7,2009280448,4.4,12/1/96,5.44,5,5.846,6.056,6.368,5.4,1.318,183,165.7,0,15.183,1370
Jan-97,"$145,000 ","$171,900 ",369.25,6521.7,6624,6206.8,6448.3,2050188733,4.3,1/1/97,6.26,5.05,6.199,6.407,6.632,5.3,1.318,220,166.2,0.32,15.682,1355
Feb-97,"$143,000 ","$171,100 ",345.5,6448.3,6953.6,6319,6813.1,2624190200,4.3,2/1/97,5.37,5.01,6.242,6.489,6.781,5.2,1.312,310,166.9,0.31,15.271,1486
Mar-97,"$148,000 ","$172,700 ",358.6,6813.1,7112.9,6683.4,6877.7,2192133834,4.3,3/1/97,5.5,5.09,6.406,6.579,6.827,5.2,1.293,317,167.3,0.25,15.816,1457
Apr-97,"$150,000 ","$179,500 ",348.15,6877.7,7158.3,6532.5,6583.5,2262543603,4.3,4/1/97,6.18,5.18,6.744,6.898,7.098,5.1,1.288,297,167.1,0.12,15.058,1492
May-97,"$141,000 ","$170,700 ",340.15,6583.5,7081.2,6315.8,7009,2359768426,4.3,5/1/97,5.73,5.1,6.558,6.698,6.946,4.9,1.284,261,166.8,-0.06,15.088,1442
Jun-97,"$145,000 ","$179,400 ",345.6,7009,7430.2,6891.4,7331,2279697780,4.3,6/1/97,5.58,4.81,6.485,6.642,6.898,5,1.286,268,167,0.12,14.524,1494
Jul-97,"$145,900 ","$175,500 ",334.55,7331,7868.4,7214.3,7672.8,2449161691,4.7,7/1/97,6.24,5.11,6.383,6.498,6.787,4.9,1.263,294,167.6,0.12,15.568,1437
Aug-97,"$144,000 ","$170,700 ",326.35,7672.8,8329,7613.5,8222.6,2697320291,4.7,8/1/97,5.65,5.08,5.883,5.992,6.279,4.8,1.31,-20,167.8,0.19,16.148,1390
Sep-97,"$146,300 ","$177,500 ",325.35,8222.6,8340.1,7580.9,7622.4,2392353348,4.7,9/1/97,5.52,5.09,6.25,6.356,6.623,4.9,1.334,495,168.4,0.25,15.096,1546
Oct-97,"$141,500 ","$172,900 ",332.1,7651,8078.4,7556.2,7945.3,2567593946,4.5,10/1/97,5.65,4.96,5.963,6.081,6.379,4.7,1.3,346,168.7,0.25,15.431,1520
Nov-97,"$145,000 ","$175,400 ",311.4,7945.3,8218.3,6936.5,7442.1,3161787956,4.5,11/1/97,5.56,5.08,5.757,5.877,6.189,4.6,1.271,306,168.5,-0.06,15.825,1510
Dec-97,"$145,900 ","$175,800 ",296.8,7443.1,7934.5,7334.8,7823.1,2294801508,4.5,12/1/97,5.92,5.07,5.823,5.851,6.03,4.7,1.236,313,168.4,-0.12,16.474,1566
Jan-98,"$148,000 ","$178,600 ",290.2,7823.6,8209.6,7563.2,7908.3,2697491719,4.9,1/1/98,5.84,5.2,5.705,5.731,5.92,4.6,1.186,264,168.8,0.19,14.789,1525
Feb-98,"$156,000 ","$181,600 ",304.85,7908.3,8072.9,7391.6,7906.5,2872292482,4.9,2/1/98,5.48,5.06,5.399,5.528,5.816,4.6,1.137,201,169.1,0.19,15.232,1584
Mar-98,"$152,700 ","$178,500 ",297.4,7987.5,8616.7,7987.5,8545.7,2629297010,4.9,3/1/98,5.57,5.18,5.602,5.628,5.942,4.7,1.097,150,169.3,0.19,15.405,1567
Apr-98,"$148,000 ","$176,700 ",301,8528.8,8997.1,8377.3,8799.8,3094644343,4.1,4/1/98,5.72,4.99,5.609,5.641,5.929,4.3,1.106,279,169.5,0.18,15.923,1540
May-98,"$153,200 ","$183,500 ",310.7,8818.5,9287.3,8715.6,9063.4,3080314297,4.1,5/1/98,5.46,4.86,5.619,5.642,5.922,4.4,1.146,402,169.4,0.18,17.057,1536
Jun-98,"$148,000 ","$175,900 ",293.6,9106.5,9312,8761,8900,2588828589,4.1,6/1/98,5.79,4.88,5.514,5.526,5.772,4.5,1.148,232,169.6,0.12,16.771,1641
Jul-98,"$149,900 ","$179,800 ",296.3,8907.9,9155,8524.6,8952,3056835329,4.1,7/1/98,6.35,4.96,5.469,5.45,5.632,4.5,1.134,126,169.9,0.12,14.668,1698
Aug-98,"$154,900 ","$186,500 ",288.85,9011.6,9412.6,8786.5,8883.3,3201834561,4.1,8/1/98,5.63,4.95,5.484,5.474,5.705,4.5,1.108,338,170.5,0.12,14.796,1614
Sep-98,"$155,000 ","$182,700 ",273.4,8868.1,8948.2,7517.7,7539.1,3399597715,4.1,9/1/98,5.75,4.8,4.869,5.02,5.307,4.6,1.091,213,170.6,0.12,16.313,1582
Oct-98,"$154,500 ","$182,800 ",293.85,7583.1,8253.8,7379.7,7842.6,3770093247,4.9,10/1/98,5.73,4.23,4.126,4.326,4.908,4.5,1.099,204,171.3,0.24,17.131,1715
Nov-98,"$151,000 ","$178,600 ",292.3,7749.4,8718.3,7399.8,8592.1,4060522572,4.9,11/1/98,5.35,4.23,4.257,4.626,5.179,4.4,1.086,275,171.2,0,16.118,1660
Dec-98,"$152,500 ","$183,300 ",294.7,8645.7,9458,8573.6,9116.6,3034123292,4.9,12/1/98,4.82,4.4,4.434,4.678,5.058,4.4,1.046,364,171.2,-0.06,17.409,1792
Jan-99,"$153,100 ","$182,900 ",287.8,9039.6,9390.8,8610.6,9181.4,3424387223,4.8,1/1/99,4.07,4.35,4.517,4.638,5.066,4.3,1.031,106,171.4,0.24,16.593,1748
Feb-99,"$160,000 ","$191,400 ",285.4,9212.8,9759.4,8994.3,9358.8,3657180465,4.8,2/1/99,4.86,4.38,4.572,4.673,5.102,4.4,1.014,418,171.6,0.12,17.097,1670
Mar-99,"$157,300 ","$189,300 ",287.05,9405.4,9662.8,9025.4,9306.6,3283276694,4.8,3/1/99,5.1,4.55,5.205,5.285,5.589,4.2,1.048,108,171.9,0.3,16.832,1710
Apr-99,"$159,900 ","$192,200 ",279.45,9315.3,10158.6,9163.4,9786.2,4060714261,4.7,4/1/99,5.41,4.37,5.071,5.208,5.612,4.3,1.232,371,172.8,0.73,16.929,1553
May-99,"$154,400 ","$187,900 ",286.6,9825.3,11072.3,9707.9,10789,4178165414,4.7,5/1/99,5.03,4.43,5.226,5.363,5.68,4.2,1.233,212,172.8,0,17.564,1611
Jun-99,"$159,300 ","$193,900 ",268.6,10788.8,11244.4,10373,10559.7,3582013511,4.7,6/1/99,4.78,4.53,5.623,5.649,5.849,4.3,1.204,277,173.1,0,17.346,1559
Jul-99,"$158,200 ","$189,100 ",261,10549.1,11120.2,10334.4,10970.8,3626880454,4.7,7/1/99,5.76,4.64,5.687,5.823,6.001,4.3,1.244,321,173.4,0.3,17.688,1669
Aug-99,"$154,800 ","$193,100 ",255.6,10972.4,11321.6,10595,10655.2,3458555655,4.7,8/1/99,5.07,4.62,5.785,5.898,6.099,4.2,1.309,156,174.1,0.24,17.641,1648
Sep-99,"$163,200 ","$194,800 ",254.8,10654.8,11428.9,10487.3,10829.3,3568093981,4.7,9/1/99,5.41,4.83,5.861,5.966,6.07,4.2,1.334,205,174.8,0.48,17.662,1635
Oct-99,"$161,100 ","$200,200 ",299,10828.4,11218.4,10055.2,10337,3707977444,4.8,10/1/99,5.26,4.73,5.804,5.923,6.086,4.1,1.329,409,175.5,0.18,17.684,1608
Nov-99,"$172,000 ","$211,500 ",299.1,10335.7,10883.1,9884.2,10729.9,4247819610,4.8,11/1/99,5.38,4.97,5.966,6.036,6.161,4.1,1.319,289,175.5,0.06,17.62,1648
Dec-99,"$164,800 ","$202,100 ",291.35,10730.8,11112.8,10536.3,10877.8,4109329491,4.8,12/1/99,5.71,5.15,6.148,6.224,6.321,4,1.353,307,175.5,0,18.322,1708
Jan-00,"$163,500 ","$200,300 ",290.25,10876.5,11568.8,10859.7,11497.1,4018609185,4.2,1/1/00,3.99,5.23,6.411,6.498,6.537,4,1.356,234,176.2,0.3,18.635,1636
Feb-00,"$162,400 ","$199,200 ",283.3,11501.8,11750.3,10701.6,10940.5,4821629041,4.2,2/1/00,5.79,5.56,6.653,6.63,6.473,4.1,1.422,116,177.6,0.59,19.401,1737
Mar-00,"$165,100 ","$204,900 ",293.65,10937.7,11118.9,9836.06,10128.3,4574187369,4.2,3/1/00,5.78,5.61,6.585,6.388,6.124,4,1.594,473,178.5,0.82,18.343,1604
Apr-00,"$162,600 ","$207,300 ",276.75,10128.1,11234.7,9731.81,10921.9,5970887097,5.3,4/1/00,6.17,5.71,6.3,6.002,5.827,3.8,1.561,291,178.5,0.06,17.939,1626
May-00,"$164,700 ","$200,000 ",275.05,10863.3,11425.5,10201.5,10733.9,5239047252,5.3,5/1/00,6.17,5.67,6.561,6.227,5.969,4,1.552,218,178.4,0.12,17.943,1575
Jun-00,"$160,100 ","$197,700 ",272.25,10749.4,10971.2,10258.8,10522.3,4570319640,5.3,6/1/00,6.65,5.43,6.509,6.272,6.012,4,1.666,-39,179,0.52,17.596,1559
Jul-00,"$169,000 ","$202,200 ",288.15,10532.3,10863,10335.5,10447.9,4364910329,4.1,7/1/00,6.86,5.71,6.19,6.035,5.898,4,1.642,168,179.8,0.23,17.316,1463
Aug-00,"$166,600 ","$200,200 ",276.75,10450.4,10874.6,10393.1,10522,3710791776,4.1,8/1/00,6.51,6.07,6.129,6.02,5.774,4.1,1.559,-7,179.9,0,17.531,1541
Sep-00,"$171,500 ","$208,300 ",277,10523.8,11319.1,10518.3,11215.1,3757717223,4.1,9/1/00,6.52,6.11,5.966,5.716,5.67,3.9,1.635,124,180.7,0.52,18.654,1507
Oct-00,"$176,300 ","$215,100 ",273.65,11219.5,11401.2,10567.3,10650.9,4654259909,3,10/1/00,6.6,6.03,5.833,5.791,5.869,3.9,1.613,1,181.2,0.17,17.514,1549
Nov-00,"$174,700 ","$210,700 ",264.5,10659.1,10995.4,9651.68,10971.1,6252273325,3,11/1/00,6.61,6.17,5.782,5.74,5.773,3.9,1.608,205,181.5,0.06,16.634,1551
Dec-00,"$162,000 ","$208,100 ",269.1,10966.2,11006.5,10292.4,10414.5,4808681449,3,12/1/00,6.6,6.05,5.45,5.493,5.627,3.9,1.544,152,181.3,-0.06,16.222,1532
1-Jan,"$171,300 ","$209,000 ",274.45,10416.8,10917.7,10299.2,10786.8,5150405641,2.3,1/1/01,5.41,5.71,4.94,5.075,5.433,4.2,1.525,-10,182.2,0.63,17.652,1600
1-Feb,"$169,100 ","$211,000 ",264.5,10790.9,11028,10468,10887.4,5626039747,2.3,2/1/01,5.57,4.83,4.73,5.082,5.48,4.2,1.538,92,182.8,0.4,17.826,1625
1-Mar,"$166,300 ","$210,200 ",266.7,10884.8,11035.1,10294,10495.3,4081942667,2.3,3/1/01,5.59,4.7,4.621,4.86,5.287,4.3,1.503,-43,183.7,0.23,17.248,1590
1-Apr,"$175,200 ","$205,500 ",257.7,10493.2,10859.5,9106.54,9878.78,5797302326,1.1,4/1/01,5.29,4.17,4.506,4.886,5.441,4.4,1.617,-286,184.2,0.4,16.872,1649
1-May,"$175,300 ","$211,400 ",263.15,9877.16,10906.4,9375.72,10735,5167709050,1.1,5/1/01,4.61,3.77,4.865,5.326,5.779,4.3,1.812,-49,184.6,0.45,16.876,1605
1-Jun,"$179,400 ","$211,700 ",267.5,10734,11350,10673.2,10911.9,4507964740,1.1,6/1/01,4.14,3.53,4.89,5.366,5.754,4.5,1.731,-114,185.3,0.17,17.464,1636
1-Jul,"$175,000 ","$209,300 ",270.6,10913.6,11196.5,10394.7,10502.4,4608307800,0.5,7/1/01,3.95,3.63,4.936,5.408,5.75,4.6,1.565,-125,185,-0.28,16.463,1670
1-Aug,"$173,700 ","$207,500 ",265.9,10505,10679.1,10120.9,10522.8,4350501786,0.5,8/1/01,3.79,3.45,4.528,5.054,5.524,4.9,1.509,-144,185.1,0,16.348,1567
1-Sep,"$166,400 ","$203,300 ",273,10527.4,10609.7,9869.14,9949.75,3865174075,0.5,9/1/01,3.66,3.28,4.393,4.848,5.385,5,1.609,-252,185.1,0.45,16.365,1562
1-Oct,"$171,300 ","$207,100 ",293.1,9946.98,10182.4,8062.34,8847.56,5207049382,0.2,10/1/01,3.02,2.31,3.769,4.567,5.415,5.3,1.442,-323,185,-0.34,22.055,1540
1-Nov,"$168,100 ","$206,900 ",278.75,8845.97,9598.17,8732.14,9075.14,5468723056,0.2,11/1/01,2.61,1.99,3.513,4.217,4.812,5.5,1.324,-310,185,-0.17,18.031,1602
1-Dec,"$180,200 ","$228,700 ",275.5,9087.45,9992.79,9014.46,9851.56,4378427993,0.2,12/1/01,2.06,1.73,4.041,4.735,5.267,5.7,1.2,-161,184.2,-0.39,16.465,1568
2-Jan,"$187,100 ","$226,900 ",276.5,9848.93,10184.5,9703.9,10021.5,4058000507,1.3,1/1/02,1.52,1.7,4.363,5.066,5.494,5.7,1.209,-129,184.9,0.23,16.523,1698
2-Feb,"$191,100 ","$226,500 ",282.3,10021.7,10300.2,9529.46,9920,4715215495,1.3,2/1/02,1.77,1.73,4.392,5.041,5.439,5.7,1.21,-116,186.1,0.4,17.304,1829
2-Mar,"$183,400 ","$227,100 ",296.85,9923.04,10255.2,9580.32,10106.1,4394349355,1.3,3/1/02,1.78,1.73,4.209,4.891,5.429,5.7,1.324,-20,187,0.56,17.109,1642
2-Apr,"$187,100 ","$228,100 ",301.4,10111,10673.1,10111,10403.9,4373945708,1.3,4/1/02,1.88,1.75,4.787,5.39,5.805,5.9,1.493,-96,187.8,0.56,17.667,1592
2-May,"$181,000 ","$226,500 ",308.2,10402.1,10402.1,9811.57,9946.22,5096757124,1.3,5/1/02,1.88,1.73,4.398,5.083,5.587,5.8,1.508,11,187.7,0,16.198,1764
2-Jun,"$190,600 ","$225,200 ",326.6,9944.9,10353.4,9802.23,9925.25,4790794094,1.3,6/1/02,1.79,1.702,4.4,5.078,5.637,5.8,1.489,48,187.8,0.06,16.953,1717
2-Jul,"$175,600 ","$217,800 ",318.5,9923.94,9986.49,8926.57,9243.26,5824154587,2.2,7/1/02,1.83,1.657,4.032,4.805,5.508,5.8,1.496,-91,188.3,0.11,18.144,1655
2-Aug,"$178,900 ","$221,300 ",304.65,9239.25,9410.38,7532.66,8736.59,7955760203,2.2,8/1/02,1.79,1.667,3.428,4.445,5.311,5.7,1.508,-1,189.3,0.33,18.449,1633
2-Sep,"$177,500 ","$215,300 ",312.8,8732.58,9077.01,8030.82,8663.5,5734849071,2.2,9/1/02,1.81,1.632,3.114,4.054,4.881,5.7,1.507,-79,189.5,0.17,16.665,1804
2-Oct,"$189,200 ","$231,300 ",323.7,8659.27,8726.9,7460.78,7591.93,5697561541,2.1,10/1/02,1.85,1.532,2.661,3.684,4.706,5.7,1.535,119,189.9,0.17,16.26,1648
2-Nov,"$181,200 ","$227,100 ",316.9,7593.04,8558.63,7197.49,8397.03,7781870317,2.1,11/1/02,1.74,1.412,2.758,3.909,5.003,5.9,1.534,-11,190.1,0,16.52,1753
2-Dec,"$197,600 ","$237,800 ",319.05,8395.64,8950.33,8298.68,8896.09,5538223518,2.1,12/1/02,1.23,1.212,3.401,4.35,5.147,6,1.477,-144,189.6,-0.22,17.866,1788
3-Jan,"$181,700 ","$230,200 ",347.2,8902.95,9043.37,8242.91,8341.63,4724496338,1.8,1/1/03,1.16,1.187,2.794,3.875,4.826,5.8,1.557,108,190.5,0.44,16.706,1853
3-Feb,"$187,000 ","$233,400 ",367.5,8342.38,8869.29,7917.16,8053.81,5655588165,1.8,2/1/03,1.33,1.15,2.985,4.003,4.87,5.9,1.686,-135,191.7,0.77,16.114,1629
3-Mar,"$185,100 ","$231,100 ",347.45,8053.74,8152.53,7628.99,7891.08,4427989377,1.8,3/1/03,1.33,1.175,2.686,3.711,4.688,5.9,1.791,-215,193,0.6,16.466,1726
3-Apr,"$189,500 ","$237,200 ",334.85,7890.24,8522.18,7416.64,7992.13,5397348162,2,4/1/03,1.29,1.097,2.717,3.804,4.816,6,1.704,-52,192.6,-0.22,16.754,1643
3-May,"$195,500 ","$243,700 ",336.75,7992.83,8559.77,7979.69,8480.09,5198309174,2,5/1/03,1.3,1.097,2.733,3.832,4.762,6.1,1.587,16,192.7,-0.16,16.471,1751
3-Jun,"$187,900 ","$239,700 ",361.4,8478.48,8868.33,8340.23,8850.26,5143361373,2,6/1/03,1.28,1.087,2.337,3.408,4.405,6.3,1.558,-1,192.8,0.11,17.014,1867
3-Jul,"$190,200 ","$248,400 ",346,8851.45,9352.77,8851.45,8985.44,5352016335,3.3,7/1/03,1.11,0.882,2.401,3.507,4.55,6.2,1.567,-2,193.5,0.11,17.113,1897
3-Aug,"$190,500 ","$241,000 ",354.75,8983.66,9361.4,8871.2,9233.8,5244105085,3.3,8/1/03,1,0.93,3.395,4.585,5.484,6.1,1.671,-40,194.3,0.38,18.262,1833
3-Sep,"$192,000 ","$254,500 ",375.6,9232.68,9499.97,8997.11,9415.82,4181936494,3.3,9/1/03,1.01,0.958,3.564,4.561,5.281,6.1,1.771,112,195,0.33,17.287,1939
3-Oct,"$194,100 ","$242,800 ",388,9416.67,9686.08,9230.47,9275.06,4884004381,4.3,10/1/03,1.11,0.91,2.836,3.949,4.888,6,1.646,194,195.4,-0.11,16.49,1967
3-Nov,"$207,100 ","$268,300 ",386.25,9276.8,9850.01,9276.8,9801.12,5274191220,4.3,11/1/03,1.03,0.931,3.273,4.326,5.155,5.8,1.578,17,195.1,-0.27,17.563,2083
3-Dec,"$196,000 ","$253,900 ",398.35,9802.46,9903.57,9585.5,9782.46,4292421359,4.3,12/1/03,1.03,0.912,3.383,4.343,5.131,5.7,1.538,115,194.9,-0.11,17.357,2057
4-Jan,"$209,500 ","$262,100 ",416.25,9785.35,10462.4,9785.35,10453.9,4954522225,4.3,1/1/04,0.94,0.907,3.242,4.272,5.093,5.7,1.635,182,195.9,0.49,16.694,1911
4-Feb,"$219,600 ","$264,100 ",399.75,10452.7,10705.2,10367.4,10488.1,4996205403,4.3,2/1/04,1.03,0.901,3.176,4.166,4.99,5.6,1.715,57,196.8,0.54,17.032,1846
4-Mar,"$209,600 ","$261,000 ",395.85,10487.8,10753.6,10434.7,10583.9,4436584843,4.3,3/1/04,1.04,0.932,2.957,3.986,4.848,5.8,1.809,312,198.6,0.64,17.246,1998
4-Apr,"$222,300 ","$269,300 ",423.7,10582.2,10695.5,10007.5,10357.7,6096557327,4.2,4/1/04,1.03,0.922,2.781,3.837,4.779,5.6,1.875,270,199.4,0.32,16.9,2003
4-May,"$211,700 ","$260,400 ",388.5,10357.5,10570.8,10219.2,10225.6,5484370200,4.2,5/1/04,1.03,0.954,3.652,4.532,5.306,5.6,2.05,284,199.9,0.59,18.187,1981
4-Jun,"$215,700 ","$263,200 ",393.25,10227.3,10386.3,9852.19,10188.5,4764277640,4.2,6/1/04,1.02,1.054,3.814,4.679,5.371,5.6,2.083,97,201.1,0.32,16.174,1828
4-Jul,"$212,400 ","$279,200 ",395.8,10187.2,10487.5,10134.9,10435.5,4924254318,3.4,7/1/04,1.4,1.27,3.795,4.602,5.306,5.5,1.982,57,201,-0.16,17.304,2002
4-Aug,"$218,100 ","$272,200 ",391.4,10434,10448.1,9913.92,10139.7,5483505408,3.4,8/1/04,1.29,1.4,3.641,4.432,5.174,5.4,1.941,91,201,0.05,17.158,2024
4-Sep,"$211,600 ","$269,200 ",407.25,10138.5,10211.2,9783.91,10173.9,4516381499,3.4,9/1/04,1.53,1.562,3.276,4.094,4.91,5.4,1.934,157,201.2,0.21,17.876,1905
4-Oct,"$229,200 ","$289,600 ",415.65,10170.1,10363.4,9977.92,10080.3,5177046388,3.3,10/1/04,1.86,1.668,3.411,4.162,4.922,5.5,2.072,354,202.5,0.53,17.514,2072
4-Nov,"$224,500 ","$283,200 ",425.55,10082,10270.4,9708.4,10027.5,5847212966,3.3,11/1/04,1.83,1.87,3.309,4.05,4.813,5.4,2.053,55,202.6,0.05,17.362,1782
4-Dec,"$229,600 ","$284,300 ",453.4,10028.7,10602.8,10010.2,10428,6250225546,3.3,12/1/04,2.04,2.172,3.674,4.338,5.004,5.4,1.926,123,201.9,-0.37,18.102,2042
5-Jan,"$223,100 ","$283,000 ",435.6,10425.8,10868.1,10418.6,10783,6515191653,3.9,1/1/05,1.97,2.199,3.652,4.257,4.856,5.3,1.866,147,202.6,0.21,16.888,2144
5-Feb,"$237,300 ","$289,100 ",422.15,10783.8,10867.4,10368.6,10489.9,6031059007,3.9,2/1/05,2.4,2.457,3.7,4.129,4.573,5.4,1.96,259,203.6,0.58,16.887,2207
5-Mar,"$229,300 ","$289,600 ",435.45,10489.7,10853.4,10489.6,10766.2,5740829904,3.9,3/1/05,2.39,2.697,3.99,4.363,4.709,5.2,2.107,122,206,0.78,17.417,1864
5-Apr,"$236,300 ","$289,100 ",427.5,10769,10984.5,10396.2,10503.8,6509018561,3.6,4/1/05,2.83,2.727,4.169,4.488,4.754,5.2,2.325,364,206.9,0.67,17.754,2061
5-May,"$228,300 ","$287,400 ",435.7,10504.6,10568.9,10000.5,10192.5,6566426202,3.6,5/1/05,2.97,2.837,3.893,4.192,4.5,5.1,2.257,170,206.2,-0.1,17.414,2025
5-Jun,"$226,100 ","$279,600 ",414.45,10192,10560.8,10075.5,10467.5,5405359615,3.6,6/1/05,3.02,2.907,3.707,3.97,4.308,5,2.218,251,206.2,0.05,18.483,2068
5-Jul,"$229,200 ","$289,300 ",437.1,10462.9,10656.3,10253.5,10275,5590890718,3.5,7/1/05,3.36,3.06,3.735,3.944,4.208,5,2.357,357,207.9,0.46,21.129,2054
5-Aug,"$240,100 ","$295,000 ",429,10273.6,10717.7,10175.4,10640.9,5453171925,3.5,8/1/05,3.3,3.335,4.139,4.3,4.491,4.9,2.548,203,208.7,0.51,17.419,2095
5-Sep,"$240,400 ","$299,600 ",433.25,10641.8,10719.4,10349.4,10481.6,5763779368,3.5,9/1/05,3.57,3.428,3.894,4.043,4.283,5,2.969,66,210.8,1.22,16.928,2151
5-Oct,"$243,900 ","$293,600 ",473.25,10481.4,10701.8,10351,10568.7,6008000387,3.1,10/1/05,3.93,3.475,4.184,4.32,4.558,5,2.83,90,211.5,0.2,15.336,2065
5-Nov,"$237,900 ","$294,400 ",470.75,10569.5,10608.6,10156.5,10440.1,6834894029,3.1,11/1/05,3.99,3.865,4.432,4.545,4.742,5,2.387,339,210,-0.8,16.524,2147
5-Dec,"$238,600 ","$290,200 ",495.65,10437.5,10959.8,10388.8,10805.9,6394007999,3.1,12/1/05,4.03,3.852,4.404,4.476,4.683,4.9,2.23,156,209,-0.4,17.174,1994
6-Jan,"$244,900 ","$301,000 ",513,10806,10940.3,10709.4,10717.5,5972404221,3.4,1/1/06,4.09,4.025,4.385,4.424,4.587,4.7,2.359,278,211,0.76,18.081,2273
6-Feb,"$250,800 ","$307,900 ",568.75,10718.3,11047.8,10661.2,10864.9,6656130280,3.4,2/1/06,4.47,4.352,4.461,4.529,4.695,4.8,2.354,307,211.6,0.2,17.072,2119
6-Mar,"$238,800 ","$298,800 ",556,10862.1,11159.2,10737.7,10993.4,5759103824,3.4,3/1/06,4.52,4.497,4.604,4.561,4.53,4.7,2.444,310,212.8,0.55,16.959,1969
6-Apr,"$257,000 ","$310,300 ",582,10993.2,11335,10922.7,11109.3,6681439280,3.1,4/1/06,5,4.515,4.842,4.884,4.928,4.7,2.801,158,214.7,0.85,17.129,1821
6-May,"$238,200 ","$293,900 ",644,11113,11417.7,11039.1,11367.1,5584036800,3.1,5/1/06,4.84,4.65,4.92,5.059,5.155,4.6,2.993,40,215.7,0.5,16.729,1942
6-Jun,"$243,200 ","$305,000 ",653,11367.8,11670.2,11030.5,11168.3,7297653200,3.1,6/1/06,5.02,4.722,5.05,5.137,5.238,4.6,2.963,81,216.7,0.2,16.901,1802
6-Jul,"$238,100 ","$311,300 ",613.5,11169,11285.8,10698.8,11150.2,6915326416,2.4,7/1/06,5.05,4.885,5.112,5.155,5.201,4.7,3.046,196,217.5,0.3,17.655,1737
6-Aug,"$243,900 ","$317,300 ",632.5,11149.3,11257.1,10683.3,11185.7,5548663680,2.4,8/1/06,5.27,4.935,4.92,5.002,5.082,4.7,3.033,175,218.1,0.2,16.459,1650
6-Sep,"$226,700 ","$296,200 ",623.5,11184.8,11407.1,11042.6,11381.2,4546816896,2.4,9/1/06,5.25,4.905,4.683,4.724,4.869,4.5,2.637,147,216.3,-0.49,16.975,1720
6-Oct,"$250,400 ","$306,800 ",599.25,11382.8,11742,11323.8,11679.1,4494894352,2.6,10/1/06,5.34,4.775,4.601,4.653,4.784,4.4,2.319,10,215.2,-0.54,16.866,1491
6-Nov,"$240,100 ","$291,800 ",603.75,11679,12167,11653,12080.7,5543222544,2.6,11/1/06,5.23,4.94,4.572,4.61,4.72,4.5,2.287,212,214.8,-0.15,16.657,1570
6-Dec,"$244,700 ","$301,900 ",646.7,12080.2,12361,11965.3,12221.9,4722838008,2.6,12/1/06,5.27,4.89,4.461,4.479,4.578,4.4,2.38,186,215.2,0.15,17.107,1649
7-Jan,"$254,400 ","$314,600 ",632,12221,12529.9,12090,12463.2,4336607552,1.5,1/1/07,5.17,4.92,4.648,4.658,4.766,4.6,2.321,225,215.813,0.31,16.896,1409
7-Feb,"$250,800 ","$321,500 ",650.5,12459.5,12657,12337.4,12621.7,4992601600,1.5,2/1/07,5.29,4.975,4.807,4.814,4.913,4.5,2.333,80,216.651,0.54,17.169,1480
7-Mar,"$262,600 ","$329,400 ",664.2,12617.2,12795.9,12086,12268.6,4347410528,1.5,3/1/07,5.31,4.98,4.463,4.523,4.648,4.4,2.639,237,218.334,0.91,16.436,1495
7-Apr,"$242,500 ","$311,700 ",661.75,12265.6,12511,11939.6,12354.3,5632851904,1.8,4/1/07,5.3,4.89,4.528,4.638,4.836,4.5,2.909,50,219.501,0.65,16.617,1490
7-May,"$245,000 ","$309,700 ",677,12354.5,13162,12324.3,13062.9,4819809060,1.8,5/1/07,5.26,4.765,4.503,4.618,4.805,4.4,3.176,152,220.591,0.61,16.661,1415
7-Jun,"$235,500 ","$306,500 ",659.1,13062.8,13673.1,13041.3,13627.6,4992619767,1.8,6/1/07,5.23,4.62,4.859,4.898,5.019,4.6,3.1,76,221.579,0.19,16.179,1448
7-Jul,"$246,200 ","$307,100 ",650.5,13628.7,13692,13251.5,13408.6,5224570597,2.2,7/1/07,5.31,4.715,4.921,5.031,5.133,4.7,3.013,-33,221.945,-0.03,15.834,1354
7-Aug,"$236,500 ","$301,300 ",665.5,13409.6,14022,13199.8,13212,5512064484,2.2,8/1/07,5.3,4.77,4.549,4.733,4.902,4.6,2.833,-23,221.559,-0.18,16.38,1330
7-Sep,"$240,300 ","$292,200 ",672,13211.1,13695.8,12517.9,13357.7,6199185358,2.2,9/1/07,4.96,4.125,4.206,4.514,4.816,4.7,2.839,82,221.436,0.28,16.533,1183
7-Oct,"$234,300 ","$310,100 ",743,13358.4,13924.8,13021.9,13895.6,4328676932,2,10/1/07,4.92,3.81,4.229,4.579,4.831,4.7,2.843,76,221.951,0.21,16.456,1264
7-Nov,"$249,100 ","$316,800 ",789.5,13895.7,14198.1,13407.5,13930,5010929565,2,11/1/07,4.59,3.8,4.149,4.455,4.727,4.7,3.118,109,223.356,0.59,16.354,1197
7-Dec,"$227,700 ","$284,400 ",783.5,13924.2,13924.2,12724.1,13371.7,5980232601,2,12/1/07,4.66,3.09,3.385,3.944,4.376,5,3.069,110,223.425,-0.07,16.03,1037
8-Jan,"$232,400 ","$284,600 ",833.75,13368.2,13780.1,13092,13264.8,4310312383,1.1,1/1/08,3.06,3.265,3.441,4.033,4.451,5,3.096,13,224.325,0.5,15.706,1084
8-Feb,"$245,300 ","$301,200 ",923.25,13261.8,13279.5,11634.8,12650.4,7459824055,1.1,2/1/08,3.12,1.96,2.831,3.652,4.352,4.9,3.083,-82,225.213,0.29,15.492,1103
8-Mar,"$229,300 ","$287,600 ",971.5,12638.2,12767.7,12069.5,12266.4,5720329027,1.1,3/1/08,3.01,1.835,2.507,3.562,4.447,5.1,3.307,-48,226.926,0.87,15.116,1005
8-Apr,"$246,400 ","$314,300 ",933.5,12264.4,12622.1,11731.6,12262.9,6229017541,1.1,4/1/08,2.38,1.38,2.542,3.486,4.348,5,3.491,-236,228.133,0.61,14.602,1013
8-May,"$229,300 ","$298,200 ",871,12266.6,13010,12266.5,12820.1,5050809902,1.1,5/1/08,2.16,1.35,3.045,3.751,4.486,5.4,3.813,-184,230.089,0.84,14.697,973
8-Jun,"$234,300 ","$299,400 ",885.75,12818.3,13136.7,12442.6,12638.3,4530791067,1.1,6/1/08,1.98,1.84,3.796,4.025,4.705,5.6,4.115,-166,232.649,1.01,14.377,1046
8-Jul,"$237,300 ","$301,900 ",930.25,12637.7,12638.1,11287.5,11350,5309933092,0,7/1/08,2.11,1.83,3.295,3.942,4.501,5.8,4.142,-198,234.545,0.53,13.003,923
8-Aug,"$221,000 ","$265,500 ",918,11344.6,11698.2,10827.7,11378,5523442336,0,8/1/08,2.04,1.63,3.216,3.942,4.572,6.1,3.838,-279,233.788,-0.4,14.119,844
8-Sep,"$225,200 ","$287,100 ",833,11379.9,11867.1,11221.5,11543.5,3578224301,0,9/1/08,1.94,1.695,3.122,3.847,4.442,6.1,3.749,-460,232.841,-0.14,12.962,820
8-Oct,"$213,200 ","$274,000 ",884.5,11545.6,11790.2,10365.5,10850.7,6302320358,-2.8,10/1/08,1.15,0.75,2.888,3.748,4.237,6.5,3.225,-481,230.837,-1.01,10.933,777
8-Nov,"$221,600 ","$290,100 ",730.75,10847.4,10882.5,7882.51,9325.01,8361911096,-2.8,11/1/08,0.22,0.44,2.775,3.937,4.374,6.8,2.208,-727,227.236,-1.92,10.525,652
8-Dec,"$229,600 ","$263,100 ",814.5,9326.04,9651.01,7449.38,8829.04,6262885066,-2.8,12/1/08,0.52,0.02,1.87,2.883,3.385,7.3,1.742,-704,225.091,-1.03,10.383,560
9-Jan,"$208,600 ","$245,200 ",869.75,8826.89,9026.41,8141.04,8776.39,5701891354,-3.3,1/1/09,0.14,0.095,1.507,2.203,2.657,7.8,1.838,-783,225.436,0.44,9.786,490
9-Feb,"$209,700 ","$258,600 ",919.5,8772.25,9088.06,7909.03,8000.86,6261961262,-3.3,2/1/09,0.23,0.21,1.844,2.833,3.59,8.3,1.979,-742,226.754,0.5,9.223,582
9-Mar,"$205,100 ","$259,800 ",952,8000.62,8315.07,7033.62,7062.93,7134341690,-3.3,3/1/09,0.22,0.245,1.923,2.963,3.648,8.7,2,-803,227.309,0.24,9.748,505
9-Apr,"$219,200 ","$269,800 ",916.5,7056.48,7930.69,6469.95,7608.92,10561063894,-3.9,4/1/09,0.16,0.205,1.65,2.659,3.526,9,2.107,-694,227.84,0.25,9.38,478
9-May,"$222,300 ","$274,600 ",883.25,7606.13,8307.51,7483.87,8168.12,7795909336,-3.9,5/1/09,0.22,0.13,2.047,3.167,4.078,9.4,2.314,-344,228.136,0.29,10.176,540
9-Jun,"$214,700 ","$274,800 ",975.5,8167.41,8591.93,8099.31,8500.33,6614792069,-3.9,6/1/09,0.21,0.14,2.372,3.505,4.374,9.5,2.681,-465,229.93,0.86,10.149,585
9-Jul,"$214,200 ","$271,100 ",934.5,8501.53,8877.93,8259.43,8447,5524100354,-3,7/1/09,0.2,0.175,2.591,3.589,4.375,9.5,2.594,-341,230.154,-0.16,11.565,594
9-Aug,"$207,100 ","$257,800 ",939,8447.53,9246.43,8087.19,9171.61,4902335492,-3,8/1/09,0.18,0.175,2.593,3.565,4.368,9.6,2.677,-184,230.883,0.22,14.754,586
9-Sep,"$216,600 ","$290,300 ",955.5,9173.65,9628.77,9116.52,9496.28,4042188535,-3,9/1/09,0.15,0.145,2.38,3.399,4.189,9.8,2.626,-242,231.2,0.06,9.536,585
9-Oct,"$215,100 ","$263,800 ",995.75,9492.32,9917.99,9252.93,9712.28,4478504685,0.2,10/1/09,0.11,0.095,2.293,3.29,4.031,10,2.613,-198,231.304,0.1,10.576,534
9-Nov,"$218,800 ","$274,700 ",1040,9711.6,10119.5,9430.46,9712.73,5151146842,0.2,11/1/09,0.11,0.055,2.323,3.403,4.251,9.9,2.709,12,231.708,0.07,11.04,588
9-Dec,"$222,600 ","$278,300 ",1175.75,9712.13,10495.6,9678.95,10344.8,3813529922,0.2,12/1/09,0.13,0.055,2.014,3.231,4.231,9.9,2.671,-269,231.462,-0.18,11.284,581
10-Jan,"$218,200 ","$283,400 ",1087.5,10343.8,10580.3,10235.6,10428,4174011218,1.7,1/1/10,0.05,0.08,2.684,3.859,4.679,9.8,2.779,3,232.294,0.34,10.893,614
10-Feb,"$221,900 ","$284,100 ",1078.5,10430.7,10729.8,10043.8,10067.3,4388026634,1.7,2/1/10,0.14,0.06,2.378,3.633,4.518,9.8,2.709,-92,232.382,0.02,10.315,604
10-Mar,"$224,800 ","$262,900 ",1108.25,10069,10438.5,9835.09,10325.3,4279668738,1.7,3/1/10,0.14,0.125,2.303,3.617,4.559,9.9,2.829,180,233.188,0.41,11.772,636
10-Apr,"$208,300 ","$270,500 ",1115.5,10326.1,10955.5,10326.1,10856.6,4355611517,2.8,4/1/10,0.17,0.15,2.574,3.859,4.744,9.9,2.906,237,233.615,0.17,11.454,687
10-May,"$230,500 ","$281,100 ",1179.25,10857.3,11258,10844.1,11008.6,4237511255,2.8,5/1/10,0.2,0.155,2.455,3.695,4.549,9.6,2.915,534,234.13,0.08,12.03,583
10-Jun,"$219,500 ","$256,700 ",1207.5,11009.6,11177.7,9774.48,10136.6,5605683456,2.8,6/1/10,0.2,0.155,2.057,3.259,4.182,9.4,2.783,-136,233.834,-0.1,11.598,536
10-Jul,"$212,100 ","$252,100 ",1244,10133.9,10594.2,9753.84,9774.02,4941688684,3.2,7/1/10,0.17,0.17,1.785,2.929,3.878,9.4,2.783,-88,233.885,0.02,11.947,546
10-Aug,"$226,600 ","$268,800 ",1169,9773.27,10585,9614.32,10465.9,4199014665,3.2,8/1/10,0.18,0.14,1.622,2.934,4.022,9.5,2.795,-5,234.15,0.14,12.014,599
10-Sep,"$228,000 ","$270,800 ",1246,10468.8,10719.94,9936.62,10014.72,4081344058,3.2,9/1/10,0.19,0.135,1.346,2.491,3.542,9.5,2.754,-64,234.027,0.06,11.922,594
10-Oct,"$204,200 ","$254,400 ",1307,10016.01,10948.88,10016.01,10788.05,3764965610,2.6,10/1/10,0.2,0.155,1.294,2.546,3.72,9.4,2.843,269,234.671,0.12,12.414,543
10-Nov,"$219,600 ","$281,700 ",1346.75,10789.72,11247.6,10711.12,11118.49,3787264851,2.6,11/1/10,0.2,0.11,1.171,2.588,3.964,9.8,2.899,123,235.094,0.04,12.3,545
10-Dec,"$241,200 ","$291,700 ",1383.5,11120.3,11451.53,10929.28,11006.02,3808125402,2.6,12/1/10,0.2,0.16,1.582,2.903,4.173,9.3,3.031,74,235.141,0.17,12.606,539
11-Jan,"$240,100 ","$275,700 ",1405.5,11007.23,11625,11007.23,11577.51,3253319684,1.9,1/1/11,0.13,0.135,2.082,3.377,4.399,9.1,3.139,20,235.969,0.48,12.806,630
11-Feb,"$220,100 ","$262,800 ",1327,11577.43,12020.52,11573.87,11891.93,3681744272,1.9,2/1/11,0.18,0.15,2.007,3.428,4.611,9,3.215,213,237.11,0.49,13.081,517
11-Mar,"$220,500 ","$260,800 ",1411,11892.5,12391.29,11892.5,12226.34,3220478620,1.9,3/1/11,0.15,0.14,2.183,3.464,4.52,9,3.594,232,239.074,0.98,13.259,600
11-Apr,"$224,700 ","$268,900 ",1439,12226.49,12383.46,11555.48,12319.73,3851824889,1.7,4/1/11,0.11,0.045,2.268,3.498,4.506,9.1,3.863,321,240.267,0.64,13.327,554
11-May,"$222,000 ","$262,700 ",1535.5,12321.02,12832.83,12093.89,12810.54,3321114294,1.7,5/1/11,0.09,0.04,1.998,3.312,4.418,9,3.982,95,241.566,0.47,12.28,561
11-Jun,"$240,200 ","$273,100 ",1536.5,12810.16,12876,12309.52,12569.79,3578011273,1.7,6/1/11,0.1,0.055,1.652,3.015,4.193,9.1,3.753,235,241.69,-0.11,11.886,608
11-Jul,"$229,900 ","$270,300 ",1505.5,12569.41,12569.49,11862.53,12414.34,3876448867,0.9,7/1/11,0.08,0.025,1.753,3.147,4.362,9,3.703,61,242.282,0.09,12.719,623
11-Aug,"$219,600 ","$259,300 ",1628.5,12412.07,12753.89,12083.45,12143.24,3070041318,0.9,8/1/11,0.17,0.075,1.347,2.792,4.141,9,3.68,122,243.033,0.28,12.604,585
11-Sep,"$217,000 ","$255,400 ",1813.5,12144.22,12282.42,10604.07,11613.53,6188864691,0.9,9/1/11,0.08,0.01,0.937,2.202,3.576,9,3.664,236,243.323,0.15,13.356,650
11-Oct,"$224,800 ","$258,300 ",1620,11613.3,11716.84,10597.14,10913.38,4396505126,1.6,10/1/11,0.06,0.015,0.952,1.883,2.851,8.8,3.521,204,243.014,-0.21,13.731,610
11-Nov,"$214,300 ","$250,000 ",1722,10912.1,12284.31,10404.49,11955.01,3907750464,1.6,11/1/11,0.08,0.005,0.925,2.029,3.039,8.6,3.475,132,242.652,-0.08,13.742,711
11-Dec,"$218,600 ","$262,900 ",1746,11951.53,12187.51,11231.56,12045.68,3392029438,1.6,12/1/11,0.08,0.015,0.978,2.128,3.139,8.5,3.329,204,241.987,-0.25,13.798,694
12-Jan,"$221,700 ","$265,700 ",1531,12046.21,12328.47,11735.19,12217.56,3147686104,2.7,1/1/12,0.04,0.015,0.883,1.951,2.977,8.3,3.447,355,242.879,0.44,14.395,723
12-Feb,"$239,900 ","$274,000 ",1744,12221.19,12841.95,12221.19,12632.91,2985259034,2.7,2/1/12,0.11,0.055,0.72,1.807,2.948,8.3,3.622,262,243.85,0.44,14.975,704
12-Mar,"$239,800 ","$283,600 ",1770,12632.76,13055.75,12632.76,12952.07,2715759256,2.7,3/1/12,0.11,0.07,0.904,2.033,3.151,8.2,3.918,238,245.125,0.76,14.594,695
12-Apr,"$236,400 ","$287,900 ",1662.5,12952.29,13289.08,12734.86,13212.04,3206254624,2.4,4/1/12,0.09,0.065,1.031,2.2,3.33,8.2,3.976,83,245.85,0.3,14.77,753
12-May,"$239,200 ","$280,900 ",1651.25,13211.36,13297.11,12710.56,13213.63,2589863440,2.4,5/1/12,0.16,0.095,0.813,1.919,3.116,8.2,3.839,99,245.709,-0.12,14.496,708
12-Jun,"$232,600 ","$271,800 ",1558,13214.16,13338.66,12311.56,12393.45,3053335704,2.4,6/1/12,0.16,0.055,0.631,1.521,2.599,8.2,3.602,72,245.201,-0.15,14.467,757
12-Jul,"$237,400 ","$282,300 ",1598.5,12391.56,12898.94,12035.09,12880.09,2921381080,2.5,7/1/12,0.09,0.085,0.712,1.643,2.742,8.2,3.502,153,244.984,-0.16,14.38,740
12-Aug,"$253,200 ","$305,500 ",1622,12879.71,13128.64,12492.25,13008.68,2445827432,2.5,8/1/12,0.14,0.09,0.592,1.492,2.575,8.1,3.759,170,246.252,0.56,14.444,754
12-Sep,"$254,600 ","$297,700 ",1648.5,13007.47,13330.76,12778.9,13090.84,1753508288,2.5,9/1/12,0.13,0.095,0.598,1.565,2.68,7.8,3.908,189,247.409,0.45,15.099,847
12-Oct,"$247,200 ","$285,400 ",1776,13092.15,13653.24,12977.09,13437.13,2576023225,1.5,10/1/12,0.15,0.09,0.625,1.62,2.81,7.8,3.839,158,247.564,-0.04,14.831,915
12-Nov,"$245,000 ","$290,700 ",1719,13437.66,13661.87,13039.86,13096.46,2474356528,1.5,11/1/12,0.17,0.1,0.739,1.715,2.88,7.7,3.542,158,247.097,-0.47,15.456,833
12-Dec,"$258,300 ","$299,200 ",1726,13099.19,13290.75,12471.49,13025.58,2685636776,1.5,12/1/12,0.16,0.08,0.639,1.644,2.833,7.9,3.386,237,246.456,-0.27,15.462,976
13-Jan,"$251,500 ","$306,900 ",1657.5,13027.73,13365.86,12883.89,13104.14,2666976408,1.6,1/1/13,0.09,0.052,0.78,1.842,3.043,8,3.407,195,247.277,0.3,15.813,888
13-Feb,"$265,100 ","$312,500 ",1664.75,13104.3,13969.99,13104.3,13860.58,2787270128,1.6,2/1/13,0.14,0.065,0.896,2.01,3.195,7.7,3.748,279,248.665,0.82,15.861,962
13-Mar,"$257,500 ","$300,200 ",1588.5,13860.58,14149.15,13784.01,14054.49,2490243880,1.6,3/1/13,0.14,0.1,0.748,1.85,3.051,7.5,3.792,136,248.719,0.26,15.723,1010
13-Apr,"$279,300 ","$337,000 ",1598.25,14054.49,14585.1,13937.6,14578.54,2546588736,1.3,4/1/13,0.16,0.07,0.79,1.885,3.136,7.6,3.647,192,248.464,-0.1,15.81,835
13-May,"$263,700 ","$314,000 ",1469,14578.54,14887.51,14434.43,14839.8,2921359544,1.3,5/1/13,0.14,0.048,0.665,1.658,2.865,7.5,3.682,224,248.584,0.18,15.884,930
13-Jun,"$259,800 ","$306,100 ",1394.5,14839.8,15542.4,14687.05,15115.57,2773132432,1.3,6/1/13,0.09,0.03,1.063,2.168,3.309,7.5,3.693,181,248.851,0.24,16.148,839
13-Jul,"$262,200 ","$329,900 ",1192,15123.55,15340.09,14551.27,14909.6,2929583760,1.9,7/1/13,0.1,0.035,1.425,2.521,3.523,7.3,3.687,105,249.411,0.04,16.021,880
13-Aug,"$255,300 ","$310,800 ",1314.5,14911.6,15634.32,14858.93,15499.54,2574668888,1.9,8/1/13,0.08,0.03,1.386,2.601,3.669,7.2,3.658,242,249.858,0.12,15.827,917
13-Sep,"$269,800 ","$321,400 ",1394.75,15503.85,15658.43,14760.41,14810.31,2332090866,1.9,9/1/13,0.07,0.02,1.68,2.837,3.754,7.2,3.616,189,250.231,0.12,15.857,850
13-Oct,"$264,300 ","$335,700 ",1326.5,14801.55,15709.58,14777.48,15129.67,2371713232,2.6,10/1/13,0.08,0.01,1.409,2.646,3.719,7.2,3.434,225,249.32,-0.26,15.728,925
13-Nov,"$277,100 ","$335,600 ",1324,15132.49,15721,14719.43,15545.75,2207766048,2.6,11/1/13,0.08,0.033,1.359,2.589,3.665,6.9,3.31,267,249.503,-0.2,16.078,1100
13-Dec,"$275,500 ","$321,200 ",1253,15558.01,16174.51,15522.18,16086.41,1821575428,2.6,12/1/13,0.07,0.055,1.405,2.781,3.843,6.7,3.333,67,249.567,-0.01,15.834,1002
14-Jan,"$269,800 ","$337,300 ",1204.5,16087.12,16588.25,15703.79,16576.66,2057590344,1.4,1/1/14,0.07,0.06,1.75,3.028,3.963,6.6,3.378,177,251.045,0.37,15.614,888
14-Feb,"$268,400 ","$325,900 ",1251,16572.17,16573.07,15617.55,15698.85,2178618104,1.4,2/1/14,0.07,0.013,1.515,2.677,3.626,6.7,3.422,168,251.233,0.37,15.993,944
14-Mar,"$282,300 ","$331,500 ",1326.5,15697.69,16398.95,15340.69,16321.71,2069116384,1.4,3/1/14,0.06,0.04,1.471,2.612,3.557,6.7,3.59,250,252.413,0.64,16.985,970
14-Apr,"$274,500 ","$325,100 ",1291.75,16321.71,16505.7,16046.99,16457.66,2096300160,2.7,4/1/14,0.08,0.04,1.73,2.743,3.585,6.2,3.717,327,252.506,0.33,16.697,1043
14-May,"$285,600 ","$323,500 ",1288.5,16457.66,16631.47,16015.32,16580.84,1988108520,2.7,5/1/14,0.09,0.02,1.69,2.66,3.474,6.3,3.745,221,253.598,0.35,17.137,1007
14-Jun,"$287,000 ","$338,100 ",1250.5,16580.84,16735.35,16341.43,16705.45,1645210496,2.7,6/1/14,0.08,0.03,1.562,2.5,3.348,6.1,3.75,324,253.555,0.19,17.516,911
14-Jul,"$280,400 ","$345,200 ",1315,16705.45,16977.85,16674.23,16826.6,1754229284,3.1,7/1/14,0.1,0.033,1.648,2.55,3.378,6.2,3.69,227,253.833,-0.04,17.277,1085
14-Aug,"$291,700 ","$356,200 ",1285.25,16826.6,17151.36,16563.3,16563.3,1691439988,3.1,8/1/14,0.09,0.02,1.771,2.582,3.352,6.1,3.54,188,253.185,-0.17,17.239,984
14-Sep,"$261,500 ","$319,100 ",1285.75,16563.3,17153.8,16334.67,17098.45,1483691768,3.1,9/1/14,0.07,0.025,1.661,2.393,3.139,5.9,3.463,311,253.154,0.08,16.959,1023
14-Oct,"$297,000 ","$377,500 ",1216.5,17098.45,17350.64,16934.43,17042.9,1870609232,2.9,10/1/14,0.09,0.015,1.747,2.475,3.184,5.7,3.241,258,252.73,-0.25,16.757,1074
14-Nov,"$298,300 ","$348,900 ",1164.25,17040.46,17395.54,15855.12,17390.52,2313423493,2.9,11/1/14,0.07,0.003,1.608,2.325,3.053,5.8,2.945,286,251.781,-0.54,16.947,1001
14-Dec,"$301,500 ","$373,200 ",1182.75,17390.9,17894.83,17278.36,17828.24,1516495183,2.9,12/1/14,0.13,0.005,1.469,2.157,2.886,5.6,2.618,269,250.519,-0.57,17.179,1073
15-Jan,"$292,000 ","$348,300 ",1206,17827.27,18103.45,17067.59,17823.07,2217010716,4,1/1/15,0.06,0.03,1.686,2.197,2.769,5.7,2.17,213,250.016,-0.47,16.935,1092
15-Feb,"$286,600 ","$346,300 ",1260.25,17823.07,17951.78,17136.3,17164.95,2173990171,4,2/1/15,0.06,0.005,1.189,1.674,2.254,5.5,2.308,248,250.619,0.43,16.889,888
15-Mar,"$286,600 ","$349,300 ",1214,17169.99,18244.38,17037.76,18132.7,1751783672,4,3/1/15,0.06,0.01,1.509,2.014,2.616,5.4,2.544,77,251.451,0.6,17.849,962
15-Apr,"$294,500 ","$340,400 ",1187,18134.05,18288.63,17579.27,17776.12,2471552736,3.3,4/1/15,0.12,0.028,1.341,1.892,2.501,5.4,2.545,300,251.76,0.2,17.638,1191
15-May,"$287,500 ","$336,200 ",1180.25,17778.52,18175.56,17585.01,17840.52,2178914048,3.3,5/1/15,0.13,0.003,1.456,2.067,2.778,5.6,2.832,319,252.77,0.51,18.017,1081
15-Jun,"$285,100 ","$326,900 ",1191.4,17859.27,18351.36,17733.12,18010.68,1833479464,3.3,6/1/15,0.12,0.008,1.492,2.125,2.885,5.3,2.889,170,253.626,0.35,17.87,1199
15-Jul,"$292,300 ","$341,200 ",1171,18017.82,18188.81,17576.5,17619.51,2219634160,2.4,7/1/15,0.13,0.008,1.699,2.418,3.192,5.2,2.893,293,253.405,0.01,18.314,1138
15-Aug,"$293,000 ","$343,300 ",1098.4,17638.12,18137.12,17399.17,17689.86,2040549816,2.4,8/1/15,0.08,0.058,1.552,2.194,2.907,5.1,2.745,122,252.903,-0.14,18.44,1132
15-Sep,"$299,500 ","$357,200 ",1135,17696.74,17704.76,15370.33,16528.03,2727232024,2.4,9/1/15,0.14,0.063,1.504,2.165,2.909,5,2.463,133,252.922,-0.16,18.232,1215
15-Oct,"$298,000 ","$368,900 ",1114,16528.03,16933.43,15942.37,16284.7,2724581832,1.9,10/1/15,0.13,0.003,1.365,2.039,2.853,5,2.357,339,252.504,-0.04,18.202,1062
15-Nov,"$312,600 ","$373,200 ",1142.35,16278.62,17799.96,16013.66,17663.54,2609808352,1.9,11/1/15,0.07,0.073,1.553,2.175,2.947,5.1,2.249,235,252.573,-0.21,18.316,1169
15-Dec,"$297,100 ","$352,500 ",1061.9,17672.62,17977.85,17210.43,17719.92,2299409048,1.9,12/1/15,0.13,0.21,1.666,2.229,2.999,5,2.125,280,251.67,-0.34,17.441,1157
16-Jan,"$288,400 ","$361,200 ",1060,17719.72,17901.58,17116.73,17425.03,2521670424,1.6,1/1/16,0.2,0.165,1.72,2.23,2.978,4.9,2.034,90,251.739,0.17,18.091,1114
16-Feb,"$305,800 ","$341,700 ",1111.8,17405.48,17405.48,15450.56,16466.3,2846597112,1.6,2/1/16,0.38,0.3,1.343,1.93,2.748,4.9,1.833,232,252.25,0.08,18.025,1208
16-Mar,"$303,200 ","$359,000 ",1234.9,16453.63,16795.98,15503.01,16516.5,2492351704,1.6,3/1/16,0.36,0.318,1.224,1.749,2.63,5,2.021,234,252.854,0.43,17.328,1115
16-Apr,"$318,300 ","$369,300 ",1237,16545.67,17790.11,16545.67,17685.09,2407923072,1.3,4/1/16,0.37,0.193,1.213,1.778,2.617,5,2.196,211,254.27,0.47,17.715,1160
16-May,"$295,200 ","$349,700 ",1285.65,17661.74,18167.63,17484.23,17773.64,2097246576,1.3,5/1/16,0.3,0.193,1.275,1.816,2.663,4.8,2.324,15,255.023,0.41,17.758,1131
16-Jun,"$311,200 ","$357,800 ",1212.1,17783.78,17934.61,17331.07,17787.2,1879426512,1.3,6/1/16,0.37,0.33,1.357,1.83,2.631,4.9,2.422,282,255.471,0.33,17.73,1191
16-Jul,"$297,400 ","$353,000 ",1320.75,17754.55,18016,17063.08,17929.99,2350391976,1.6,7/1/16,0.41,0.243,0.972,1.429,2.22,4.8,2.287,336,255.386,-0.16,18.108,1232
16-Aug,"$298,900 ","$355,100 ",1342,17924.24,18622.01,17713.45,18432.24,1819018224,1.6,8/1/16,0.4,0.258,1.056,1.494,2.229,4.9,2.218,135,255.545,0.09,17.899,1159
16-Sep,"$314,800 ","$366,100 ",1309.25,18434.5,18668.44,18247.79,18400.88,1695875316,1.6,9/1/16,0.4,0.32,1.204,1.594,2.251,5,2.269,270,256.085,0.24,17.961,1063
16-Oct,"$302,800 ","$352,200 ",1322.5,18396.57,18551.54,17992.21,18308.15,2101349840,2,10/1/16,0.29,0.273,1.159,1.6,2.315,4.9,2.304,128,256.605,0.12,17.856,1325
16-Nov,"$315,000 ","$363,400 ",1272,18279.6,18399.96,17959.95,18142.42,1795938104,2,11/1/16,0.41,0.343,1.323,1.847,2.598,4.7,2.246,170,256.541,-0.16,17.748,1150
16-Dec,"$327,000 ","$382,500 ",1178.1,18158.24,19225.29,17883.56,19123.58,2108095180,2,12/1/16,0.41,0.47,1.872,2.414,3.076,4.7,2.289,215,256.427,0.03,18.18,1287
17-Jan,"$315,200 ","$357,700 ",1145.9,19149.2,19987.63,19138.79,19762.6,1954710848,2.1,1/1/17,0.55,0.488,1.99,2.511,3.123,4.7,2.409,252,258.073,0.58,17.665,1221
17-Feb,"$298,000 ","$370,500 ",1212.8,19872.86,20125.58,19677.94,19864.09,1775460496,2.1,2/1/17,0.66,0.505,1.949,2.487,3.081,4.7,2.36,141,258.768,0.31,17.773,1292
17-Mar,"$321,700 ","$384,400 ",1255.6,19923.81,20851.33,19831.09,20812.24,1685577328,2.1,3/1/17,0.66,0.625,1.982,2.435,3.027,4.4,2.386,127,258.51,0.08,17.097,1179
17-Apr,"$311,100 ","$365,800 ",1244.85,20957.29,21169.11,20412.8,20663.22,2094144796,2.2,4/1/17,0.82,0.74,1.906,2.38,3.015,4.4,2.479,213,259.165,0.3,17.281,1152
17-May,"$323,600 ","$378,400 ",1266.45,20665.17,21070.9,20379.55,20940.51,1472121732,2.2,5/1/17,0.91,0.78,1.826,2.291,2.962,4.4,2.448,128,259.386,0.09,17.254,1124
17-Jun,"$315,200 ","$370,600 ",1266.2,20962.73,21112.32,20553.45,21008.65,1830950620,2.2,6/1/17,0.91,0.953,1.778,2.229,2.879,4.3,2.4,229,259.335,0.09,17.209,1232
17-Jul,"$322,900 ","$372,400 ",1242.25,21030.55,21535.03,20994.22,21349.63,2196607820,2.4,7/1/17,1.06,1,1.894,2.309,2.839,4.3,2.344,204,258.833,-0.07,17.18,1196
17-Aug,"$314,200 ","$369,200 ",1267.55,21392.3,21929.8,21279.3,21891.12,1587604272,2.4,8/1/17,1.16,1.058,1.847,2.305,2.909,4.4,2.436,187,259.508,0.3,17.016,1167
17-Sep,"$331,500 ","$379,300 ",1311.75,21961.42,22179.11,21600.34,21948.1,1780648596,2.4,9/1/17,1.16,0.98,1.709,2.127,2.735,4.2,2.688,18,260.875,0.53,18.381,1163
17-Oct,"$319,500 ","$394,000 ",1283.1,21981.77,22419.51,21709.63,22405.09,1899156824,2.8,10/1/17,1.06,1.033,1.939,2.341,2.866,4.1,2.545,260,260.58,-0.06,18.198,1261
17-Nov,"$343,400 ","$388,500 ",1270.15,22423.47,23485.25,22416,23377.24,1868258276,2.8,11/1/17,1.16,1.123,2.033,2.398,2.897,4.2,2.608,220,260.63,0,17.862,1299
17-Dec,"$343,300 ","$402,900 ",1280.2,23442.9,24327.82,23242.75,24272.35,1919923828,2.8,12/1/17,1.16,1.238,2.124,2.383,2.791,4.1,2.521,174,260.791,-0.06,17.697,1219
18-Jan,"$329,600 ","$377,800 ",1291,24305.4,24876.07,23921.9,24719.22,2052647896,2.9,1/1/18,1.42,1.388,2.228,2.433,2.774,4.1,2.596,171,262.188,0.54,17.552,1335
18-Feb,"$327,200 ","$373,600 ",1345.05,24809.35,26616.71,24741.7,26149.39,2416254904,2.9,2/1/18,1.42,1.425,2.544,2.743,2.964,4.1,2.632,330,263.26,0.45,17.555,1295
18-Mar,"$335,400 ","$369,200 ",1317.85,26083.04,26306.7,23360.29,25029.2,2614875200,2.9,3/1/18,1.42,1.61,2.612,2.831,3.103,4,2.631,182,263.556,0.23,17.695,1332
18-Apr,"$314,400 ","$385,100 ",1323.85,25024.04,25449.15,23509.06,24103.11,2671145288,3.2,4/1/18,1.67,1.683,2.587,2.763,2.991,3.9,2.795,196,264.669,0.4,17.774,1267
18-May,"$316,700 ","$372,600 ",1313.2,24076.6,24858.97,23344.52,24163.15,2269646184,3.2,5/1/18,1.7,1.823,2.812,2.966,3.13,3.8,2.963,270,265.84,0.42,17.778,1332
18-Jun,"$310,500 ","$370,100 ",1305.35,24117.29,25086.49,23531.31,24415.84,2071413808,3.2,6/1/18,1.7,1.868,2.738,2.9,3.056,4,2.97,262,265.95,0.16,17.701,1180
18-Jul,"$327,500 ","$392,300 ",1250.45,24542.09,25402.83,23997.21,24271.41,2430588384,3.1,7/1/18,1.91,1.875,2.709,2.829,2.966,3.9,2.93,178,265.83,0.01,17.384,1184
18-Aug,"$321,400 ","$380,900 ",1220.95,24161.53,25587.24,24077.56,25415.19,1832485560,3.1,8/1/18,1.91,1.98,2.872,2.992,3.114,3.8,2.919,282,266.425,0.06,17.361,1279
18-Sep,"$328,300 ","$386,400 ",1202.45,25461.63,26167.94,24965.77,25964.82,1561862712,3.1,9/1/18,1.92,2.058,2.743,2.869,3.037,3.7,2.93,108,266.709,0.12,17.842,1236
18-Oct,"$328,300 ","$394,900 ",1187.25,25916.07,26769.16,25754.32,26458.31,1779576676,2.5,10/1/18,2.18,2.158,2.972,3.086,3.233,3.8,2.945,277,266.464,0.18,17.999,1211
18-Nov,"$308,500 ","$367,100 ",1214.95,26598.36,26951.81,24122.23,25115.76,2411410703,2.5,11/1/18,2.2,2.278,2.99,3.164,3.417,3.7,2.733,196,265.487,-0.33,17.88,1202
18-Dec,"$329,700 ","$381,800 ",1217.55,25142.08,26277.82,24268.74,25538.46,2169998321,2.5,12/1/18,2.19,2.31,2.875,3.041,3.331,3.9,2.479,227,265.286,-0.32,17.886,1142
19-Jan,"$305,400 ","$361,100 ",1279,25779.57,25980.21,21712.53,23327.46,2667842452,2.7,1/1/19,2.4,2.395,2.489,2.652,2.987,4,2.352,312,266.109,0.19,17.237,1291
19-Feb,"$320,800 ","$383,600 ",1323.25,23058.61,25109.62,22638.41,24999.67,2160426552,2.7,2/1/19,2.4,2.34,2.441,2.631,2.994,3.8,2.412,56,266.706,0.42,17.026,1149
19-Mar,"$310,600 ","$372,700 ",1319.15,25025.31,26241.42,24883.04,25916,1598736628,2.7,3/1/19,2.4,2.385,2.538,2.737,3.104,3.8,2.62,153,268.025,0.56,17.773,1199
19-Apr,"$339,000 ","$385,400 ",1295.4,26019.67,26155.98,25208,25928.68,2000455048,2.3,4/1/19,2.41,2.343,2.27,2.442,2.847,3.6,2.894,216,269.07,0.53,17.048,1270
19-May,"$311,000 ","$378,800 ",1282.3,26075.1,26695.96,26062.59,26592.91,1586184203,2.3,5/1/19,2.45,2.37,2.285,2.504,2.926,3.6,2.963,62,269.744,0.21,17.932,1264
19-Jun,"$306,000 ","$354,500 ",1295.55,26639.06,26689.39,24809.51,24815.04,1808655690,2.3,6/1/19,2.38,2.28,1.888,2.112,2.565,3.7,2.814,178,270.133,0.02,17.705,1233
19-Jul,"$312,800 ","$388,000 ",1409,24830.16,26907.37,24680.57,26599.96,1805281186,,7/1/19,2.39,2.055,1.783,2.026,2.544,3.7,2.836,159,270.381,0.17,17.41,1215
19-Aug,,,1427.55,26805.86,27398.68,26616.21,26864.27,1444553644,,8/1/19,2.14,2.023,1.847,2.028,2.529,3.7,2.716,130,270.548,-0.01,17.503,1364
19-Sep,,,1528.4,26879.86,27175.59,25339.6,26403.28,1841965440,,9/1/19,2.13,1.93,1.377,1.483,1.945,,,,,,,