date,recession,gdp_change,median_house,gold_price,dow_open,fed_rate,InvYield_10yr_5yr,unemp_rate,earnings_chg,cpi,inflation,housing_starts
1/1/63,0,3.6,17200,35.06,649.3,3,0.29,5.7,87,30.4,0,1244
2/1/63,0,3.6,17700,35.08,652.1,3,0.22,5.9,115,30.4,0,1456
3/1/63,0,3.6,18200,35.1,682.9,3,0.26,5.7,90,30.5,0.33,1534
4/1/63,0,3.8,18200,35.1,662.9,3,0.25,5.7,260,30.5,0,1689
5/1/63,0,3.8,17500,35.08,682.5,3,0.22,5.9,36,30.5,0,1641
6/1/63,0,3.8,18000,35.08,717.7,3,0.17,5.6,43,30.6,0.33,1588
7/1/63,0,4.8,18400,35.09,727,3,0.19,5.6,135,30.7,0.33,1614
8/1/63,0,4.8,17800,35.1,706.9,3.5,0.12,5.4,116,30.7,0,1639
9/1/63,0,4.8,17900,35.08,695.4,3.5,0.09,5.5,168,30.7,0,1763
10/1/63,0,5.2,17600,35.08,729.3,3.5,0.14,5.5,205,30.8,0.33,1779
11/1/63,0,5.2,18400,35.08,732.8,3.5,0.14,5.7,-28,30.8,0,1622
12/1/63,0,5.2,18700,35.08,755.2,3.5,0.08,5.5,106,30.9,0.32,1491
1/1/64,0,6.2,17800,35.08,750.5,3.25,0.07,5.6,126,30.9,0,1603
2/1/64,0,6.2,18000,35.08,763,3.5,0.13,5.4,266,30.9,0,1820
3/1/64,0,6.2,19000,35.08,785.3,3.5,0.07,5.4,144,30.9,0,1517
4/1/64,0,6.2,18800,35.08,800.1,3.5,0.06,5.3,25,30.9,0,1448
5/1/64,0,6.2,19300,35.08,813.3,3.5,0.1,5.1,167,30.9,0,1467
6/1/64,0,6.2,18800,35.08,810.8,3.5,0.16,5.2,130,31,0.32,1550
7/1/64,0,5.5,19100,35.08,820.6,3.5,0.14,4.9,193,31.1,0.32,1562
8/1/64,0,5.5,18900,35.08,831.5,3.5,0.15,5,207,31,-0.32,1569
9/1/64,0,5.5,18900,35.09,841.1,3.5,0.13,5.1,284,31.1,0.32,1455
10/1/64,0,5.2,18900,35.11,838.5,3.5,0.13,5.1,-110,31.1,0,1524
11/1/64,0,5.2,19300,35.1,875.4,3.5,0.11,4.8,425,31.2,0.32,1486
12/1/64,0,5.2,21000,35.12,873.1,4,0.07,5,203,31.2,0,1484
1/1/65,0,5.5,20700,35.13,875.4,4,0.08,4.9,161,31.2,0,1361
2/1/65,0,5.5,20400,35.14,874.1,4,0.08,5.1,218,31.2,0,1433
3/1/65,0,5.5,19800,35.16,902.9,4,0.06,4.7,203,31.3,0.32,1423
4/1/65,0,5.7,19900,35.14,903.5,4.13,0.06,4.8,256,31.4,0.32,1438
5/1/65,0,5.7,19600,35.1,889.1,4.13,0.05,4.6,232,31.4,0,1478
6/1/65,0,5.7,19800,35.1,922.3,4.13,0.08,4.6,199,31.6,0.64,1488
7/1/65,0,6.3,21000,35.12,918,4.13,0.05,4.4,275,31.6,0,1529
8/1/65,0,6.3,20200,35.15,868,4.13,0.04,4.4,263,31.6,0,1432
9/1/65,0,6.3,19600,35.14,881.7,3.75,0.05,4.3,262,31.6,0,1482
10/1/65,0,8.5,19900,35.11,893.1,4.13,0.02,4.2,229,31.7,0.32,1452
11/1/65,0,8.5,20600,35.11,930.6,4.13,0,4.1,277,31.7,0,1460
12/1/65,0,8.5,20300,35.13,960.8,4.13,0,4,326,31.8,0.32,1656
1/1/66,0,8.5,21200,35.15,946.7,4.63,-0.25,4,207,31.8,0,1370
2/1/66,0,8.5,20900,35.17,969.3,4.25,-0.25,3.8,267,32,0.63,1378
3/1/66,0,8.5,20800,35.15,983.5,4.63,-0.01,3.8,396,32.1,0.31,1394
4/1/66,0,7.5,23000,35.13,951.9,4.75,-0.11,3.8,245,32.3,0.62,1352
5/1/66,0,7.5,22300,35.12,924.8,4.63,-0.06,3.9,275,32.3,0,1265
6/1/66,0,7.5,21200,35.15,933.7,4.25,-0.23,3.8,399,32.4,0.31,1194
7/1/66,0,6,21800,35.18,884.1,5.5,-0.12,3.8,190,32.5,0.31,1086
8/1/66,0,6,20700,35.18,870.1,5.63,-0.21,3.8,206,32.7,0.62,1119
9/1/66,0,6,22200,35.19,846.6,5.88,-0.33,3.7,136,32.7,0,1046
10/1/66,0,4.5,20800,35.16,788.4,5.75,-0.29,3.7,211,32.9,0.61,843
11/1/66,0,4.5,21700,35.16,774.2,6,-0.27,3.6,165,32.9,0,961
12/1/66,0,4.5,21700,35.18,807.1,5.5,-0.16,3.8,180,32.9,0,990
1/1/67,0,2.9,22200,35.18,791.6,5,-0.15,3.9,208,32.9,0,1067
2/1/67,0,2.9,22400,35.17,785.7,4,-0.16,3.8,22,32.9,0,1123
3/1/67,0,2.9,22400,35.16,849.9,3.75,-0.04,3.8,101,33,0.3,1056
4/1/67,0,2.6,22300,35.17,839.4,4.5,0.08,3.8,-64,33.1,0.3,1091
5/1/67,0,2.6,23700,35.18,866,4,0.07,3.8,154,33.2,0.3,1304
6/1/67,0,2.6,23900,35.19,897.1,4,0.09,3.9,130,33.3,0.3,1248
7/1/67,0,2.7,23300,35.19,852.6,3.5,-0.14,3.8,138,33.4,0.3,1364
8/1/67,0,2.7,21700,35.19,860.3,3.75,0,3.8,255,33.5,0.3,1407
9/1/67,0,2.7,22800,35.19,904.2,4,-0.07,3.8,21,33.6,0.3,1421
10/1/67,0,2.7,22300,35.19,901.3,3.75,-0.08,4,61,33.7,0.3,1491
11/1/67,0,2.7,23100,35.2,926.7,4.13,-0.06,3.9,478,33.8,0.3,1538
12/1/67,0,2.7,22200,35.19,879.7,4.5,-0.04,3.8,197,33.9,0.3,1308
1/1/68,0,3.8,23400,35.18,875.8,4.5,-0.05,3.7,-96,34.1,0.59,1380
2/1/68,0,3.8,23500,35.2,905.1,4.75,-0.02,3.8,411,34.2,0.29,1520
3/1/68,0,3.8,24600,35.2,855.5,4.75,-0.01,3.7,80,34.3,0.29,1466
4/1/68,0,5.5,24500,37.878,840.5,5.5,0,3.5,261,34.4,0.29,1554
5/1/68,0,5.5,25300,40.691,849.2,6.38,-0.19,3.5,96,34.5,0.29,1408
6/1/68,0,5.5,25400,41.111,912.2,6.13,-0.12,3.7,253,34.7,0.58,1405
7/1/68,0,5.3,24600,39.53,899,6.13,-0.15,3.7,221,34.9,0.58,1512
8/1/68,0,5.3,25000,39.17,897.8,6,-0.09,3.5,204,35,0.29,1495
9/1/68,0,5.3,25000,40.203,883,5.75,-0.05,3.4,154,35.1,0.29,1556
10/1/68,0,5,25600,39.21,896,6,0.01,3.4,237,35.3,0.57,1569
11/1/68,0,5,24600,39.795,935.8,6,0.05,3.4,263,35.4,0.28,1630
12/1/68,0,5,26500,41.113,952.4,6,0.04,3.4,264,35.5,0.28,1548
1/1/69,0,4.5,24600,42.291,985.1,4,-0.25,3.4,191,35.6,0.28,1769
2/1/69,0,4.5,26000,42.616,943.8,6.38,-0.1,3.4,260,35.8,0.56,1705
3/1/69,0,4.5,26200,43.171,946.1,7,-0.2,3.4,206,36.1,0.84,1561
4/1/69,0,3.1,25900,43.295,905.2,6.63,-0.07,3.4,167,36.3,0.55,1524
5/1/69,0,3.1,26900,43.461,935.5,8.25,-0.21,3.4,256,36.4,0.28,1583
6/1/69,0,3.1,25200,41.442,950.2,9.38,-0.13,3.5,308,36.6,0.55,1528
7/1/69,0,3,26800,41.755,937.6,8.75,-0.27,3.5,93,36.8,0.55,1368
8/1/69,0,3,24900,41.128,873.2,9.5,-0.32,3.5,279,37,0.54,1358
9/1/69,0,3,26000,40.865,815.6,9.75,-0.3,3.7,-94,37.1,0.27,1507
10/1/69,0,2,24400,40.476,836.7,8,-0.52,3.7,207,37.3,0.54,1381
11/1/69,0,2,24900,37.452,813.1,9,-0.39,3.5,-35,37.5,0.54,1229
12/1/69,1,2,25100,35.189,856,9.63,-0.27,3.5,155,37.7,0.53,1327
1/1/70,1,0.3,23600,34.946,812.3,5,-0.33,3.9,-65,37.8,0.27,1085
2/1/70,1,0.3,24100,34.994,800.4,9.38,-0.53,4.2,129,38,0.53,1305
3/1/70,1,0.3,24100,35.089,744.1,8.5,-0.48,4.4,146,38.2,0.53,1319
4/1/70,1,0.2,24200,35.623,777.6,8,-0.14,4.6,-103,38.5,0.79,1264
5/1/70,1,0.2,25700,35.958,785.6,8.63,-0.13,4.8,-224,38.6,0.26,1290
6/1/70,1,0.2,23800,35.437,736.1,7.75,0.11,4.9,-95,38.8,0.52,1385
7/1/70,1,0.4,22900,35.329,700.4,7,-0.05,5,24,39,0.52,1517
8/1/70,1,0.4,23500,35.377,683.5,6.75,-0.21,5.1,-116,39,0,1399
9/1/70,1,0.4,22600,36.196,734.1,6.75,0.04,5.4,7,39.2,0.51,1534
10/1/70,1,-0.2,22100,37.553,764.6,6.5,0.1,5.5,-423,39.4,0.51,1580
11/1/70,1,-0.2,23500,37.455,760.7,6.13,0.29,5.9,-112,39.6,0.51,1647
12/1/70,0,-0.2,22300,37.434,755.6,5.63,0.48,6.1,383,39.8,0.51,1893
1/1/71,0,2.7,23900,37.868,794.1,3,0.48,5.9,73,39.8,0,1828
2/1/71,0,2.7,24500,38.716,838.9,4.38,0.3,5.9,-58,39.9,0.25,1741
3/1/71,0,2.7,24300,38.873,868.5,3.63,0.77,6,53,40,0.25,1910
4/1/71,0,3.1,25800,39.001,878.8,4,0.42,5.9,176,40.1,0.25,1986
5/1/71,0,3.1,25500,40.493,904.4,4.25,0.06,5.9,211,40.3,0.5,2049
6/1/71,0,3.1,26100,40.105,941.8,4.75,0.09,5.9,7,40.6,0.74,2026
7/1/71,0,3,25200,40.929,907.8,5.25,-0.14,6,61,40.7,0.25,2083
8/1/71,0,3,25300,42.722,891.1,5.5,-0.08,6.1,58,40.8,0.25,2158
9/1/71,0,3,25400,41.976,858.4,5.75,0.13,6,241,40.8,0,2041
10/1/71,0,4.4,25600,42.473,898.1,5.38,-0.04,5.8,28,40.9,0.25,2128
11/1/71,0,4.4,25700,42.842,887.2,5.13,0.05,6,205,40.9,0,2182
12/1/71,0,4.4,25300,43.455,839,3.75,0.12,6,262,41.1,0.49,2295
1/1/72,0,3.5,24700,45.64,831.3,3,0.39,5.8,332,41.1,0,2494
2/1/72,0,3.5,26500,48.237,890.2,3.25,0.31,5.7,207,41.3,0.49,2390
3/1/72,0,3.5,27400,48.288,902.2,3.25,0.38,5.8,296,41.4,0.24,2334
4/1/72,0,5.3,26700,49.026,928.1,4,-0.01,5.7,218,41.5,0.24,2249
5/1/72,0,5.3,27000,54.5,940.7,4.25,0.29,5.7,307,41.6,0.24,2221
6/1/72,0,5.3,26800,62.17,954.2,4.44,0.25,5.7,289,41.7,0.24,2254
7/1/72,0,5.4,27700,65.558,960.7,4.5,0.14,5.6,-49,41.9,0.48,2252
8/1/72,0,5.4,28100,66.917,929,4.63,0.16,5.6,432,42,0.24,2382
9/1/72,0,5.4,28000,65.589,924.7,5.19,0.23,5.5,123,42.1,0.24,2481
10/1/72,0,6.9,28900,64.824,963.7,4.88,0.37,5.6,410,42.3,0.48,2485
11/1/72,0,6.9,29100,62.726,953.3,5.5,0.19,5.3,299,42.4,0.24,2421
12/1/72,0,6.9,29700,63.779,955.5,5.25,0.17,5.2,295,42.5,0.24,2366
1/1/73,0,7.6,29900,65.127,1018.2,5.5,0.14,4.9,349,42.6,0.24,2481
2/1/73,0,7.6,29700,73.971,1022.9,6.44,0.04,5,397,42.9,0.7,2289
3/1/73,0,7.6,31400,84.105,999,7,-0.07,4.9,270,43.3,0.93,2365
4/1/73,0,6.3,32800,90.441,955.1,7.38,-0.07,5,171,43.6,0.69,2084
5/1/73,0,6.3,32000,101.623,951,7.88,-0.05,4.9,193,43.9,0.69,2266
6/1/73,0,6.3,33100,119.8,921.4,8.44,0.18,4.9,239,44.2,0.68,2067
7/1/73,0,4.8,34200,120.364,901.4,8.88,0.01,4.8,26,44.3,0.23,2123
8/1/73,0,4.8,33200,106.225,890.2,8.74,-0.39,4.8,255,45.1,1.81,2051
9/1/73,0,4.8,33200,103.034,924.4,11.22,-0.01,4.8,108,45.2,0.22,1874
10/1/73,0,4,33300,99.923,887.6,10.9,0.16,4.6,331,45.6,0.88,1677
11/1/73,1,4,34000,94.645,947.1,9.88,-0.12,4.8,313,45.9,0.66,1724
12/1/73,1,4,35700,106.236,956.6,10.34,-0.15,4.9,111,46.2,0.65,1526
1/1/74,1,0.6,34200,129.027,820.5,9.83,0.08,5.1,69,46.6,0.87,1451
2/1/74,1,0.6,34900,150,850.9,9.31,0.15,5.2,154,47.2,1.29,1752
3/1/74,1,0.6,36000,168.298,855.6,8.97,0.02,5.1,42,47.8,1.27,1555
4/1/74,1,-0.2,35700,172.243,860.5,10.01,-0.25,5.1,86,48,0.42,1607
5/1/74,1,-0.2,35700,163.568,846.7,10.57,-0.54,5.1,167,48.6,1.25,1426
6/1/74,1,-0.2,35100,154.013,836.8,11.64,-0.58,5.4,55,49,0.82,1513
7/1/74,1,-0.6,36800,142.283,802.2,14.33,-0.73,5.5,32,49.4,0.82,1316
8/1/74,1,-0.6,35700,154.362,802.4,12.25,-0.65,5.5,-17,50,1.21,1142
9/1/74,1,-0.6,36200,151.66,757.4,11.6,-0.54,5.9,-9,50.6,1.2,1150
10/1/74,1,-1.9,37200,158.533,678.6,11.3,-0.14,6,20,51.1,0.99,1070
11/1/74,1,-1.9,37300,181.483,607.9,9.65,-0.15,6.6,-365,51.5,0.78,1026
12/1/74,1,-1.9,37400,183.683,665.5,9.47,0.11,7.2,-613,51.9,0.78,975
1/1/75,1,-2.3,37200,176.864,616.1,8.55,0.08,8.1,-359,52.1,0.39,1032
2/1/75,1,-2.3,37900,179.553,619.1,6.76,0.24,8.1,-375,52.5,0.77,904
3/1/75,1,-2.3,38800,178.203,703.7,6.07,0.3,8.6,-270,52.7,0.38,993
4/1/75,0,-1.8,39200,170.066,739.1,5.48,0.43,8.8,-188,52.9,0.38,1005
5/1/75,0,-1.8,39500,167.293,768.2,5.55,0.18,9,164,53.2,0.57,1121
6/1/75,0,-1.8,37900,164.25,821.3,5.23,0.4,8.8,-103,53.6,0.75,1087
7/1/75,0,0.8,38600,164.867,835.7,6.12,0.12,8.6,249,54.2,1.12,1226
8/1/75,0,0.8,38200,163.168,879,6.24,0.08,8.4,383,54.3,0.18,1260
9/1/75,0,0.8,39700,144.311,831.5,6.13,0.06,8.4,75,54.6,0.55,1264
10/1/75,0,2.6,40700,142.691,835.3,6.24,0.07,8.4,312,54.9,0.55,1344
11/1/75,0,2.6,41100,142.565,793.9,5.65,0.22,8.3,145,55.3,0.73,1360
12/1/75,0,2.6,42100,139.279,836,5.31,0.25,8.2,332,55.5,0.36,1321
1/1/76,0,6.2,41600,131.695,860.7,5.37,0.23,7.9,486,55.6,0.18,1367
2/1/76,0,6.2,42700,130.94,852.4,4.84,0.36,7.7,313,55.8,0.36,1538
3/1/76,0,6.2,43600,132.676,975.3,5.21,0.29,7.6,232,55.9,0.18,1421
4/1/76,0,6.2,43300,127.91,972.6,4.83,0.24,7.7,244,56.1,0.36,1395
5/1/76,0,6.2,43600,126.913,999.5,5.1,0.33,7.4,20,56.5,0.71,1459
6/1/76,0,6.2,46100,125.684,995.8,5.58,0.23,7.6,64,56.8,0.53,1495
7/1/76,0,5,44600,117.866,975.2,5.58,0.29,7.8,171,57.1,0.53,1401
8/1/76,0,5,44200,110.055,1002.8,5.32,0.31,7.8,157,57.4,0.53,1550
9/1/76,0,5,44700,114.098,984.6,5.25,0.5,7.6,188,57.6,0.35,1720
10/1/76,0,4.3,45300,116.095,973.7,5.32,0.54,7.7,19,57.9,0.52,1629
11/1/76,0,4.3,45800,130.341,990.2,5.04,0.68,7.8,329,58,0.17,1641
12/1/76,0,4.3,45900,133.674,964.9,4.67,0.95,7.8,208,58.2,0.34,1804
1/1/77,0,3.2,45500,132.306,947.2,4.17,0.68,7.5,242,58.5,0.52,1527
2/1/77,0,3.2,47400,136.163,1004.7,4.58,0.5,7.6,298,59.1,1.03,1943
3/1/77,0,3.2,46200,148.339,954.4,4.7,0.5,7.4,403,59.5,0.68,2063
4/1/77,0,4.5,48700,149.184,936.4,4.72,0.51,7.2,337,60,0.84,1892
5/1/77,0,4.5,49300,146.536,919.6,5.12,0.51,7,360,60.3,0.5,1971
6/1/77,0,4.5,48700,140.828,926.9,5.24,0.51,7.2,400,60.7,0.66,1893
7/1/77,0,5.8,48600,143.383,898.7,5.36,0.63,6.9,346,61,0.49,2058
8/1/77,0,5.8,49000,145.009,916.3,5.84,0.41,7,241,61.2,0.33,2020
9/1/77,0,5.8,48500,149.334,890.1,6.06,0.33,6.8,457,61.4,0.33,1949
10/1/77,0,5,51400,158.848,861.5,6.46,0.28,6.8,268,61.6,0.33,2042
11/1/77,0,5,51800,162.132,847.1,6.65,0.16,6.8,373,61.9,0.49,2042
12/1/77,0,5,52700,160.48,816,6.52,0.2,6.4,237,62.1,0.32,2142
1/1/78,0,4.1,52300,173.207,829.7,6.53,0.25,6.4,184,62.5,0.64,1718
2/1/78,0,4.1,53200,178.36,830.5,7.18,0.22,6.3,354,62.9,0.64,1738
3/1/78,0,4.1,53200,183.771,769.9,6.86,0.18,6.3,512,63.4,0.79,2032
4/1/78,0,6.1,53300,175.323,742.1,6.97,0.17,6.1,702,63.9,0.79,2197
5/1/78,0,6.1,55700,176.19,756.7,7.27,0.16,6,347,64.5,0.94,2075
6/1/78,0,6.1,56700,183.761,837.3,7.48,0.14,5.9,441,65.2,1.09,2070
7/1/78,0,5.2,54800,188.569,840.6,8.01,0.11,6.2,254,65.7,0.77,2092
8/1/78,0,5.2,56100,206.455,819,7.97,0.1,5.9,279,66,0.46,1996
9/1/78,0,5.2,57300,212.212,862.3,8.33,-0.04,6,138,66.5,0.76,1970
10/1/78,0,6.7,58300,227.432,876.8,8.9,0.05,5.8,335,67.1,0.9,1981
11/1/78,0,6.7,58700,207.082,865.8,9.87,-0.11,5.9,435,67.4,0.45,2094
12/1/78,0,6.7,59900,207.895,805.5,9.95,-0.01,6,280,67.7,0.45,2044
1/1/79,0,6.5,60300,226.986,802,10.84,-0.15,5.9,137,68.3,0.89,1630
2/1/79,0,6.5,61200,245.59,805,10.05,-0.01,5.9,247,69.1,1.17,1520
3/1/79,0,6.5,60400,242.348,839.2,10.05,-0.11,5.8,424,69.8,1.01,1847
4/1/79,0,2.7,62600,239.174,808.8,10.07,-0.09,5.8,-62,70.6,1.15,1748
5/1/79,0,2.7,62800,257.738,859.9,10.38,0.01,5.6,372,71.5,1.27,1876
6/1/79,0,2.7,64200,279.36,854.9,10.24,0.04,5.7,319,72.3,1.12,1913
7/1/79,0,2.4,63800,295.009,822.3,10.54,0.06,5.7,109,73.1,1.11,1760
8/1/79,0,2.4,64000,300.793,840.6,10.75,0.03,6,83,73.8,0.96,1778
9/1/79,0,2.4,66000,354.498,846.4,11.29,-0.1,5.9,27,74.6,1.08,1832
10/1/79,0,1.3,62300,390.959,887.6,12.06,-0.04,6,154,75.2,0.8,1681
11/1/79,0,1.3,63900,391.518,877.7,15.26,-0.47,5.9,92,75.9,0.93,1524
12/1/79,0,1.3,61500,463.666,815.7,13.96,-0.04,6,99,76.7,1.05,1498
1/1/80,1,1.4,62900,674.58,822.4,14.77,-0.02,6.3,128,77.8,1.43,1341
2/1/80,1,1.4,64900,665.893,838.7,13.44,-0.01,6.3,83,78.9,1.41,1350
3/1/80,1,1.4,62600,554.276,875.9,16.33,-0.74,6.3,111,80.1,1.52,1047
4/1/80,1,-0.8,63100,516.71,863.1,19.79,-0.7,6.9,-145,81,1.12,1051
5/1/80,1,-0.8,63100,514.268,785.8,14.07,-0.15,7.5,-429,81.8,0.99,927
6/1/80,1,-0.8,64900,600.786,817.1,11.06,0.34,7.6,-319,82.7,1.1,1196
7/1/80,1,-1.6,64000,645.75,850.9,9.47,0.58,7.8,-261,82.7,0,1269
8/1/80,0,-1.6,63400,626.36,867.9,10.48,0.6,7.7,259,83.3,0.73,1436
9/1/80,0,-1.6,68300,673.941,935.3,10.74,-0.13,7.5,114,84,0.84,1471
10/1/80,0,0,65600,662.27,932.6,13.05,0.01,7.5,277,84.8,0.95,1523
11/1/80,0,0,66700,623.875,932.4,13.77,-0.28,7.5,257,85.5,0.83,1510
12/1/80,0,0,67000,596.712,924.5,17.71,-0.43,7.2,196,86.3,0.94,1482
1/1/81,0,1.6,67600,557.813,991.1,22,-0.19,7.5,90,87,0.81,1547
2/1/81,0,1.6,66200,500.8,964,17.25,-0.16,7.4,72,87.9,1.03,1246
3/1/81,0,1.6,66700,499.693,947.1,15.53,-0.3,7.4,105,88.5,0.68,1306
4/1/81,0,3,68700,496.625,974.6,14.51,-0.22,7.2,73,89.1,0.68,1360
5/1/81,0,3,70800,480.316,1003.9,19.79,-0.32,7.5,13,89.8,0.79,1140
6/1/81,0,3,68800,460.5,997.8,19.01,-0.53,7.5,194,90.6,0.89,1045
7/1/81,1,4.3,69500,409.284,991.8,21.09,-0.43,7.2,111,91.6,1.1,1041
8/1/81,1,4.3,72600,410.24,976.9,17.46,-0.67,7.4,-36,92.3,0.76,940
9/1/81,1,4.3,65800,443.773,952.3,17.52,-0.71,7.6,-88,93.2,0.98,911
10/1/81,1,1.3,69600,437.68,881.5,16.96,-0.38,7.9,-97,93.4,0.21,873
11/1/81,1,1.3,71200,413.405,850,14.44,-0.04,8.3,-209,93.7,0.32,837
12/1/81,1,1.3,68400,410.119,856,13.03,0.26,8.5,-276,94,0.32,910
1/1/82,1,-2.2,66200,384.163,889,13.13,0.04,8.6,-330,94.3,0.32,843
2/1/82,1,-2.2,65700,374.458,875,15.69,-0.21,8.9,-2,94.6,0.32,866
3/1/82,1,-2.2,67200,330.413,866.3,14.11,-0.12,9,-129,94.5,-0.11,931
4/1/82,1,-1,70200,350.335,824.4,15.48,-0.16,9.3,-284,94.9,0.42,917
5/1/82,1,-1,69300,334.505,822.8,15.28,-0.07,9.4,-43,95.8,0.95,1025
6/1/82,1,-1,69300,314.961,848.4,13.76,-0.05,9.6,-242,97,1.25,902
7/1/82,1,-2.6,70900,337.895,819.5,14.73,-0.22,9.8,-344,97.5,0.52,1166
8/1/82,1,-2.6,70100,363.413,811.9,11.41,-0.05,9.8,-158,97.7,0.21,1046
9/1/82,1,-2.6,67800,438.15,808.6,11.28,0.18,10.1,-180,97.9,0.2,1144
10/1/82,1,-1.4,69700,422.786,901.3,10.87,0.01,10.4,-276,98.2,0.31,1173
11/1/82,1,-1.4,73500,415.114,896.3,9.43,0.15,10.8,-121,98,-0.2,1372
12/1/82,0,-1.4,71700,444.776,991.7,9.1,0.4,10.8,-15,97.6,-0.41,1303
1/1/83,0,1.4,73500,481.838,1039.3,11.2,0.3,10.4,219,97.8,0.2,1586
2/1/83,0,1.4,73800,493.488,1046.5,8.63,0.44,10.4,-73,97.9,0.1,1699
3/1/83,0,1.4,72500,420.707,1075.7,8.65,0.48,10.3,173,97.9,0,1606
4/1/83,0,3.3,74700,433.171,1112.2,9.12,0.35,10.2,274,98.6,0.72,1472
5/1/83,0,3.3,74500,437.393,1130,8.84,0.44,10.1,280,99.2,0.61,1776
6/1/83,0,3.3,75800,413.148,1225.4,9.38,0.29,10.1,377,99.5,0.3,1733
7/1/83,0,5.7,75200,422.645,1200,9.31,0.21,9.4,416,99.9,0.4,1785
8/1/83,0,5.7,76800,416.205,1222,9.64,0.17,9.5,-308,100.2,0.3,1910
9/1/83,0,5.7,81000,412.245,1199.2,9.61,0.21,9.2,1118,100.7,0.5,1710
10/1/83,0,7.9,75900,394.245,1216.2,10.59,0.25,8.8,273,101,0.3,1715
11/1/83,0,7.9,75900,381.016,1233.1,9.45,0.31,8.5,355,101.2,0.2,1785
12/1/83,0,7.9,75900,388.06,1225.2,9.46,0.26,8.3,355,101.3,0.1,1688
1/1/84,0,8.6,76200,370.735,1276,9.92,0.27,8,443,101.9,0.59,1897
2/1/84,0,8.6,79200,386.038,1258.6,9.74,0.33,7.8,484,102.4,0.49,2260
3/1/84,0,8.6,78400,394.743,1220.6,9.73,0.3,7.8,272,102.6,0.2,1663
4/1/84,0,8,79600,381.371,1154.6,10.24,0.27,7.7,363,103.1,0.49,1851
5/1/84,0,8,81400,376.957,1164.9,11.04,0.25,7.4,306,103.4,0.29,1774
6/1/84,0,8,80500,378.314,1170.8,10.53,0.17,7.2,381,103.7,0.29,1843
7/1/84,0,6.9,80700,347.598,1106.3,10.85,0.14,7.5,310,104.1,0.39,1732
8/1/84,0,6.9,82000,347.677,1132.4,12.04,0.07,7.5,243,104.5,0.38,1586
9/1/84,0,6.9,81300,340.945,1115.3,11.64,0.03,7.3,312,105,0.48,1698
10/1/84,0,5.6,80100,340.217,1222.4,11.38,0.03,7.4,285,105.3,0.29,1590
11/1/84,0,5.6,82500,341.286,1206.7,10.26,0.21,7.2,353,105.3,0,1689
12/1/84,0,5.6,78300,319.622,1207.4,8.92,0.33,7.3,125,105.3,0,1612
1/1/85,0,4.6,82500,302.852,1188.9,8.74,0.48,7.3,265,105.5,0.19,1711
2/1/85,0,4.6,82000,299.833,1211.6,8.74,0.36,7.2,131,106,0.47,1632
3/1/85,0,4.6,84200,303.205,1286.1,8.74,0.34,7.2,339,106.4,0.38,1800
4/1/85,0,3.7,85600,324.883,1284,8.83,0.38,7.3,196,106.9,0.47,1821
5/1/85,0,3.7,80100,316.395,1266.8,8.83,0.46,7.2,274,107.3,0.37,1680
6/1/85,0,3.7,86300,316.298,1258.1,7.64,0.55,7.4,147,107.6,0.28,1676
7/1/85,0,4.3,82100,317.202,1315.4,8.12,0.61,7.4,189,107.8,0.19,1684
8/1/85,0,4.3,83300,330.131,1335.5,8.26,0.56,7.1,192,108,0.19,1743
9/1/85,0,4.3,84700,323.764,1347.5,7.8,0.53,7.1,205,108.3,0.28,1676
10/1/85,0,4.2,85400,326.093,1334,8.26,0.6,7.1,188,108.7,0.37,1834
11/1/85,0,4.2,87200,325.548,1328.6,8.32,0.53,7,210,109,0.28,1698
12/1/85,0,4.2,87900,321.985,1374.3,8.54,0.55,7,166,109.3,0.28,1942
1/1/86,0,4.1,86600,345.561,1472.1,13.46,0.53,6.7,123,109.6,0.27,1972
2/1/86,0,4.1,89700,339.053,1546.7,8.09,0.52,7.2,115,109.3,-0.27,1848
3/1/86,0,4.1,88700,346.095,1571,7.95,0.23,7.2,87,108.8,-0.46,1876
4/1/86,0,3.7,92500,340.716,1709.1,7.49,0.19,7.1,187,108.6,-0.18,1933
5/1/86,0,3.7,92100,342.325,1818.6,7.13,0.25,7.2,127,108.9,0.28,1854
6/1/86,0,3.7,91200,342.798,1784,6.84,0.27,7.2,-93,109.5,0.55,1847
7/1/86,0,3.1,94100,348.554,1876.7,6.97,0.14,7,318,109.5,0,1782
8/1/86,0,3.1,91500,376.29,1892.7,6.38,0.32,6.9,115,109.7,0.18,1807
9/1/86,0,3.1,95000,418.152,1775.3,5.77,0.58,7,346,110.2,0.46,1687
10/1/86,0,2.9,96400,423.863,1898.3,5.99,0.48,7,187,110.3,0.09,1681
11/1/86,0,2.9,94000,396.983,1767.6,5.93,0.58,6.9,187,110.4,0.09,1623
12/1/86,0,2.9,95000,391.595,1877.7,6.38,0.49,6.6,201,110.5,0.09,1833
1/1/87,0,2.7,98500,408.524,1914.2,14.35,0.43,6.6,169,111.2,0.63,1774
2/1/87,0,2.7,95200,401.045,1897.4,6.28,0.48,6.6,241,111.6,0.36,1784
3/1/87,0,2.7,98400,408.848,2158,6.02,0.48,6.6,245,112.1,0.45,1726
4/1/87,0,3.4,96500,439.665,2224,6.22,0.47,6.3,335,112.7,0.54,1614
5/1/87,0,3.4,104900,461.65,2304.7,7.67,0.41,6.3,229,113.1,0.35,1628
6/1/87,0,3.4,109000,449.282,2286.4,6.74,0.37,6.2,172,113.5,0.35,1594
7/1/87,0,3.3,105000,450.33,2291.6,6.07,0.4,6.1,347,113.8,0.26,1575
8/1/87,0,3.3,106800,460.988,2418.5,6.75,0.47,6,173,114.4,0.53,1605
9/1/87,0,3.3,106500,460.12,2572.1,6.84,0.48,5.9,227,115,0.52,1695
10/1/87,0,4.5,106500,465.764,2663,7.71,0.44,6,491,115.3,0.26,1515
11/1/87,0,4.5,117000,468.14,2596.3,6.62,0.54,5.8,234,115.4,0.09,1656
12/1/87,0,4.5,111800,487.079,1993.5,7.04,0.57,5.7,289,115.4,0,1400
1/1/88,0,4.2,119000,477.758,1833.6,6.89,0.48,5.7,92,115.7,0.26,1271
2/1/88,0,4.2,110900,442.124,1950.8,6.96,0.48,5.7,461,116,0.26,1473
3/1/88,0,4.2,108900,443.491,1958.2,6.66,0.54,5.7,275,116.5,0.43,1532
4/1/88,0,4.5,111000,451.558,2071.6,6.7,0.49,5.4,243,117.1,0.52,1573
5/1/88,0,4.5,110000,451.32,1988.1,6.98,0.55,5.6,230,117.5,0.34,1421
6/1/88,0,4.5,111500,451.657,2032.3,7.24,0.46,5.4,364,118,0.43,1478
7/1/88,0,4.2,118000,437.452,2031.1,7.75,0.39,5.4,224,118.5,0.42,1467
8/1/88,0,4.2,110000,431.064,2141.7,7.91,0.37,5.6,124,119,0.42,1493
9/1/88,0,4.2,116600,413.439,2128.7,8.27,0.3,5.4,339,119.8,0.67,1492
10/1/88,0,3.8,112900,406.39,2027.6,8.54,0.25,5.4,263,120.2,0.33,1522
11/1/88,0,3.8,110400,419.966,2112.9,8.35,0.3,5.3,341,120.3,0.08,1569
12/1/88,0,3.8,121000,419.248,2148.7,8.54,0.13,5.3,281,120.5,0.17,1563
1/1/89,0,4.3,113000,404.445,2114.5,9.04,-0.02,5.4,263,121.1,0.5,1621
2/1/89,0,4.3,118000,387.973,2168.4,9.02,-0.06,5.2,266,121.6,0.41,1425
3/1/89,0,4.3,123000,390.274,2342.3,9.82,-0.07,5,194,122.3,0.58,1422
4/1/89,0,3.7,116700,384.72,2258.4,9.79,-0.18,5.2,170,123.1,0.65,1339
5/1/89,0,3.7,119000,371.35,2293.6,9.85,-0.05,5.2,122,123.8,0.57,1331
6/1/89,0,3.7,122800,367.727,2418.8,9.84,-0.04,5.3,114,124.1,0.24,1397
7/1/89,0,3.9,116000,375.21,2480.2,9.63,0.1,5.2,42,124.4,0.24,1427
8/1/89,0,3.9,122900,365.548,2440.1,8.95,0.25,5.2,51,124.6,0.16,1332
9/1/89,0,3.9,120000,361.798,2660.7,8.93,0.01,5.3,249,125,0.32,1279
10/1/89,0,2.7,123000,366.8,2737.3,9.24,-0.05,5.3,107,125.6,0.48,1410
11/1/89,0,2.7,125000,394.361,2692.8,8.98,0.05,5.4,276,125.9,0.24,1351
12/1/89,0,2.7,125200,409.655,2645.1,8.51,0.11,5.4,84,126.1,0.16,1251
1/1/90,0,2.8,125000,410.118,2706.3,7.97,0.07,5.4,361,127.4,1.03,1551
2/1/90,0,2.8,126900,416.543,2753.2,8.25,0.07,5.3,238,128,0.47,1437
3/1/90,0,2.8,119400,393.661,2590.5,8.3,0.06,5.2,209,128.7,0.55,1289
4/1/90,0,2.4,130000,374.929,2627.3,8.3,0,5.4,44,128.9,0.16,1248
5/1/90,0,2.4,125000,368.855,2707.2,8.11,0,5.4,151,129.2,0.23,1212
6/1/90,0,2.4,125000,352.657,2656.8,8.28,0.06,5.2,18,129.9,0.54,1177
7/1/90,1,1.7,118700,361.82,2876.7,8.32,0.08,5.5,-33,130.4,0.38,1171
8/1/90,1,1.7,118400,394.861,2880.7,8.07,0.23,5.7,-207,131.6,0.92,1115
9/1/90,1,1.7,113000,389.56,2905.2,8.06,0.37,5.9,-97,132.7,0.84,1110
10/1/90,1,0.6,120000,381.333,2614.4,8.25,0.33,5.9,-153,133.5,0.6,1014
11/1/90,1,0.6,118900,381.866,2452.5,8.06,0.42,6.2,-154,133.8,0.22,1145
12/1/90,1,0.6,127000,378.161,2442.3,7.61,0.34,6.3,-46,133.8,0,969
1/1/91,1,-1,117900,384.591,2559.7,5.53,0.38,6.4,-111,134.6,0.6,798
2/1/91,1,-1,119900,363.748,2633.7,6.3,0.46,6.6,-321,134.8,0.15,965
3/1/91,1,-1,122500,363.39,2736.4,6.35,0.34,6.8,-159,135,0.15,921
4/1/91,0,-0.5,121000,358.055,2882.2,6.48,0.33,6.7,-209,135.2,0.15,1001
5/1/91,0,-0.5,116000,357.117,2913.9,5.9,0.38,6.9,-116,135.6,0.3,996
6/1/91,0,-0.5,119000,366.36,2887.9,5.92,0.34,6.9,86,136,0.29,1036
7/1/91,0,-0.1,120000,368.013,3027.5,6.38,0.33,6.8,-45,136.2,0.15,1063
8/1/91,0,-0.1,120800,356.721,2911.7,5.86,0.42,6.9,21,136.6,0.29,1049
9/1/91,0,-0.1,120000,348.46,3024.8,5.5,0.49,6.9,25,137.2,0.44,1015
10/1/91,0,1.2,122600,358.826,3043.6,5.4,0.55,7,19,137.4,0.15,1079
11/1/91,0,1.2,118500,359.96,3016.8,5.03,0.77,7,-60,137.8,0.29,1103
12/1/91,0,1.2,122000,361.875,3069.1,4.86,0.89,7.3,33,137.9,0.07,1079
1/1/92,0,2.9,120000,354.436,2894.7,4.09,0.8,7.3,42,138.1,0.15,1176
2/1/92,0,2.9,117200,353.853,3168.8,4.4,0.84,7.4,-59,138.6,0.36,1250
3/1/92,0,2.9,120000,344.641,3223.4,4.13,0.65,7.4,55,139.3,0.51,1297
4/1/92,0,3.2,120000,338.728,3267.7,4.98,0.64,7.4,155,139.5,0.14,1099
5/1/92,0,3.2,113000,337.039,3235.5,3.75,0.74,7.6,129,139.7,0.14,1214
6/1/92,0,3.2,124500,340.784,3359.1,3.96,0.7,7.8,67,140.2,0.36,1145
7/1/92,0,3.7,118000,352.452,3396.9,3.89,0.83,7.7,75,140.5,0.21,1139
8/1/92,0,3.7,123500,343.603,3318.5,3.37,0.9,7.6,135,140.9,0.28,1226
9/1/92,0,3.7,119500,345.3,3393.8,3.39,1.04,7.6,34,141.3,0.28,1186
10/1/92,0,4.4,125000,344.277,3257.4,3.58,1.05,7.3,181,141.8,0.35,1244
11/1/92,0,4.4,128900,334.924,3271.7,3.04,0.92,7.4,133,142,0.14,1214
12/1/92,0,4.4,126000,334.657,3226.3,3.17,0.7,7.4,222,141.9,-0.07,1227
1/1/93,0,3.3,118000,328.993,3305.2,2.66,0.7,7.3,300,142.6,0.49,1210
2/1/93,0,3.3,129400,329.31,3301.1,3.25,0.83,7.1,248,143.1,0.35,1210
3/1/93,0,3.3,125000,329.974,3310,3.65,0.82,7,-48,143.6,0.35,1083
4/1/93,0,2.8,127000,341.948,3370.8,3.31,0.82,7.1,303,144,0.28,1258
5/1/93,0,2.8,129900,367.045,3435.1,3.01,0.9,7.1,271,144.2,0.14,1260
6/1/93,0,2.8,124500,371.914,3427.6,3.33,0.79,7,179,144.4,0.14,1280
7/1/93,0,2.3,123900,392.034,3527.4,3.27,0.76,6.9,305,144.4,0,1254
8/1/93,0,2.3,126600,379.795,3516.1,3.07,0.65,6.8,154,144.8,0.28,1300
9/1/93,0,2.3,129400,355.561,3539.5,3.25,0.65,6.7,241,145.1,0.21,1343
10/1/93,0,2.6,125000,364.005,3651.3,3.19,0.62,6.8,285,145.7,0.41,1392
11/1/93,0,2.6,130000,373.939,3555.1,3.15,0.6,6.6,253,145.8,0.07,1376
12/1/93,0,2.6,125000,383.243,3680.6,3.07,0.65,6.5,329,145.8,0,1533
1/1/94,0,3.4,126000,387.11,3684,2.85,0.6,6.6,282,146.2,0.27,1272
2/1/94,0,3.4,129900,381.658,3754.1,3.25,0.6,6.6,184,146.7,0.34,1337
3/1/94,0,3.4,132300,384,3978.4,3.31,0.56,6.5,463,147.2,0.34,1564
4/1/94,0,4.2,129000,377.908,3832,3.64,0.51,6.4,344,147.4,0.14,1465
5/1/94,0,4.2,129900,381.343,3633.1,3.73,0.41,6.1,336,147.5,0.07,1526
6/1/94,0,4.2,133500,385.714,3681.7,4.33,0.38,6.1,314,148,0.34,1409
7/1/94,0,4.3,124400,385.45,3758.4,3.82,0.37,6.1,371,148.4,0.27,1439
8/1/94,0,4.3,133300,380.207,3625,4.34,0.39,6,289,149,0.4,1450
9/1/94,0,4.3,129700,391.348,3764.5,4.76,0.37,5.9,349,149.4,0.27,1474
10/1/94,0,4.1,132000,390.164,3913.4,5.44,0.31,5.8,213,149.5,0.07,1450
11/1/94,0,4.1,129900,384.377,3843.2,4.76,0.31,5.6,412,149.7,0.13,1511
12/1/94,0,4.1,135000,379.48,3908.1,5.49,0.11,5.5,295,149.7,0,1455
1/1/95,0,3.5,127900,378.738,3739.2,4.94,-0.02,5.6,337,150.3,0.4,1407
2/1/95,0,3.5,135000,376.745,3834.4,5.25,0.07,5.4,194,150.9,0.4,1316
3/1/95,0,3.5,130000,381.82,3843.9,5.56,0.16,5.4,211,151.4,0.33,1249
4/1/95,0,2.4,134000,391.339,4011.1,6.3,0.12,5.8,163,151.9,0.33,1267
5/1/95,0,2.4,133900,385.231,4157.7,6.1,0.18,5.6,-20,152.2,0.2,1314
6/1/95,0,2.4,133700,387.618,4321.3,6.04,0.22,5.6,237,152.5,0.2,1281
7/1/95,0,2.7,131000,386.138,4465.1,6.11,0.24,5.7,93,152.5,0,1461
8/1/95,0,2.7,134900,383.502,4556.1,5.55,0.27,5.7,256,152.9,0.26,1416
9/1/95,0,2.7,130000,382.931,4708.5,5.72,0.22,5.6,239,153.2,0.2,1369
10/1/95,0,2.2,135200,383.202,4610.6,6.2,0.16,5.5,157,153.7,0.33,1369
11/1/95,0,2.2,137000,385.209,4789.1,5.76,0.2,5.6,144,153.6,-0.07,1452
12/1/95,0,2.2,138600,387.445,4755.5,5.56,0.22,5.6,146,153.5,-0.07,1431
1/1/96,0,2.6,131900,398.695,5074.5,4.73,0.2,5.6,-5,154.4,0.59,1467
2/1/96,0,2.6,139400,404.919,5117.1,5.27,0.35,5.5,421,154.9,0.32,1491
3/1/96,0,2.6,137000,396.512,5395.3,5.81,0.39,5.5,257,155.7,0.52,1424
4/1/96,0,4,140000,392.87,5485.6,5.53,0.24,5.6,167,156.3,0.39,1516
5/1/96,0,4,136500,391.99,5587.1,5.41,0.25,5.6,328,156.6,0.19,1504
6/1/96,0,4,140000,385.245,5569.1,5.31,0.21,5.3,282,156.7,0.06,1467
7/1/96,0,4.1,144200,383.457,5643.2,7.8,0.24,5.5,242,157,0.19,1472
8/1/96,0,4.1,137000,387.51,5654.6,6.29,0.23,5.1,187,157.3,0.19,1557
9/1/96,0,4.1,139000,383.29,5528.9,5.28,0.2,5.2,211,157.8,0.32,1475
10/1/96,0,4.4,143800,380.909,5616.2,5.53,0.24,5.2,256,158.3,0.32,1392
11/1/96,0,4.4,143500,377.869,5882.2,5.19,0.27,5.4,295,158.6,0.19,1489
12/1/96,0,4.4,144900,369.338,6029.4,5.44,0.21,5.4,183,158.6,0,1370
1/1/97,0,4.3,145000,355.025,6521.7,6.26,0.21,5.3,220,159.1,0.32,1355
2/1/97,0,4.3,143000,346.4,6448.3,5.37,0.25,5.2,310,159.6,0.31,1486
3/1/97,0,4.3,148000,352.311,6813.1,5.5,0.17,5.2,317,160,0.25,1457
4/1/97,0,4.3,150000,344.707,6877.7,6.18,0.16,5.1,297,160.2,0.12,1492
5/1/97,0,4.3,141000,344.1,6583.5,5.73,0.14,4.9,261,160.1,-0.06,1442
6/1/97,0,4.3,145000,340.805,7009,5.58,0.15,5,268,160.3,0.12,1494
7/1/97,0,4.7,145900,323.78,7331,6.24,0.12,4.9,294,160.5,0.12,1437
8/1/97,0,4.7,144000,323.998,7672.8,5.65,0.11,4.8,-20,160.8,0.19,1390
9/1/97,0,4.7,146300,322.616,8222.6,5.52,0.11,4.9,495,161.2,0.25,1546
10/1/97,0,4.5,141500,324.863,7651,5.65,0.12,4.7,346,161.6,0.25,1520
11/1/97,0,4.5,145000,306.345,7945.3,5.56,0.12,4.6,306,161.5,-0.06,1510
12/1/97,0,4.5,145900,288.776,7443.1,5.92,0.03,4.7,313,161.3,-0.12,1566
1/1/98,0,4.9,148000,289.264,7823.6,5.84,0.02,4.6,264,161.6,0.19,1525
2/1/98,0,4.9,156000,297.743,7908.3,5.48,0.13,4.6,201,161.9,0.19,1584
3/1/98,0,4.9,152700,295.87,7987.5,5.57,0.03,4.7,150,162.2,0.19,1567
4/1/98,0,4.1,148000,308.558,8528.8,5.72,0.03,4.3,279,162.5,0.18,1540
5/1/98,0,4.1,153200,298.971,8818.5,5.46,0.02,4.4,402,162.8,0.18,1536
6/1/98,0,4.1,148000,292.223,9106.5,5.79,0.02,4.5,232,163,0.12,1641
7/1/98,0,4.1,149900,292.874,8907.9,6.35,-0.02,4.5,126,163.2,0.12,1698
8/1/98,0,4.1,154900,284.228,9011.6,5.63,-0.01,4.5,338,163.4,0.12,1614
9/1/98,0,4.1,155000,288.661,8868.1,5.75,0.15,4.6,213,163.6,0.12,1582
10/1/98,0,4.9,154500,296.595,7583.1,5.73,0.2,4.5,204,164,0.24,1715
11/1/98,0,4.9,151000,294.243,7749.4,5.35,0.37,4.4,275,164,0,1660
12/1/98,0,4.9,152500,291.357,8645.7,4.82,0.25,4.4,364,163.9,-0.06,1792
1/1/99,0,4.8,153100,287.333,9039.6,4.07,0.12,4.3,106,164.3,0.24,1748
2/1/99,0,4.8,160000,287.495,9212.8,4.86,0.1,4.4,418,164.5,0.12,1670
3/1/99,0,4.8,157300,286.243,9405.4,5.1,0.08,4.2,108,165,0.3,1710
4/1/99,0,4.7,159900,282.62,9315.3,5.41,0.14,4.3,371,166.2,0.73,1553
5/1/99,0,4.7,154400,276.932,9825.3,5.03,0.13,4.2,212,166.2,0,1611
6/1/99,0,4.7,159300,261.402,10788.8,4.78,0.03,4.3,277,166.2,0,1559
7/1/99,0,4.7,158200,256.198,10549.1,5.76,0.13,4.3,321,166.7,0.3,1669
8/1/99,0,4.7,154800,256.936,10972.4,5.07,0.11,4.2,156,167.1,0.24,1648
9/1/99,0,4.7,163200,264.47,10654.8,5.41,0.11,4.2,205,167.9,0.48,1635
10/1/99,0,4.8,161100,311.562,10828.4,5.26,0.12,4.1,409,168.2,0.18,1608
11/1/99,0,4.8,172000,293.65,10335.7,5.38,0.07,4.1,289,168.3,0.06,1648
12/1/99,0,4.8,164800,283.743,10730.8,5.71,0.07,4,307,168.3,0,1708
1/1/00,0,4.2,163500,284.59,10876.5,3.99,0.09,4,234,168.8,0.3,1636
2/1/00,0,4.2,162400,300.855,11501.8,5.79,-0.02,4.1,116,169.8,0.59,1737
3/1/00,0,4.2,165100,286.704,10937.7,5.78,-0.2,4,473,171.2,0.82,1604
4/1/00,0,5.3,162600,279.961,10128.1,6.17,-0.3,3.8,291,171.3,0.06,1626
5/1/00,0,5.3,164700,275.293,10863.3,6.17,-0.33,4,218,171.5,0.12,1575
6/1/00,0,5.3,160100,285.368,10749.4,6.65,-0.24,4,-39,172.4,0.52,1559
7/1/00,0,4.1,169000,282.152,10532.3,6.86,-0.15,4,168,172.8,0.23,1463
8/1/00,0,4.1,166600,274.523,10450.4,6.51,-0.11,4.1,-7,172.8,0,1541
9/1/00,0,4.1,171500,273.676,10523.8,6.52,-0.25,3.9,124,173.7,0.52,1507
10/1/00,0,3,176300,270.405,11219.5,6.6,-0.04,3.9,1,174,0.17,1549
11/1/00,0,3,174700,265.989,10659.1,6.61,-0.04,3.9,205,174.1,0.06,1551
12/1/00,0,3,162000,271.892,10966.2,6.6,0.04,3.9,152,174,-0.06,1532
1/1/19,0,2.3,171300,265.934,10416.8,5.41,0.14,4.2,-10,175.1,0.63,1600
2/1/19,0,2.3,169100,262.018,10790.9,5.57,0.35,4.2,92,175.8,0.4,1625
3/1/19,1,2.3,166300,263.273,10884.8,5.59,0.24,4.3,-43,176.2,0.23,1590
4/1/19,1,1.1,175200,260.75,10493.2,5.29,0.38,4.4,-286,176.9,0.4,1649
5/1/19,1,1.1,175300,272.057,9877.16,4.61,0.46,4.3,-49,177.7,0.45,1605
6/1/19,1,1.1,179400,270.738,10734,4.14,0.48,4.5,-114,178,0.17,1636
7/1/19,1,0.5,175000,267.707,10913.6,3.95,0.47,4.6,-125,177.5,-0.28,1670
8/1/19,1,0.5,173700,272.657,10505,3.79,0.52,4.9,-144,177.5,0,1567
9/1/19,1,0.5,166400,282.478,10527.4,3.66,0.46,5,-252,178.3,0.45,1562
10/1/19,1,0.2,171300,283.322,9946.98,3.02,0.8,5.3,-323,177.7,-0.34,1540
11/1/19,1,0.2,168100,276.248,8845.97,2.61,0.71,5.5,-310,177.4,-0.17,1602
12/1/19,0,0.2,180200,275.992,9087.45,2.06,0.7,5.7,-161,176.7,-0.39,1568
1/2/19,0,1.3,187100,281.764,9848.93,1.52,0.71,5.7,-129,177.1,0.23,1698
2/2/19,0,1.3,191100,295.683,10021.7,1.77,0.65,5.7,-116,177.8,0.4,1829
3/2/19,0,1.3,183400,294.353,9923.04,1.78,0.68,5.7,-20,178.8,0.56,1642
4/2/19,0,1.3,187100,302.862,10111,1.88,0.6,5.9,-96,179.8,0.56,1592
5/2/19,0,1.3,181000,314.48,10402.1,1.88,0.68,5.8,11,179.8,0,1764
6/2/19,0,1.3,190600,321.536,9944.9,1.79,0.68,5.8,48,179.9,0.06,1717
7/2/19,0,2.2,175600,313.567,9923.94,1.83,0.78,5.8,-91,180.1,0.11,1655
8/2/19,0,2.2,178900,310.045,9239.25,1.79,1.02,5.7,-1,180.7,0.33,1633
9/2/19,0,2.2,177500,318.8,8732.58,1.81,0.94,5.7,-79,181,0.17,1804
10/2/19,0,2.1,189200,316.748,8659.27,1.85,1.02,5.7,119,181.3,0.17,1648
11/2/19,0,2.1,181200,319.255,7593.04,1.74,1.15,5.9,-11,181.3,0,1753
12/2/19,0,2.1,197600,333.3,8395.64,1.23,0.95,6,-144,180.9,-0.22,1788
1/3/19,0,1.8,181700,356.864,8902.95,1.16,1.09,5.8,108,181.7,0.44,1853
2/3/19,0,1.8,187000,359.575,8342.38,1.33,1.01,5.9,-135,183.1,0.77,1629
3/3/19,0,1.8,185100,341.564,8053.74,1.33,1.02,5.9,-215,184.2,0.6,1726
4/3/19,0,2,189500,328.208,7890.24,1.29,1.08,6,-52,183.8,-0.22,1643
5/3/19,0,2,195500,355.405,7992.83,1.3,1.1,6.1,16,183.5,-0.16,1751
6/3/19,0,2,187900,356.912,8478.48,1.28,1.07,6.3,-1,183.7,0.11,1867
7/3/19,0,3.3,190200,350.765,8851.45,1.11,1.11,6.2,-2,183.9,0.11,1897
8/3/19,0,3.3,190500,358.993,8983.66,1,1.19,6.1,-40,184.6,0.38,1833
9/3/19,0,3.3,192000,378.859,9232.68,1.01,1,6.1,112,185.2,0.33,1939
10/3/19,0,4.3,194100,379.093,9416.67,1.11,1.11,6,194,185,-0.11,1967
11/3/19,0,4.3,207100,390.2,9276.8,1.03,1.06,5.8,17,184.5,-0.27,2083
12/3/19,0,4.3,196000,407.674,9802.46,1.03,0.96,5.7,115,184.3,-0.11,2057
1/4/19,0,4.3,209500,414.495,9785.35,0.94,1.03,5.7,182,185.2,0.49,1911
2/4/19,0,4.3,219600,404.73,10452.7,1.03,0.99,5.6,57,186.2,0.54,1846
3/4/19,0,4.3,209600,405.976,10487.8,1.04,1.03,5.8,312,187.4,0.64,1998
4/4/19,0,4.2,222300,404.85,10582.2,1.03,1.06,5.6,270,188,0.32,2003
5/4/19,0,4.2,211700,383.953,10357.5,1.03,0.88,5.6,284,189.1,0.59,1981
6/4/19,0,4.2,215700,391.78,10227.3,1.02,0.87,5.6,97,189.7,0.32,1828
7/4/19,0,3.4,212400,398.441,10187.2,1.4,0.8,5.5,57,189.4,-0.16,2002
8/4/19,0,3.4,218100,400.133,10434,1.29,0.79,5.4,91,189.5,0.05,2024
9/4/19,0,3.4,211600,405.402,10138.5,1.53,0.81,5.4,157,189.9,0.21,1905
10/4/19,0,3.3,229200,420.21,10170.1,1.86,0.75,5.5,354,190.9,0.53,2072
11/4/19,0,3.3,224500,439.059,10082,1.83,0.74,5.4,55,191,0.05,1782
12/4/19,0,3.3,229600,442.974,10028.7,2.04,0.67,5.4,123,190.3,-0.37,2042
1/5/19,0,3.9,223100,424.08,10425.8,1.97,0.61,5.3,147,190.7,0.21,2144
2/5/19,0,3.9,237300,423.43,10783.8,2.4,0.43,5.4,259,191.8,0.58,2207
3/5/19,0,3.9,229300,434.355,10489.7,2.39,0.37,5.2,122,193.3,0.78,1864
4/5/19,0,3.6,236300,429.14,10769,2.83,0.32,5.2,364,194.6,0.67,2061
5/5/19,0,3.6,228300,422.903,10504.6,2.97,0.3,5.1,170,194.4,-0.1,2025
6/5/19,0,3.6,226100,430.302,10192,3.02,0.26,5,251,194.5,0.05,2068
7/5/19,0,3.5,229200,424.745,10462.9,3.36,0.2,5,357,195.4,0.46,2054
8/5/19,0,3.5,240100,437.773,10273.6,3.3,0.16,4.9,203,196.4,0.51,2095
9/5/19,0,3.5,240400,455.936,10641.8,3.57,0.15,5,66,198.8,1.22,2151
10/5/19,0,3.1,243900,470.107,10481.4,3.93,0.14,5,90,199.2,0.2,2065
11/5/19,0,3.1,237900,476.668,10569.5,3.99,0.12,5,339,197.6,-0.8,2147
12/5/19,0,3.1,238600,509.423,10437.5,4.03,0.08,4.9,156,196.8,-0.4,1994
1/6/19,0,3.4,244900,549.433,10806,4.09,0.03,4.7,278,198.3,0.76,2273
2/6/19,0,3.4,250800,555.518,10718.3,4.47,0.07,4.8,307,198.7,0.2,2119
3/6/19,0,3.4,238800,557.215,10862.1,4.52,-0.04,4.7,310,199.8,0.55,1969
4/6/19,0,3.1,257000,611.853,10993.2,5,0.04,4.7,158,201.5,0.85,1821
5/6/19,0,3.1,238200,676.769,11113,4.84,0.14,4.6,40,202.5,0.5,1942
6/6/19,0,3.1,243200,597.898,11367.8,5.02,0.09,4.6,81,202.9,0.2,1802
7/6/19,0,2.4,238100,633.093,11169,5.05,0.05,4.7,196,203.5,0.3,1737
8/6/19,0,2.4,243900,631.557,11149.3,5.27,0.08,4.7,175,203.9,0.2,1650
9/6/19,0,2.4,226700,600.15,11184.8,5.25,0.04,4.5,147,202.9,-0.49,1720
10/6/19,0,2.6,250400,586.648,11382.8,5.34,0.05,4.4,10,201.8,-0.54,1491
11/6/19,0,2.6,240100,626.825,11679,5.23,0.04,4.5,212,201.5,-0.15,1570
12/6/19,0,2.6,244700,629.513,12080.2,5.27,0.02,4.4,186,201.8,0.15,1649
1/7/19,0,1.5,254400,630.352,12221,5.17,0.01,4.6,225,202.416,0.31,1409
2/7/19,0,1.5,250800,665.103,12459.5,5.29,0,4.5,80,203.499,0.54,1480
3/7/19,0,1.5,262600,655.891,12617.2,5.31,0.06,4.4,237,205.352,0.91,1495
4/7/19,0,1.8,242500,680.008,12265.6,5.3,0.11,4.5,50,206.686,0.65,1490
5/7/19,0,1.8,245000,668.31,12354.5,5.26,0.12,4.4,152,207.949,0.61,1415
6/7/19,0,1.8,235500,655.714,13062.8,5.23,0.04,4.6,76,208.352,0.19,1448
7/7/19,0,2.2,246200,665.266,13628.7,5.31,0.11,4.7,-33,208.299,-0.03,1354
8/7/19,0,2.2,236500,664.53,13409.6,5.3,0.18,4.6,-23,207.917,-0.18,1330
9/7/19,0,2.2,240300,710.645,13211.1,4.96,0.3,4.7,82,208.49,0.28,1183
10/7/19,0,2,234300,754.48,13358.4,4.92,0.35,4.7,76,208.936,0.21,1264
11/7/19,0,2,249100,808.311,13895.7,4.59,0.31,4.7,109,210.177,0.59,1197
12/7/19,1,2,227700,803.618,13924.2,4.66,0.55,5,110,210.036,-0.07,1037
1/8/19,1,1.1,232400,887.784,13368.2,3.06,0.59,5,13,211.08,0.5,1084
2/8/19,1,1.1,245300,924.283,13261.8,3.12,0.82,4.9,-82,211.693,0.29,1103
3/8/19,1,1.1,229300,971.055,12638.2,3.01,1.05,5.1,-48,213.528,0.87,1005
4/8/19,1,1.1,246400,911.6,12264.4,2.38,0.95,5,-236,214.823,0.61,1013
5/8/19,1,1.1,229300,889.125,12266.6,2.16,0.7,5.4,-184,216.632,0.84,973
6/8/19,1,1.1,234300,889.536,12818.3,1.98,0.23,5.6,-166,218.815,1.01,1046
7/8/19,1,0,237300,941.167,12637.7,2.11,0.64,5.8,-198,219.964,0.53,923
8/8/19,1,0,221000,840.388,11344.6,2.04,0.72,6.1,-279,219.086,-0.4,844
9/8/19,1,0,225200,824.92,11379.9,1.94,0.73,6.1,-460,218.783,-0.14,820
10/8/19,1,-2.8,213200,812.815,11545.6,1.15,0.86,6.5,-481,216.573,-1.01,777
11/8/19,1,-2.8,221600,757.85,10847.4,0.22,1.16,6.8,-727,212.425,-1.92,652
12/8/19,1,-2.8,229600,819.94,9326.04,0.52,1.01,7.3,-704,210.228,-1.03,560
1/9/19,1,-3.3,208600,857.726,8826.89,0.14,0.69,7.8,-783,211.143,0.44,490
2/9/19,1,-3.3,209700,939.763,8772.25,0.23,0.99,8.3,-742,212.193,0.5,582
3/9/19,1,-3.3,205100,925.989,8000.62,0.22,1.04,8.7,-803,212.709,0.24,505
4/9/19,1,-3.9,219200,892.663,7056.48,0.16,1.01,9,-694,213.24,0.25,478
5/9/19,1,-3.9,222300,926.855,7606.13,0.22,1.12,9.4,-344,213.856,0.29,540
6/9/19,1,-3.9,214700,947.807,8167.41,0.21,1.14,9.5,-465,215.693,0.86,585
7/9/19,0,-3,214200,934.272,8501.53,0.2,1,9.5,-341,215.351,-0.16,594
8/9/19,0,-3,207100,949.5,8447.53,0.18,0.98,9.6,-184,215.834,0.22,586
9/9/19,0,-3,216600,996.443,9173.65,0.15,1.02,9.8,-242,215.969,0.06,585
10/9/19,0,0.2,215100,1043.511,9492.32,0.11,1,10,-198,216.177,0.1,534
11/9/19,0,0.2,218800,1126.119,9711.6,0.11,1.08,9.9,12,216.33,0.07,588
12/9/19,0,0.2,222600,1135.012,9712.13,0.13,1.22,9.9,-269,215.949,-0.18,581
1/10/19,0,1.7,218200,1119.575,10343.8,0.05,1.18,9.8,3,216.687,0.34,614
2/10/19,0,1.7,221900,1095.8,10430.7,0.14,1.25,9.8,-92,216.741,0.02,604
3/10/19,0,1.7,224800,1115.554,10069,0.14,1.32,9.9,180,217.631,0.41,636
4/10/19,0,2.8,208300,1148.475,10326.1,0.17,1.29,9.9,237,218.009,0.17,687
5/10/19,0,2.8,230500,1204.321,10857.3,0.2,1.24,9.6,534,218.178,0.08,583
6/10/19,0,2.8,219500,1232.382,11009.6,0.2,1.2,9.4,-136,217.965,-0.1,536
7/10/19,0,3.2,212100,1196,10133.9,0.17,1.14,9.4,-88,218.011,0.02,546
8/10/19,0,3.2,226600,1213.464,9773.27,0.18,1.31,9.5,-5,218.312,0.14,599
9/10/19,0,3.2,228000,1271.461,10468.8,0.19,1.14,9.5,-64,218.439,0.06,594
10/10/19,0,2.6,204200,1343.19,10016.01,0.2,1.26,9.4,269,218.711,0.12,543
11/10/19,0,2.6,219600,1371.784,10789.72,0.2,1.42,9.8,123,218.803,0.04,545
12/10/19,0,2.6,241200,1393.512,11120.3,0.2,1.32,9.3,74,219.179,0.17,539
1/11/19,0,1.9,240100,1360.475,11007.23,0.13,1.3,9.1,20,220.223,0.48,630
2/11/19,0,1.9,220100,1371.313,11577.43,0.18,1.42,9,213,221.309,0.49,517
3/11/19,0,1.9,220500,1422.848,11892.5,0.15,1.28,9,232,223.467,0.98,600
4/11/19,0,1.7,224700,1474.431,12226.49,0.11,1.23,9.1,321,224.906,0.64,554
5/11/19,0,1.7,222000,1512.188,12321.02,0.09,1.31,9,95,225.964,0.47,561
6/11/19,0,1.7,240200,1528.38,12810.16,0.1,1.37,9.1,235,225.722,-0.11,608
7/11/19,0,0.9,229900,1568.526,12569.41,0.08,1.4,9,61,225.922,0.09,623
8/11/19,0,0.9,219600,1759.5,12412.07,0.17,1.44,9,122,226.545,0.28,585
9/11/19,0,0.9,217000,1780.648,12144.22,0.08,1.26,9,236,226.889,0.15,650
10/11/19,0,1.6,224800,1667.893,11613.3,0.06,0.93,8.8,204,226.421,-0.21,610
11/11/19,0,1.6,214300,1735.977,10912.1,0.08,1.1,8.6,132,226.23,-0.08,711
12/11/19,0,1.6,218600,1652.725,11951.53,0.08,1.15,8.5,204,225.672,-0.25,694
1/12/19,0,2.7,221700,1656.095,12046.21,0.04,1.07,8.3,355,226.665,0.44,723
2/12/19,0,2.7,239900,1743.095,12221.19,0.11,1.09,8.3,262,227.663,0.44,704
3/12/19,0,2.7,239800,1675.057,12632.76,0.11,1.13,8.2,238,229.392,0.76,695
4/12/19,0,2.4,236400,1648.539,12952.29,0.09,1.17,8.2,83,230.085,0.3,753
5/12/19,0,2.4,239200,1585.114,13211.36,0.16,1.11,8.2,99,229.815,-0.12,708
6/12/19,0,2.4,232600,1595.632,13214.16,0.16,0.89,8.2,72,229.478,-0.15,757
7/12/19,0,2.5,237400,1592.784,12391.56,0.09,0.93,8.2,153,229.104,-0.16,740
8/12/19,0,2.5,253200,1625.682,12879.71,0.14,0.9,8.1,170,230.379,0.56,754
9/12/19,0,2.5,254600,1741.925,13007.47,0.13,0.97,7.8,189,231.407,0.45,847
10/12/19,0,1.5,247200,1746.348,13092.15,0.15,0.99,7.8,158,231.317,-0.04,915
11/12/19,0,1.5,245000,1724.352,13437.66,0.17,0.98,7.7,158,230.221,-0.47,833
12/12/19,0,1.5,258300,1687.342,13099.19,0.16,1,7.9,237,229.601,-0.27,976
1/13/19,0,1.6,251500,1671.886,13027.73,0.09,1.06,8,195,230.28,0.3,888
2/13/19,0,1.6,265100,1630.688,13104.3,0.14,1.11,7.7,279,232.166,0.82,962
3/13/19,0,1.6,257500,1591.013,13860.58,0.14,1.1,7.5,136,232.773,0.26,1010
4/13/19,0,1.3,279300,1485.905,14054.49,0.16,1.1,7.6,192,232.531,-0.1,835
5/13/19,0,1.3,263700,1416.143,14578.54,0.14,0.99,7.5,224,232.945,0.18,930
6/13/19,0,1.3,259800,1342.7,14839.8,0.09,1.11,7.5,181,233.504,0.24,839
7/13/19,0,1.9,262200,1284.348,15123.55,0.1,1.09,7.3,105,233.596,0.04,880
8/13/19,0,1.9,255300,1345.048,14911.6,0.08,1.21,7.2,242,233.877,0.12,917
9/13/19,0,1.9,269800,1348.464,15503.85,0.07,1.16,7.2,189,234.149,0.12,850
10/13/19,0,2.6,264300,1314.402,14801.55,0.08,1.24,7.2,225,233.546,-0.26,925
11/13/19,0,2.6,277100,1277.417,15132.49,0.08,1.23,6.9,267,233.069,-0.2,1100
12/13/19,0,2.6,275500,1221.588,15558.01,0.07,1.37,6.7,67,233.049,-0.01,1002
1/14/19,0,1.4,269800,1243.068,16087.12,0.07,1.28,6.6,177,233.916,0.37,888
2/14/19,0,1.4,268400,1298.713,16572.17,0.07,1.16,6.7,168,234.781,0.37,944
3/14/19,0,1.4,282300,1336.56,15697.69,0.06,1.14,6.7,250,236.293,0.64,970
4/14/19,0,2.7,274500,1299.175,16321.71,0.08,1.01,6.2,327,237.072,0.33,1043
5/14/19,0,2.7,285600,1288.913,16457.66,0.09,0.97,6.3,221,237.9,0.35,1007
6/14/19,0,2.7,287000,1277.857,16580.84,0.08,0.94,6.1,324,238.343,0.19,911
7/14/19,0,3.1,280400,1312.989,16705.45,0.1,0.9,6.2,227,238.25,-0.04,1085
8/14/19,0,3.1,291700,1297.005,16826.6,0.09,0.81,6.1,188,237.852,-0.17,984
9/14/19,0,3.1,261500,1241.33,16563.3,0.07,0.73,5.9,311,238.031,0.08,1023
10/14/19,0,2.9,297000,1223.565,17098.45,0.09,0.73,5.7,258,237.433,-0.25,1074
11/14/19,0,2.9,298300,1176.413,17040.46,0.07,0.72,5.8,286,236.151,-0.54,1001
12/14/19,0,2.9,301500,1200.44,17390.9,0.13,0.69,5.6,269,234.812,-0.57,1073
1/15/19,0,4,292000,1249.333,17827.27,0.06,0.51,5.7,213,233.707,-0.47,1092
2/15/19,0,4,286600,1231.1,17823.07,0.06,0.48,5.5,248,234.722,0.43,888
3/15/19,0,4,286600,1180.636,17169.99,0.06,0.5,5.4,77,236.119,0.6,962
4/15/19,0,3.3,294500,1198.253,18134.05,0.12,0.55,5.4,300,236.599,0.2,1191
5/15/19,0,3.3,287500,1197.684,17778.52,0.13,0.61,5.6,319,237.805,0.51,1081
6/15/19,0,3.3,285100,1182.248,17859.27,0.12,0.64,5.3,170,238.638,0.35,1199
7/15/19,0,2.4,292300,1131.58,18017.82,0.13,0.72,5.2,293,238.654,0.01,1138
8/15/19,0,2.4,293000,1117.525,17638.12,0.08,0.64,5.1,122,238.316,-0.14,1132
9/15/19,0,2.4,299500,1124.905,17696.74,0.14,0.67,5,133,237.945,-0.16,1215
10/15/19,0,1.9,298000,1157.123,16528.03,0.13,0.67,5,339,237.838,-0.04,1062
11/15/19,0,1.9,312600,1088.388,16278.62,0.07,0.63,5.1,235,237.336,-0.21,1169
12/15/19,0,1.9,297100,1068.317,17672.62,0.13,0.56,5,280,236.525,-0.34,1157
1/16/19,0,1.6,288400,1095.655,17719.72,0.2,0.51,4.9,90,236.916,0.17,1114
2/16/19,0,1.6,305800,1194.893,17405.48,0.38,0.59,4.9,232,237.111,0.08,1208
3/16/19,0,1.6,303200,1246.312,16453.63,0.36,0.53,5,234,238.132,0.43,1115
4/16/19,0,1.3,318300,1241.452,16545.67,0.37,0.57,5,211,239.261,0.47,1160
5/16/19,0,1.3,295200,1259.755,17661.74,0.3,0.54,4.8,15,240.229,0.41,1131
6/16/19,0,1.3,311200,1273.58,17783.78,0.37,0.47,4.9,282,241.018,0.33,1191
7/16/19,0,1.6,297400,1337.429,17754.55,0.41,0.46,4.8,336,240.628,-0.16,1232
8/16/19,0,1.6,298900,1340.861,17924.24,0.4,0.43,4.9,135,240.849,0.09,1159
9/16/19,0,1.6,314800,1326.618,18434.5,0.4,0.39,5,270,241.428,0.24,1063
10/16/19,0,2,302800,1268.929,18396.57,0.29,0.44,4.9,128,241.729,0.12,1325
11/16/19,0,2,315000,1240.293,18279.6,0.41,0.53,4.7,170,241.353,-0.16,1150
12/16/19,0,2,327000,1152.165,18158.24,0.41,0.54,4.7,215,241.432,0.03,1287
1/17/19,0,2.1,315200,1192.648,19149.2,0.55,0.52,4.7,252,242.839,0.58,1221
2/17/19,0,2.1,298000,1233.39,19872.86,0.66,0.54,4.7,141,243.603,0.31,1292
3/17/19,0,2.1,321700,1231.063,19923.81,0.66,0.46,4.4,127,243.801,0.08,1179
4/17/19,0,2.2,311100,1267.15,20957.29,0.82,0.47,4.4,213,244.524,0.3,1152
5/17/19,0,2.2,323600,1245.25,20665.17,0.91,0.46,4.4,128,244.733,0.09,1124
6/17/19,0,2.2,315200,1261.277,20962.73,0.91,0.45,4.3,229,244.955,0.09,1232
7/17/19,0,2.4,322900,1235.1,21030.55,1.06,0.42,4.3,204,244.786,-0.07,1196
8/17/19,0,2.4,314200,1281.72,21392.3,1.16,0.46,4.4,187,245.519,0.3,1167
9/17/19,0,2.4,331500,1317.045,21961.42,1.16,0.42,4.2,18,246.819,0.53,1163
10/17/19,0,2.8,319500,1280.677,21981.77,1.06,0.4,4.1,260,246.663,-0.06,1261
11/17/19,0,2.8,343400,1283.189,22423.47,1.16,0.37,4.2,220,246.669,0,1299
12/17/19,0,2.8,343300,1265.674,23442.9,1.16,0.26,4.1,174,246.524,-0.06,1219
1/18/19,0,2.9,329600,1332.809,24305.4,1.42,0.2,4.1,171,247.867,0.54,1335
2/18/19,0,2.9,327200,1333.775,24809.35,1.42,0.2,4.1,330,248.991,0.45,1295
3/18/19,0,2.9,335400,1325.562,26083.04,1.42,0.22,4,182,249.554,0.23,1332
4/18/19,0,3.2,314400,1335.332,25024.04,1.67,0.17,3.9,196,250.546,0.4,1267
5/18/19,0,3.2,316700,1303.618,24076.6,1.7,0.16,3.8,270,251.588,0.42,1332
6/18/19,0,3.2,310500,1282.126,24117.29,1.7,0.16,4,262,251.989,0.16,1180
7/18/19,0,3.1,327500,1238.064,24542.09,1.91,0.12,3.9,178,252.006,0.01,1184
8/18/19,0,3.1,321400,1201.859,24161.53,1.91,0.12,3.8,282,252.146,0.06,1279
9/18/19,0,3.1,328300,1199.198,25461.63,1.92,0.13,3.7,108,252.439,0.12,1236
10/18/19,0,2.5,328300,1214.726,25916.07,2.18,0.12,3.8,277,252.885,0.18,1211
11/18/19,0,2.5,308500,1221.275,26598.36,2.2,0.17,3.7,196,252.038,-0.33,1202
12/18/19,0,2.5,329700,1249.887,25142.08,2.19,0.16,3.9,227,251.233,-0.32,1142
1/19/19,0,2.7,305400,1291.63,25779.57,2.4,0.16,4,312,251.712,0.19,1291
2/19/19,0,2.7,320800,1319.755,23058.61,2.4,0.19,3.8,56,252.776,0.42,1149
3/19/19,0,2.7,310600,1302.286,25025.31,2.4,0.2,3.8,153,254.202,0.56,1199
4/19/19,0,2.3,339000,1287.65,26019.67,2.41,0.17,3.6,216,255.548,0.53,1270
5/19/19,0,2.3,311000,1282.46,26075.1,2.45,0.21,3.6,62,256.092,0.21,1264
6/19/19,0,2.3,306000,1358.488,26639.06,2.38,0.22,3.7,178,256.143,0.02,1233
7/19/19,0,2.3,312800,1414.611,24830.16,2.39,0.25,3.7,159,256.571,0.17,1215