"Series Description","Percent change of total consumer credit, seasonally adjusted at an annual rate","Percent change of total revolving consumer credit, seasonally adjusted at an annual rate","Percent change of total nonrevolving consumer credit, seasonally adjusted at an annual rate","Total consumer credit owned and securitized, seasonally adjusted flow, monthly rate","Revolving consumer credit owned and securitized, seasonally adjusted flow, monthly rate","Nonrevolving consumer credit owned and securitized, seasonally adjusted flow, monthly rate","Total consumer credit owned and securitized, seasonally adjusted level","Revolving consumer credit owned and securitized, seasonally adjusted level","Nonrevolving consumer credit owned and securitized, seasonally adjusted level"
"Unit:","Percent","Percent","Percent","Currency","Currency","Currency","Currency","Currency","Currency"
"Multiplier:","1","1","1","1000000","1000000","1000000","1000000","1000000","1000000"
"Currency:","USD","USD","USD","USD","USD","USD","USD","USD","USD"
"Unique Identifier: ","G19/CCOUT/DTCTL_@%A_BA.M","G19/CCOUT/DTCTLR_@%A_BA.M","G19/CCOUT/DTCTLN_@%A_BA.M","G19/CCOUT/DTCTL_XDF_BA.M","G19/CCOUT/DTCTLR_XDF_BA.M","G19/CCOUT/DTCTLN_XDF_BA.M","G19/CCOUT/DTCTL.M","G19/CCOUT/DTCTLR.M","G19/CCOUT/DTCTLN.M"
"Time Period","DTCTL_@%A_BA.M","DTCTLR_@%A_BA.M","DTCTLN_@%A_BA.M","DTCTL_XDF_BA.M","DTCTLR_XDF_BA.M","DTCTLN_XDF_BA.M","DTCTL.M","DTCTLR.M","DTCTLN.M"
1943-01,,,,,,,6577.83,,6577.83
1943-02,-20.94,,-20.94,-114.79,,-114.79,6463.04,,6463.04
1943-03,-42.49,,-42.49,-228.83,,-228.83,6234.21,,6234.21
1943-04,-20.88,,-20.88,-108.45,,-108.45,6125.75,,6125.75
1943-05,-37.12,,-37.12,-189.49,,-189.49,5936.26,,5936.26
1943-06,-23.05,,-23.05,-114.03,,-114.03,5822.23,,5822.23
1943-07,-21.41,,-21.41,-103.86,,-103.86,5718.37,,5718.37
1943-08,-16.71,,-16.71,-79.62,,-79.62,5638.75,,5638.75
1943-09,1.88,,1.88,8.83,,8.83,5647.59,,5647.59
1943-10,0.67,,0.67,3.15,,3.15,5650.74,,5650.74
1943-11,-15.69,,-15.69,-73.87,,-73.87,5576.87,,5576.87
1943-12,-24.60,,-24.60,-114.35,,-114.35,5462.52,,5462.52
1944-01,-14.05,,-14.05,-63.95,,-63.95,5398.57,,5398.57
1944-02,-9.83,,-9.83,-44.21,,-44.21,5354.36,,5354.36
1944-03,3.59,,3.59,16.00,,16.00,5370.36,,5370.36
1944-04,1.97,,1.97,8.82,,8.82,5379.18,,5379.18
1944-05,11.45,,11.45,51.32,,51.32,5430.50,,5430.50
1944-06,8.24,,8.24,37.29,,37.29,5467.79,,5467.79
1944-07,6.67,,6.67,30.41,,30.41,5498.20,,5498.20
1944-08,7.80,,7.80,35.75,,35.75,5533.96,,5533.96
1944-09,3.31,,3.31,15.27,,15.27,5549.23,,5549.23
1944-10,3.61,,3.61,16.71,,16.71,5565.93,,5565.93
1944-11,0.90,,0.90,4.16,,4.16,5570.10,,5570.10
1944-12,3.36,,3.36,15.59,,15.59,5585.69,,5585.69
1945-01,3.66,,3.66,17.04,,17.04,5602.73,,5602.73
1945-02,-6.19,,-6.19,-28.91,,-28.91,5573.81,,5573.81
1945-03,20.21,,20.21,93.87,,93.87,5667.69,,5667.69
1945-04,-18.05,,-18.05,-85.24,,-85.24,5582.45,,5582.45
1945-05,4.90,,4.90,22.80,,22.80,5605.25,,5605.25
1945-06,21.24,,21.24,99.21,,99.21,5704.45,,5704.45
1945-07,9.32,,9.32,44.33,,44.33,5748.78,,5748.78
1945-08,3.81,,3.81,18.23,,18.23,5767.01,,5767.01
1945-09,-1.82,,-1.82,-8.74,,-8.74,5758.27,,5758.27
1945-10,36.21,,36.21,173.75,,173.75,5932.02,,5932.02
1945-11,33.08,,33.08,163.53,,163.53,6095.55,,6095.55
1945-12,92.82,,92.82,471.50,,471.50,6567.05,,6567.05
1946-01,-11.43,,-11.43,-62.53,,-62.53,6504.51,,6504.51
1946-02,48.23,,48.23,261.44,,261.44,6765.95,,6765.95
1946-03,42.48,,42.48,239.50,,239.50,7005.45,,7005.45
1946-04,56.15,,56.15,327.77,,327.77,7333.22,,7333.22
1946-05,32.59,,32.59,199.15,,199.15,7532.37,,7532.37
1946-06,27.06,,27.06,169.84,,169.84,7702.21,,7702.21
1946-07,36.06,,36.06,231.43,,231.43,7933.64,,7933.64
1946-08,62.24,,62.24,411.52,,411.52,8345.16,,8345.16
1946-09,36.59,,36.59,254.44,,254.44,8599.60,,8599.60
1946-10,41.24,,41.24,295.54,,295.54,8895.14,,8895.14
1946-11,43.59,,43.59,323.14,,323.14,9218.28,,9218.28
1946-12,29.43,,29.43,226.11,,226.11,9444.39,,9444.39
1947-01,41.40,,41.40,325.81,,325.81,9770.20,,9770.20
1947-02,39.16,,39.16,318.80,,318.80,10089.00,,10089.00
1947-03,30.55,,30.55,256.85,,256.85,10345.85,,10345.85
1947-04,34.81,,34.81,300.09,,300.09,10645.94,,10645.94
1947-05,31.60,,31.60,280.37,,280.37,10926.31,,10926.31
1947-06,22.99,,22.99,209.33,,209.33,11135.65,,11135.65
1947-07,24.62,,24.62,228.47,,228.47,11364.12,,11364.12
1947-08,23.10,,23.10,218.77,,218.77,11582.88,,11582.88
1947-09,28.74,,28.74,277.41,,277.41,11860.30,,11860.30
1947-10,34.89,,34.89,344.83,,344.83,12205.13,,12205.13
1947-11,32.42,,32.42,329.74,,329.74,12534.87,,12534.87
1947-12,30.71,,30.71,320.75,,320.75,12855.62,,12855.62
1948-01,34.82,,34.82,373.00,,373.00,13228.61,,13228.61
1948-02,26.82,,26.82,295.66,,295.66,13524.28,,13524.28
1948-03,35.22,,35.22,396.96,,396.96,13921.24,,13921.24
1948-04,29.55,,29.55,342.83,,342.83,14264.07,,14264.07
1948-05,19.87,,19.87,236.21,,236.21,14500.28,,14500.28
1948-06,22.76,,22.76,274.99,,274.99,14775.27,,14775.27
1948-07,21.63,,21.63,266.30,,266.30,15041.57,,15041.57
1948-08,15.01,,15.01,188.13,,188.13,15229.70,,15229.70
1948-09,22.49,,22.49,285.44,,285.44,15515.14,,15515.14
1948-10,4.99,,4.99,64.48,,64.48,15579.62,,15579.62
1948-11,1.83,,1.83,23.74,,23.74,15603.37,,15603.37
1948-12,15.37,,15.37,199.86,,199.86,15803.23,,15803.23
1949-01,7.48,,7.48,98.47,,98.47,15901.70,,15901.70
1949-02,8.12,,8.12,107.55,,107.55,16009.26,,16009.26
1949-03,6.28,,6.28,83.73,,83.73,16092.98,,16092.98
1949-04,23.88,,23.88,320.22,,320.22,16413.20,,16413.20
1949-05,16.44,,16.44,224.90,,224.90,16638.10,,16638.10
1949-06,16.07,,16.07,222.83,,222.83,16860.93,,16860.93
1949-07,14.25,,14.25,200.17,,200.17,17061.10,,17061.10
1949-08,20.71,,20.71,294.39,,294.39,17355.49,,17355.49
1949-09,23.49,,23.49,339.67,,339.67,17695.16,,17695.16
1949-10,22.12,,22.12,326.16,,326.16,18021.32,,18021.32
1949-11,27.61,,27.61,414.67,,414.67,18435.99,,18435.99
1949-12,21.88,,21.88,336.22,,336.22,18772.21,,18772.21
1950-01,17.81,,17.81,278.66,,278.66,19050.87,,19050.87
1950-02,20.20,,20.20,320.76,,320.76,19371.63,,19371.63
1950-03,22.50,,22.50,363.20,,363.20,19734.83,,19734.83
1950-04,25.15,,25.15,413.54,,413.54,20148.38,,20148.38
1950-05,28.19,,28.19,473.30,,473.30,20621.68,,20621.68
1950-06,28.93,,28.93,497.16,,497.16,21118.84,,21118.84
1950-07,54.97,,54.97,967.45,,967.45,22086.29,,22086.29
1950-08,34.88,,34.88,641.97,,641.97,22728.26,,22728.26
1950-09,23.41,,23.41,443.31,,443.31,23171.57,,23171.57
1950-10,3.66,,3.66,70.58,,70.58,23242.15,,23242.15
1950-11,0.85,,0.85,16.41,,16.41,23258.56,,23258.56
1950-12,-1.52,,-1.52,-29.41,,-29.41,23229.16,,23229.16
1951-01,29.37,,29.37,568.44,,568.44,23797.60,,23797.60
1951-02,15.72,,15.72,311.81,,311.81,24109.42,,24109.42
1951-03,8.54,,8.54,171.54,,171.54,24280.96,,24280.96
1951-04,-10.12,,-10.12,-204.81,,-204.81,24076.15,,24076.15
1951-05,-4.05,,-4.05,-81.27,,-81.27,23994.88,,23994.88
1951-06,-7.69,,-7.69,-153.85,,-153.85,23841.03,,23841.03
1951-07,-6.77,,-6.77,-134.47,,-134.47,23706.57,,23706.57
1951-08,11.82,,11.82,233.54,,233.54,23940.11,,23940.11
1951-09,7.93,,7.93,158.18,,158.18,24098.29,,24098.29
1951-10,9.45,,9.45,189.72,,189.72,24288.01,,24288.01
1951-11,17.38,,17.38,351.73,,351.73,24639.74,,24639.74
1951-12,-0.57,,-0.57,-11.79,,-11.79,24627.95,,24627.95
1952-01,8.48,,8.48,173.97,,173.97,24801.92,,24801.92
1952-02,16.93,,16.93,350.00,,350.00,25151.92,,25151.92
1952-03,2.08,,2.08,43.66,,43.66,25195.58,,25195.58
1952-04,16.79,,16.79,352.47,,352.47,25548.05,,25548.05
1952-05,28.11,,28.11,598.42,,598.42,26146.47,,26146.47
1952-06,28.27,,28.27,615.97,,615.97,26762.43,,26762.43
1952-07,20.08,,20.08,447.76,,447.76,27210.19,,27210.19
1952-08,11.40,,11.40,258.59,,258.59,27468.78,,27468.78
1952-09,17.52,,17.52,401.04,,401.04,27869.82,,27869.82
1952-10,26.99,,26.99,626.74,,626.74,28496.56,,28496.56
1952-11,23.27,,23.27,552.55,,552.55,29049.11,,29049.11
1952-12,26.29,,26.29,636.46,,636.46,29685.58,,29685.58
1953-01,32.09,,32.09,793.87,,793.87,30479.45,,30479.45
1953-02,16.03,,16.03,407.16,,407.16,30886.61,,30886.61
1953-03,29.24,,29.24,752.72,,752.72,31639.33,,31639.33
1953-04,18.13,,18.13,478.02,,478.02,32117.35,,32117.35
1953-05,11.75,,11.75,314.47,,314.47,32431.82,,32431.82
1953-06,2.58,,2.58,69.76,,69.76,32501.58,,32501.58
1953-07,10.73,,10.73,290.72,,290.72,32792.30,,32792.30
1953-08,9.82,,9.82,268.31,,268.31,33060.61,,33060.61
1953-09,7.08,,7.08,195.13,,195.13,33255.74,,33255.74
1953-10,8.17,,8.17,226.54,,226.54,33482.28,,33482.28
1953-11,2.73,,2.73,76.03,,76.03,33558.31,,33558.31
1953-12,4.96,,4.96,138.61,,138.61,33696.92,,33696.92
1954-01,13.10,,13.10,367.98,,367.98,34064.90,,34064.90
1954-02,-12.81,,-12.81,-363.55,,-363.55,33701.35,,33701.35
1954-03,-6.90,,-6.90,-193.69,,-193.69,33507.66,,33507.66
1954-04,7.12,,7.12,198.84,,198.84,33706.50,,33706.50
1954-05,-0.06,,-0.06,-1.70,,-1.70,33704.80,,33704.80
1954-06,3.94,,3.94,110.59,,110.59,33815.39,,33815.39
1954-07,8.58,,8.58,241.81,,241.81,34057.20,,34057.20
1954-08,-1.68,,-1.68,-47.64,,-47.64,34009.56,,34009.56
1954-09,4.51,,4.51,127.72,,127.72,34137.28,,34137.28
1954-10,7.95,,7.95,226.08,,226.08,34363.37,,34363.37
1954-11,8.56,,8.56,245.19,,245.19,34608.56,,34608.56
1954-12,14.55,,14.55,419.72,,419.72,35028.27,,35028.27
1955-01,11.79,,11.79,344.23,,344.23,35372.51,,35372.51
1955-02,18.76,,18.76,552.91,,552.91,35925.41,,35925.41
1955-03,20.21,,20.21,604.91,,604.91,36530.32,,36530.32
1955-04,23.16,,23.16,704.89,,704.89,37235.21,,37235.21
1955-05,16.16,,16.16,501.57,,501.57,37736.78,,37736.78
1955-06,25.44,,25.44,799.89,,799.89,38536.67,,38536.67
1955-07,15.34,,15.34,492.76,,492.76,39029.43,,39029.43
1955-08,21.62,,21.62,703.34,,703.34,39732.77,,39732.77
1955-09,19.98,,19.98,661.42,,661.42,40394.19,,40394.19
1955-10,13.06,,13.06,439.47,,439.47,40833.66,,40833.66
1955-11,15.67,,15.67,533.16,,533.16,41366.82,,41366.82
1955-12,14.57,,14.57,502.21,,502.21,41869.03,,41869.03
1956-01,7.20,,7.20,251.09,,251.09,42120.13,,42120.13
1956-02,12.56,,12.56,440.95,,440.95,42561.07,,42561.07
1956-03,18.16,,18.16,644.18,,644.18,43205.25,,43205.25
1956-04,4.96,,4.96,178.72,,178.72,43383.97,,43383.97
1956-05,11.50,,11.50,415.64,,415.64,43799.61,,43799.61
1956-06,6.96,,6.96,254.03,,254.03,44053.63,,44053.63
1956-07,3.26,,3.26,119.78,,119.78,44173.42,,44173.42
1956-08,8.84,,8.84,325.44,,325.44,44498.86,,44498.86
1956-09,7.55,,7.55,280.12,,280.12,44778.98,,44778.98
1956-10,4.16,,4.16,155.18,,155.18,44934.15,,44934.15
1956-11,12.46,,12.46,466.64,,466.64,45400.79,,45400.79
1956-12,1.25,,1.25,47.45,,47.45,45448.24,,45448.24
1957-01,6.66,,6.66,252.26,,252.26,45700.50,,45700.50
1957-02,8.97,,8.97,341.75,,341.75,46042.24,,46042.24
1957-03,5.29,,5.29,203.06,,203.06,46245.30,,46245.30
1957-04,7.06,,7.06,272.11,,272.11,46517.42,,46517.42
1957-05,8.27,,8.27,320.63,,320.63,46838.04,,46838.04
1957-06,4.16,,4.16,162.25,,162.25,47000.29,,47000.29
1957-07,9.40,,9.40,368.18,,368.18,47368.47,,47368.47
1957-08,7.04,,7.04,277.73,,277.73,47646.21,,47646.21
1957-09,2.40,,2.40,95.27,,95.27,47741.48,,47741.48
1957-10,3.46,,3.46,137.51,,137.51,47879.00,,47879.00
1957-11,2.02,,2.02,80.67,,80.67,47959.67,,47959.67
1957-12,2.97,,2.97,118.60,,118.60,48078.27,,48078.27
1958-01,5.35,,5.35,214.21,,214.21,48292.47,,48292.47
1958-02,-4.84,,-4.84,-194.95,,-194.95,48097.52,,48097.52
1958-03,-8.09,,-8.09,-324.08,,-324.08,47773.44,,47773.44
1958-04,-2.79,,-2.79,-110.94,,-110.94,47662.50,,47662.50
1958-05,-1.11,,-1.11,-44.21,,-44.21,47618.28,,47618.28
1958-06,-2.80,,-2.80,-110.92,,-110.92,47507.36,,47507.36
1958-07,1.13,,1.13,44.92,,44.92,47552.28,,47552.28
1958-08,1.03,,1.03,40.70,,40.70,47592.98,,47592.98
1958-09,3.02,,3.02,119.94,,119.94,47712.92,,47712.92
1958-10,2.77,,2.77,110.25,,110.25,47823.17,,47823.17
1958-11,4.12,,4.12,164.32,,164.32,47987.48,,47987.48
1958-12,10.17,,10.17,406.86,,406.86,48394.35,,48394.35
1959-01,14.05,,14.05,566.81,,566.81,48961.16,,48961.16
1959-02,13.54,,13.54,552.55,,552.55,49513.71,,49513.71
1959-03,11.97,,11.97,494.03,,494.03,50007.73,,50007.73
1959-04,10.93,,10.93,455.69,,455.69,50463.43,,50463.43
1959-05,12.93,,12.93,543.81,,543.81,51007.24,,51007.24
1959-06,15.72,,15.72,668.20,,668.20,51675.44,,51675.44
1959-07,15.82,,15.82,681.41,,681.41,52356.85,,52356.85
1959-08,15.62,,15.62,681.68,,681.68,53038.53,,53038.53
1959-09,14.60,,14.60,645.22,,645.22,53683.75,,53683.75
1959-10,15.25,,15.25,682.20,,682.20,54365.95,,54365.95
1959-11,9.47,,9.47,428.86,,428.86,54794.81,,54794.81
1959-12,26.63,,26.63,1215.87,,1215.87,56010.68,,56010.68
1960-01,0.10,,0.10,4.90,,4.90,56015.58,,56015.58
1960-02,7.48,,7.48,349.04,,349.04,56364.63,,56364.63
1960-03,10.61,,10.61,498.26,,498.26,56862.88,,56862.88
1960-04,17.91,,17.91,848.52,,848.52,57711.40,,57711.40
1960-05,4.98,,4.98,239.63,,239.63,57951.03,,57951.03
1960-06,9.03,,9.03,436.03,,436.03,58387.06,,58387.06
1960-07,7.39,,7.39,359.65,,359.65,58746.71,,58746.71
1960-08,4.09,,4.09,200.44,,200.44,58947.15,,58947.15
1960-09,8.50,,8.50,417.50,,417.50,59364.65,,59364.65
1960-10,5.34,,5.34,264.35,,264.35,59628.99,,59628.99
1960-11,4.93,,4.93,245.01,,245.01,59874.01,,59874.01
1960-12,3.03,,3.03,151.30,,151.30,60025.31,,60025.31
1961-01,12.93,,12.93,646.54,,646.54,60671.85,,60671.85
1961-02,-7.15,,-7.15,-361.72,,-361.72,60310.13,,60310.13
1961-03,2.89,,2.89,145.34,,145.34,60455.46,,60455.46
1961-04,-7.53,,-7.53,-379.59,,-379.59,60075.87,,60075.87
1961-05,2.07,,2.07,103.82,,103.82,60179.69,,60179.69
1961-06,3.09,,3.09,155.06,,155.06,60334.75,,60334.75
1961-07,1.22,,1.22,61.23,,61.23,60395.98,,60395.98
1961-08,4.44,,4.44,223.50,,223.50,60619.48,,60619.48
1961-09,5.22,,5.22,263.61,,263.61,60883.09,,60883.09
1961-10,5.42,,5.42,275.13,,275.13,61158.22,,61158.22
1961-11,11.58,,11.58,590.06,,590.06,61748.29,,61748.29
1961-12,9.72,,9.72,500.25,,500.25,62248.53,,62248.53
1962-01,0.66,,0.66,34.27,,34.27,62282.80,,62282.80
1962-02,6.89,,6.89,357.54,,357.54,62640.35,,62640.35
1962-03,9.35,,9.35,488.22,,488.22,63128.57,,63128.57
1962-04,14.04,,14.04,738.34,,738.34,63866.91,,63866.91
1962-05,13.79,,13.79,734.13,,734.13,64601.04,,64601.04
1962-06,9.96,,9.96,536.39,,536.39,65137.42,,65137.42
1962-07,6.90,,6.90,374.75,,374.75,65512.18,,65512.18
1962-08,9.95,,9.95,542.94,,542.94,66055.12,,66055.12
1962-09,6.96,,6.96,383.21,,383.21,66438.33,,66438.33
1962-10,10.67,,10.67,590.54,,590.54,67028.88,,67028.88
1962-11,10.98,,10.98,613.23,,613.23,67642.10,,67642.10
1962-12,8.60,,8.60,484.62,,484.62,68126.72,,68126.72
1963-01,9.33,,9.33,529.74,,529.74,68656.46,,68656.46
1963-02,12.59,,12.59,720.29,,720.29,69376.75,,69376.75
1963-03,12.05,,12.05,696.66,,696.66,70073.41,,70073.41
1963-04,12.47,,12.47,728.21,,728.21,70801.61,,70801.61
1963-05,9.04,,9.04,533.53,,533.53,71335.14,,71335.14
1963-06,9.09,,9.09,540.44,,540.44,71875.59,,71875.59
1963-07,14.04,,14.04,840.87,,840.87,72716.45,,72716.45
1963-08,14.19,,14.19,859.70,,859.70,73576.16,,73576.16
1963-09,9.68,,9.68,593.62,,593.62,74169.77,,74169.77
1963-10,15.26,,15.26,943.18,,943.18,75112.95,,75112.95
1963-11,7.89,,7.89,493.96,,493.96,75606.92,,75606.92
1963-12,15.47,,15.47,974.53,,974.53,76581.45,,76581.45
1964-01,13.79,,13.79,879.91,,879.91,77461.36,,77461.36
1964-02,13.55,,13.55,874.87,,874.87,78336.23,,78336.23
1964-03,13.85,,13.85,904.18,,904.18,79240.41,,79240.41
1964-04,10.11,,10.11,667.75,,667.75,79908.16,,79908.16
1964-05,13.91,,13.91,926.36,,926.36,80834.52,,80834.52
1964-06,8.81,,8.81,593.66,,593.66,81428.18,,81428.18
1964-07,12.77,,12.77,866.32,,866.32,82294.50,,82294.50
1964-08,9.89,,9.89,678.55,,678.55,82973.05,,82973.05
1964-09,13.72,,13.72,948.92,,948.92,83921.97,,83921.97
1964-10,8.70,,8.70,608.21,,608.21,84530.18,,84530.18
1964-11,5.88,,5.88,413.85,,413.85,84944.03,,84944.03
1964-12,14.35,,14.35,1015.55,,1015.55,85959.57,,85959.57
1965-01,17.07,,17.07,1223.02,,1223.02,87182.59,,87182.59
1965-02,13.34,,13.34,969.45,,969.45,88152.04,,88152.04
1965-03,10.40,,10.40,764.03,,764.03,88916.07,,88916.07
1965-04,15.27,,15.27,1131.34,,1131.34,90047.41,,90047.41
1965-05,11.17,,11.17,838.47,,838.47,90885.88,,90885.88
1965-06,12.47,,12.47,944.21,,944.21,91830.09,,91830.09
1965-07,11.30,,11.30,864.54,,864.54,92694.63,,92694.63
1965-08,7.67,,7.67,592.47,,592.47,93287.10,,93287.10
1965-09,10.80,,10.80,839.38,,839.38,94126.48,,94126.48
1965-10,8.64,,8.64,678.05,,678.05,94804.53,,94804.53
1965-11,7.60,,7.60,600.73,,600.73,95405.27,,95405.27
1965-12,6.91,,6.91,549.46,,549.46,95954.72,,95954.72
1966-01,13.46,,13.46,1075.99,,1075.99,97030.72,,97030.72
1966-02,9.00,,9.00,727.64,,727.64,97758.36,,97758.36
1966-03,8.45,,8.45,688.03,,688.03,98446.39,,98446.39
1966-04,4.37,,4.37,358.70,,358.70,98805.09,,98805.09
1966-05,6.08,,6.08,500.34,,500.34,99305.44,,99305.44
1966-06,5.84,,5.84,483.23,,483.23,99788.67,,99788.67
1966-07,3.28,,3.28,272.77,,272.77,100061.44,,100061.44
1966-08,6.30,,6.30,525.26,,525.26,100586.70,,100586.70
1966-09,1.02,,1.02,85.75,,85.75,100672.45,,100672.45
1966-10,3.34,,3.34,280.62,,280.62,100953.07,,100953.07
1966-11,5.76,,5.76,484.28,,484.28,101437.35,,101437.35
1966-12,4.15,,4.15,350.87,,350.87,101788.22,,101788.22
1967-01,4.84,,4.84,410.33,,410.33,102198.55,,102198.55
1967-02,1.93,,1.93,164.04,,164.04,102362.59,,102362.59
1967-03,4.33,,4.33,369.57,,369.57,102732.16,,102732.16
1967-04,1.80,,1.80,153.78,,153.78,102885.94,,102885.94
1967-05,3.10,,3.10,265.46,,265.46,103151.40,,103151.40
1967-06,6.86,,6.86,589.64,,589.64,103741.04,,103741.04
1967-07,4.09,,4.09,353.21,,353.21,104094.25,,104094.25
1967-08,6.72,,6.72,583.27,,583.27,104677.52,,104677.52
1967-09,5.67,,5.67,494.77,,494.77,105172.29,,105172.29
1967-10,3.06,,3.06,268.43,,268.43,105440.72,,105440.72
1967-11,9.74,,9.74,855.89,,855.89,106296.61,,106296.61
1967-12,6.16,,6.16,546.03,,546.03,106842.64,,106842.64
1968-01,-15.58,,-15.58,-1387.01,,-1387.01,106772.40,1316.77,105455.63
1968-02,12.99,38.28,12.68,1156.02,42.01,1114.01,107928.42,1358.78,106569.64
1968-03,8.46,47.67,7.96,760.63,53.97,706.66,108689.05,1412.75,107276.30
1968-04,10.03,55.14,9.44,908.53,64.91,843.61,109597.58,1477.66,108119.91
1968-05,8.53,49.34,7.98,779.43,60.75,718.68,110377.01,1538.42,108838.59
1968-06,7.51,59.33,6.78,690.84,76.06,614.78,111067.85,1614.48,109453.37
1968-07,11.41,52.91,10.80,1055.86,71.19,984.67,112123.70,1685.67,110438.04
1968-08,7.72,59.40,6.93,721.25,83.45,637.80,112844.95,1769.11,111075.84
1968-09,9.67,47.90,9.06,909.29,70.62,838.67,113754.24,1839.73,111914.51
1968-10,15.55,75.27,14.57,1474.02,115.40,1358.61,115228.26,1955.13,113273.13
1968-11,10.08,25.83,9.81,967.79,42.08,925.71,116196.05,1997.21,114198.84
1968-12,12.42,26.63,12.18,1203.04,44.33,1158.71,117399.09,2041.54,115357.55
1969-01,8.45,56.41,7.60,826.90,95.98,730.92,118225.98,2137.51,116088.47
1969-02,12.41,44.25,11.83,1223.05,78.82,1144.23,119449.04,2216.34,117232.70
1969-03,9.87,49.47,9.12,982.44,91.36,891.08,120431.48,2307.70,118123.78
1969-04,10.88,68.05,9.77,1092.21,130.87,961.34,121523.69,2438.57,119085.12
1969-05,10.28,76.33,8.93,1041.13,155.12,886.01,122564.81,2593.69,119971.12
1969-06,7.99,62.12,6.82,815.85,134.27,681.58,123380.66,2727.96,120652.71
1969-07,6.06,59.70,4.85,623.32,135.72,487.60,124003.98,2863.67,121140.31
1969-08,5.85,55.95,4.67,604.70,133.53,471.17,124608.68,2997.20,121611.48
1969-09,6.84,64.76,5.41,710.45,161.76,548.70,125319.14,3158.96,122160.18
1969-10,6.71,63.81,5.23,700.59,167.98,532.61,126019.72,3326.94,122692.79
1969-11,5.23,49.42,4.03,549.50,137.01,412.49,126569.23,3463.95,123105.28
1969-12,5.56,48.81,4.35,586.96,140.89,446.07,127156.18,3604.84,123551.35
1970-01,6.10,29.42,5.42,646.81,88.38,558.43,127802.99,3693.21,124109.78
1970-02,3.64,35.54,2.70,388.16,109.37,278.79,128191.15,3802.58,124388.57
1970-03,0.83,33.31,-0.16,88.84,105.55,-16.71,128280.00,3908.14,124371.86
1970-04,0.89,38.50,-0.30,94.73,125.40,-30.67,128374.72,4033.54,124341.19
1970-05,1.49,31.05,0.53,159.32,104.36,54.95,128534.04,4137.90,124396.14
1970-06,6.08,41.23,4.91,651.39,142.18,509.20,129185.43,4280.08,124905.34
1970-07,6.24,40.04,5.08,671.48,142.81,528.67,129856.91,4422.89,125434.01
1970-08,3.03,32.42,1.99,327.70,119.49,208.20,130184.60,4542.39,125642.21
1970-09,6.14,38.11,4.99,666.23,144.27,521.96,130850.83,4686.66,126164.17
1970-10,2.40,38.22,1.07,262.24,149.26,112.98,131113.07,4835.92,126277.15
1970-11,-2.80,19.62,-3.66,-305.64,79.06,-384.70,130807.43,4914.97,125892.46
1970-12,6.83,11.35,6.65,744.12,46.49,697.63,131551.55,4961.46,126590.09
1971-01,23.83,533.92,3.84,2612.50,2207.52,404.99,134164.06,7168.98,126995.07
1971-02,6.88,10.69,6.66,768.87,63.89,704.98,134932.92,7232.87,127700.05
1971-03,7.14,10.73,6.94,803.37,64.68,738.69,135736.29,7297.56,128438.74
1971-04,11.11,26.70,10.22,1256.23,162.35,1093.88,136992.53,7459.91,129532.62
1971-05,7.43,29.29,6.17,848.41,182.11,666.30,137840.93,7642.01,130198.92
1971-06,8.08,15.36,7.65,928.00,97.84,830.16,138768.93,7739.85,131029.09
1971-07,9.85,24.96,8.96,1139.09,161.01,978.08,139908.02,7900.86,132007.17
1971-08,11.53,21.86,10.91,1344.06,143.92,1200.14,141252.09,8044.78,133207.31
1971-09,12.87,27.74,11.97,1514.48,185.97,1328.51,142766.57,8230.75,134535.82
1971-10,9.75,12.08,9.61,1160.19,82.84,1077.36,143926.76,8313.58,135613.18
1971-11,14.24,-1.11,15.18,1708.07,-7.72,1715.79,145634.84,8305.86,137328.97
1971-12,10.67,-8.75,11.85,1295.34,-60.53,1355.87,146930.18,8245.33,138684.84
1972-01,5.96,-22.31,7.65,730.30,-153.32,883.62,147660.48,8092.01,139568.47
1972-02,10.27,0.27,10.85,1264.06,1.81,1262.25,148924.54,8093.82,140830.72
1972-03,14.88,20.98,14.53,1846.53,141.48,1705.05,150771.06,8235.30,142535.76
1972-04,12.34,28.07,11.43,1550.89,192.65,1358.24,152321.95,8427.95,143894.00
1972-05,14.79,21.40,14.40,1877.53,150.30,1727.23,154199.49,8578.25,145621.23
1972-06,15.20,29.02,14.39,1953.52,207.45,1746.07,156153.01,8785.71,147367.30
1972-07,8.66,23.53,7.77,1126.91,172.28,954.63,157279.92,8957.98,148321.93
1972-08,12.66,23.47,12.01,1659.45,175.18,1484.27,158939.36,9133.16,149806.20
1972-09,12.19,22.94,11.53,1613.93,174.58,1439.35,160553.29,9307.74,151245.55
1972-10,12.49,10.61,12.61,1671.74,82.33,1589.41,162225.03,9390.08,152834.96
1972-11,13.88,1.50,14.64,1876.55,11.72,1864.83,164101.59,9401.80,154699.79
1972-12,15.26,-2.88,16.37,2087.51,-22.56,2110.07,166189.10,9379.24,156809.86
1973-01,18.18,0.21,19.25,2517.58,1.62,2515.95,169294.67,9380.86,159913.81
1973-02,12.19,15.97,11.96,1719.16,124.85,1594.31,171601.83,9505.71,162096.12
1973-03,12.02,18.93,11.62,1719.11,149.95,1569.16,173908.94,9655.66,164253.28
1973-04,12.79,21.03,12.31,1853.74,169.19,1684.55,175762.68,9824.85,165937.83
1973-05,16.15,26.73,15.52,2365.27,218.84,2146.44,178127.95,10043.68,168084.27
1973-06,15.50,36.25,14.26,2301.32,303.39,1997.93,180429.27,10347.07,170082.20
1973-07,12.56,21.30,12.03,1888.93,183.67,1705.26,182318.20,10530.74,171787.46
1973-08,13.22,30.77,12.14,2008.31,270.02,1738.30,184326.51,10800.76,173525.75
1973-09,6.63,14.75,6.13,1019.00,132.79,886.21,185345.51,10933.55,174411.96
1973-10,13.79,27.89,12.91,2130.57,254.15,1876.43,187476.09,11187.70,176288.39
1973-11,11.73,18.73,11.29,1832.72,174.58,1658.13,189308.80,11362.28,177946.52
1973-12,4.93,-2.12,5.38,777.51,-20.06,797.57,190086.31,11342.22,178744.09
1974-01,7.74,-1.63,8.34,1226.15,-15.43,1241.59,191312.47,11326.78,179985.68
1974-02,7.55,-0.04,8.02,1202.89,-0.34,1203.23,192515.36,11326.44,181188.92
1974-03,5.25,5.36,5.25,842.64,50.56,792.07,193357.99,11377.00,181980.99
1974-04,7.73,21.67,6.86,1245.56,205.43,1040.13,194603.55,11582.43,183021.12
1974-05,7.81,38.34,5.88,1266.35,370.11,896.25,195869.90,11952.53,183917.37
1974-06,6.24,33.84,4.44,1017.90,337.02,680.88,196887.80,12289.55,184598.24
1974-07,8.57,35.36,6.78,1405.74,362.12,1043.62,198293.54,12651.67,185641.86
1974-08,6.19,35.57,4.19,1023.26,375.01,648.25,199316.80,13026.68,186290.11
1974-09,1.81,20.66,0.49,300.32,224.23,76.08,199617.12,13250.92,186366.20
1974-10,-0.50,25.33,-2.33,-82.34,279.73,-362.08,199534.77,13530.65,186004.12
1974-11,-1.68,3.99,-2.10,-280.09,44.96,-325.04,199254.68,13575.61,185679.08
1974-12,-2.03,-29.55,-0.02,-336.85,-334.35,-2.50,198917.84,13241.26,185676.58
1975-01,0.88,3.04,0.72,145.76,33.59,112.17,199063.60,13274.85,185788.75
1975-02,2.68,-4.82,3.21,444.16,-53.29,497.44,199507.75,13221.56,186286.19
1975-03,-2.39,-3.97,-2.28,-397.81,-43.69,-354.12,199109.94,13177.87,185932.07
1975-04,-2.21,15.00,-3.43,-367.08,164.76,-531.84,198742.86,13342.63,185400.23
1975-05,-0.03,10.01,-0.76,-5.65,111.28,-116.93,198737.21,13453.92,185283.30
1975-06,0.04,12.22,-0.85,6.15,137.04,-130.89,196043.36,13590.96,182452.41
1975-07,9.40,26.02,8.16,1536.00,294.71,1241.28,197579.36,13885.67,183693.69
1975-08,3.84,24.36,2.29,632.23,281.88,350.35,198211.59,14167.55,184044.04
1975-09,7.37,27.36,5.83,1217.37,323.01,894.36,199428.96,14490.56,184938.40
1975-10,6.05,26.54,4.44,1005.32,320.48,684.85,200434.28,14811.04,185623.24
1975-11,6.34,-8.73,7.54,1058.60,-107.80,1166.40,201492.88,14703.24,186789.65
1975-12,14.94,-16.97,17.46,2509.11,-207.97,2717.08,204002.00,14495.27,189506.73
1976-01,8.93,-5.19,10.01,1518.80,-62.69,1581.49,205520.79,14432.58,191088.21
1976-02,6.94,-6.84,7.98,1188.50,-82.22,1270.72,206709.29,14350.37,192358.93
1976-03,9.46,-3.03,10.39,1629.28,-36.27,1665.54,208338.57,14314.10,194024.47
1976-04,12.45,23.64,11.62,2161.49,281.95,1879.54,210500.06,14596.04,195904.02
1976-05,5.17,16.89,4.30,907.36,205.46,701.90,211407.42,14801.50,196605.92
1976-06,10.40,23.05,9.45,1832.68,284.31,1548.38,213240.10,15085.81,198154.30
1976-07,11.44,39.74,9.28,2032.59,499.59,1533.00,215272.70,15585.40,199687.30
1976-08,6.90,24.26,5.54,1237.16,315.14,922.02,216509.86,15900.54,200609.32
1976-09,12.19,34.14,10.45,2198.92,452.38,1746.54,218708.78,16352.92,202355.86
1976-10,11.84,28.93,10.46,2158.32,394.28,1764.04,220867.10,16747.19,204119.91
1976-11,10.53,-2.98,11.64,1937.81,-41.63,1979.44,222804.91,16705.57,206099.35
1976-12,15.71,-15.55,18.24,2916.68,-216.52,3133.20,225721.59,16489.05,209232.54
1977-01,-0.69,1033.02,-82.15,-129.44,14194.58,-14324.02,225733.15,30683.63,195049.52
1977-02,14.86,-5.86,18.12,2795.05,-149.73,2944.78,228528.21,30533.90,197994.31
1977-03,20.06,18.24,20.34,3820.07,464.04,3356.03,232348.27,30997.94,201350.33
1977-04,16.76,31.73,14.46,3245.78,819.73,2426.05,235594.05,31817.66,203776.39
1977-05,17.44,32.72,15.05,3424.04,867.64,2556.40,239018.09,32685.31,206332.78
1977-06,17.02,27.34,15.39,3390.49,744.71,2645.78,242408.58,33430.02,208978.57
1977-07,15.21,19.27,14.56,3072.48,536.83,2535.64,245481.06,33966.85,211514.21
1977-08,14.63,22.57,13.36,2993.47,638.95,2354.51,248474.53,34605.80,213868.73
1977-09,13.46,26.63,11.33,2787.27,768.01,2019.26,251261.80,35373.81,215887.98
1977-10,19.84,37.31,16.98,4153.85,1099.92,3053.93,255415.64,36473.74,218941.91
1977-11,15.77,16.63,15.63,3357.26,505.43,2851.83,258772.91,36979.17,221793.74
1977-12,8.30,14.14,7.33,1789.79,435.65,1354.14,260562.70,37414.82,223147.88
1978-01,10.14,-15.72,14.48,2202.62,-490.22,2692.84,262765.32,36924.59,225840.72
1978-02,13.58,-0.99,15.96,2972.71,-30.38,3003.09,265738.02,36894.21,228843.81
1978-03,20.43,19.03,20.66,4524.79,584.95,3939.83,270262.81,37479.17,232783.64
1978-04,17.20,27.66,15.52,3874.16,863.86,3010.30,274136.98,38343.03,235793.94
1978-05,22.41,31.55,20.92,5119.60,1008.13,4111.47,279256.57,39351.16,239905.41
1978-06,25.11,36.47,23.25,5844.20,1195.83,4648.37,285100.77,40546.99,244553.78
1978-07,15.59,29.24,13.33,3704.77,988.09,2716.68,288805.54,41535.08,247270.46
1978-08,16.65,27.35,14.85,4007.57,946.78,3060.79,292813.11,42481.86,250331.25
1978-09,13.80,29.05,11.21,3366.31,1028.50,2337.80,296179.42,43510.36,252669.05
1978-10,10.67,25.78,8.07,2633.07,934.71,1698.37,298812.49,44445.07,254367.42
1978-11,15.73,16.08,15.67,3917.71,595.61,3322.10,302730.20,45040.68,257689.52
1978-12,13.36,17.33,12.67,3370.19,650.28,2719.91,306100.39,45690.95,260409.43
1979-01,14.91,-2.70,18.00,3802.71,-102.96,3905.67,309903.09,45587.99,264315.10
1979-02,14.02,5.77,15.44,3620.69,219.14,3401.55,313523.78,45807.13,267716.65
1979-03,14.07,14.74,13.96,3676.96,562.57,3114.40,317200.74,46369.70,270831.04
1979-04,14.16,26.40,12.07,3744.13,1020.27,2723.86,320944.87,47389.97,273554.91
1979-05,15.83,28.62,13.61,4232.51,1130.39,3102.12,325177.39,48520.36,276657.03
1979-06,11.05,21.89,9.15,2995.36,884.92,2110.44,328172.74,49405.27,278767.47
1979-07,13.96,17.62,13.31,3817.25,725.34,3091.91,331989.99,50130.61,281859.38
1979-08,13.72,27.31,11.30,3795.47,1140.86,2654.61,335785.46,51271.47,284513.99
1979-09,13.10,18.83,12.06,3664.28,804.74,2859.54,339449.75,52076.21,287373.54
1979-10,13.44,25.45,11.26,3801.56,1104.49,2697.07,343251.30,53180.70,290070.61
1979-11,10.97,16.57,9.94,3138.11,734.33,2403.78,346389.41,53915.02,292474.39
1979-12,7.62,-7.09,10.33,2199.69,-318.59,2518.28,348589.11,53596.43,294992.67
1980-01,6.49,3.43,7.05,1886.60,153.33,1733.26,350475.70,53749.77,296725.93
1980-02,8.84,8.47,8.90,2580.53,379.36,2201.17,353056.23,54129.13,298927.10
1980-03,-0.05,0.22,-0.10,-14.12,9.94,-24.06,353042.11,54139.08,298903.04
1980-04,-5.96,-3.97,-6.33,-1754.90,-179.04,-1575.87,351287.21,53960.04,297327.17
1980-05,-9.03,0.51,-10.76,-2642.67,22.78,-2665.45,348644.54,53982.82,294661.72
1980-06,-6.70,-4.42,-7.12,-1947.59,-198.70,-1748.89,346696.96,53784.12,292912.84
1980-07,1.30,5.97,0.44,374.42,267.49,106.92,347071.37,54051.61,293019.76
1980-08,1.64,8.05,0.46,474.63,362.49,112.14,347546.01,54414.11,293131.90
1980-09,2.13,-0.50,2.62,617.13,-22.83,639.96,348163.14,54391.28,293771.86
1980-10,4.94,-0.75,6.00,1434.58,-33.98,1468.56,349597.72,54357.30,295240.42
1980-11,1.40,1.96,1.29,406.76,88.56,318.20,350004.49,54445.86,295558.63
1980-12,6.57,11.55,5.65,1915.56,524.19,1391.37,351920.05,54970.05,296950.00
1981-01,3.78,11.38,2.38,1109.27,521.13,588.14,353029.32,55491.18,297538.14
1981-02,5.83,6.92,5.63,1715.67,320.17,1395.50,354744.99,55811.35,298933.64
1981-03,8.06,10.12,7.67,2382.14,470.87,1911.28,357127.13,56282.22,300844.92
1981-04,6.74,17.98,4.64,2005.73,843.11,1162.63,359132.87,57125.32,302007.54
1981-05,7.02,13.48,5.79,2099.93,641.83,1458.10,361232.80,57767.16,303465.64
1981-06,5.02,20.25,2.12,1510.66,974.85,535.81,362743.46,58742.01,304001.45
1981-07,6.40,6.18,6.44,1934.27,302.70,1631.57,364677.73,59044.70,305633.03
1981-08,1.57,5.17,0.87,476.73,254.49,222.25,365154.46,59299.19,305855.27
1981-09,14.60,18.12,13.91,4441.28,895.56,3545.72,369595.74,60194.75,309400.99
1981-10,2.80,8.62,1.66,860.98,432.60,428.37,370456.71,60627.36,309829.36
1981-11,4.22,2.57,4.54,1303.19,130.00,1173.19,371759.91,60757.36,311002.55
1981-12,-1.48,3.37,-2.43,-458.47,170.65,-629.11,371301.44,60928.00,310373.44
1982-01,12.49,5.28,13.91,3865.92,268.10,3597.82,375167.36,61196.10,313971.26
1982-02,3.87,5.35,3.58,1209.71,272.71,937.00,376377.07,61468.81,314908.25
1982-03,1.62,3.05,1.34,508.34,156.44,351.90,376885.41,61625.25,315260.16
1982-04,5.57,12.26,4.26,1748.88,629.58,1119.29,378634.28,62254.83,316379.45
1982-05,5.72,11.46,4.59,1804.52,594.37,1210.15,380438.80,62849.21,317589.60
1982-06,4.88,12.15,3.44,1546.82,636.21,910.61,381985.62,63485.42,318500.20
1982-07,1.45,16.17,-1.48,461.48,855.25,-393.77,382447.10,64340.66,318106.43
1982-08,1.30,8.65,-0.18,415.55,463.72,-48.17,382862.64,64804.38,318058.26
1982-09,4.68,6.24,4.36,1492.61,336.77,1155.83,384355.25,65141.16,319214.09
1982-10,1.91,5.62,1.15,611.94,304.98,306.96,384967.19,65446.13,319521.05
1982-11,5.61,3.56,6.03,1799.47,194.18,1605.29,386766.65,65640.31,321126.34
1982-12,9.56,12.94,8.87,3082.08,707.98,2374.10,389848.74,66348.30,323500.44
1983-01,6.09,6.84,5.94,1978.99,377.94,1601.05,391827.73,66726.23,325101.49
1983-02,1.63,0.54,1.86,533.23,29.96,503.26,392360.96,66756.20,325604.76
1983-03,9.85,14.12,8.98,3222.09,785.35,2436.75,395583.05,67541.54,328041.51
1983-04,8.63,15.31,7.25,2843.66,861.80,1981.87,398426.71,68403.34,330023.37
1983-05,4.60,8.46,3.80,1527.00,482.19,1044.82,399953.72,68885.53,331068.19
1983-06,14.64,24.31,12.63,4878.89,1395.27,3483.61,404832.60,70280.80,334551.80
1983-07,13.76,21.51,12.13,4642.61,1259.54,3383.06,409475.21,71540.34,337934.87
1983-08,13.24,17.20,12.40,4518.36,1025.58,3492.78,413993.57,72565.93,341427.64
1983-09,11.09,16.50,9.94,3827.37,997.96,2829.41,417820.94,73563.89,344257.06
1983-10,17.09,25.42,15.32,5952.06,1558.27,4393.79,423773.00,75122.16,348650.84
1983-11,17.57,26.59,15.62,6204.37,1664.78,4539.60,429977.38,76786.94,353190.44
1983-12,19.79,35.01,16.48,7091.48,2240.31,4851.17,437068.86,79027.25,358041.61
1984-01,13.51,1.32,16.21,4922.27,86.70,4835.58,441991.13,79113.94,362877.19
1984-02,26.92,24.13,27.53,9915.90,1590.55,8325.36,451907.03,80704.49,371202.54
1984-03,12.33,34.98,7.40,4643.13,2352.60,2290.53,456550.16,83057.09,373493.07
1984-04,14.70,18.35,13.88,5591.06,1269.98,4321.08,462141.22,84327.07,377814.15
1984-05,26.75,39.32,23.95,10303.06,2762.98,7540.08,472444.28,87090.05,385354.23
1984-06,21.72,32.09,19.37,8550.26,2328.90,6221.35,480994.54,89418.95,391575.58
1984-07,15.35,12.97,15.90,6154.26,966.72,5187.54,487148.80,90385.67,396763.13
1984-08,17.17,27.16,14.89,6968.83,2046.01,4922.82,494117.63,92431.69,401685.95
1984-09,10.63,26.49,6.99,4378.76,2040.22,2338.54,498496.40,94471.91,404024.49
1984-10,14.83,22.37,13.07,6162.26,1761.21,4401.05,504658.66,96233.11,408425.54
1984-11,13.07,23.73,10.56,5495.42,1902.78,3592.64,510154.08,98135.90,412018.18
1984-12,16.76,27.51,14.20,7124.90,2249.73,4875.17,517278.98,100385.63,416893.35
1985-01,15.54,29.36,12.22,6700.38,2456.21,4244.18,523979.36,102841.83,421137.53
1985-02,19.40,29.16,17.01,8469.06,2498.63,5970.44,532448.43,105340.46,427107.96
1985-03,20.98,29.73,18.82,9308.76,2609.89,6698.87,541757.18,107950.35,433806.83
1985-04,16.82,23.54,15.14,7591.53,2118.04,5473.49,549348.71,110068.39,439280.32
1985-05,14.18,11.86,14.77,6493.34,1087.90,5405.45,555842.05,111156.29,444685.77
1985-06,11.58,13.38,11.13,5364.54,1239.19,4125.35,561206.60,112395.48,448811.12
1985-07,13.78,18.56,12.59,6446.40,1738.83,4707.57,567653.00,114134.31,453518.69
1985-08,11.94,19.55,10.02,5646.31,1859.39,3786.92,573299.31,115993.70,457305.61
1985-09,18.52,24.23,17.07,8849.05,2342.44,6506.62,582148.37,118336.14,463812.23
1985-10,12.70,19.27,11.02,6159.09,1899.92,4259.17,588307.45,120236.06,468071.40
1985-11,12.59,23.06,9.90,6170.30,2310.36,3859.93,594477.75,122546.42,471931.33
1985-12,10.56,18.79,8.43,5233.48,1919.38,3314.10,599711.23,124465.80,475245.43
1986-01,11.99,25.28,8.51,5991.80,2622.52,3369.28,605703.02,127088.32,478614.71
1986-02,9.86,16.14,8.19,4975.26,1709.24,3266.02,610678.29,128797.56,481880.73
1986-03,5.30,12.86,3.28,2698.34,1380.43,1317.90,613376.62,130177.99,483198.63
1986-04,12.29,17.17,10.97,6281.11,1862.35,4418.75,619657.73,132040.35,487617.38
1986-05,11.93,14.17,11.33,6162.23,1558.77,4603.47,625819.96,133599.11,492220.85
1986-06,8.12,7.28,8.35,4235.87,810.33,3425.54,630055.83,134409.45,495646.39
1986-07,9.70,11.17,9.31,5095.12,1251.62,3843.49,635150.95,135661.07,499489.88
1986-08,7.09,10.59,6.14,3753.44,1197.50,2555.94,638904.39,136858.57,502045.82
1986-09,13.37,3.41,16.09,7118.78,388.80,6729.97,646023.16,137247.37,508775.79
1986-10,14.42,14.51,14.40,7764.12,1659.17,6104.95,653787.29,138906.54,514880.75
1986-11,-0.04,9.13,-2.51,-19.99,1056.57,-1076.56,653767.30,139963.12,513804.18
1986-12,1.80,9.47,-0.29,982.94,1105.04,-122.10,654750.24,141068.15,513682.08
1987-01,-2.72,0.34,-3.56,-1482.76,39.72,-1522.48,653267.48,141107.87,512159.61
1987-02,-1.35,11.19,-4.81,-735.18,1316.08,-2051.26,652532.30,142423.95,510108.35
1987-03,-2.45,5.71,-4.73,-1334.63,677.78,-2012.41,651197.67,143101.73,508095.94
1987-04,9.59,20.04,6.65,5203.75,2390.12,2813.63,656401.42,145491.85,510909.57
1987-05,3.78,14.97,0.60,2068.61,1814.65,253.96,658470.03,147306.50,511163.53
1987-06,8.07,20.59,4.46,4427.47,2527.30,1900.17,662897.50,149833.79,513063.70
1987-07,8.62,20.53,5.14,4762.29,2563.62,2198.67,667659.79,152397.41,515262.37
1987-08,8.21,11.60,7.20,4565.35,1473.78,3091.57,672225.14,153871.20,518353.94
1987-09,7.12,20.20,3.23,3986.02,2589.70,1396.32,676211.16,156460.89,519750.26
1987-10,8.83,12.37,7.76,4973.31,1613.43,3359.87,681184.46,158074.33,523110.13
1987-11,6.21,-0.42,8.21,3525.58,-55.38,3580.96,684710.04,158018.95,526691.09
1987-12,2.82,21.53,-2.79,1608.73,2834.96,-1226.23,686318.77,160853.91,525464.86
1988-01,10.41,28.56,4.85,5952.19,3827.99,2124.20,692270.95,164681.90,527589.06
1988-02,7.14,9.29,6.46,4116.34,1275.43,2840.90,696387.29,165957.33,530429.96
1988-03,7.43,11.34,6.21,4313.91,1568.58,2745.34,700701.20,167525.90,533175.30
1988-04,8.85,11.21,8.11,5166.84,1564.82,3602.02,705868.05,169090.73,536777.32
1988-05,7.10,11.77,5.63,4177.81,1658.85,2518.96,710045.85,170749.58,539296.28
1988-06,5.31,15.56,2.07,3143.34,2213.61,929.73,713189.19,172963.18,540226.01
1988-07,4.92,7.33,4.15,2923.83,1056.09,1867.74,716113.02,174019.27,542093.75
1988-08,9.09,12.75,7.91,5422.56,1849.65,3572.91,721535.58,175868.92,545666.66
1988-09,2.35,10.99,-0.44,1412.10,1611.20,-199.09,722947.69,177480.12,545467.57
1988-10,5.24,15.90,1.77,3157.64,2352.02,805.62,726105.33,179832.14,546273.18
1988-11,5.87,21.21,0.83,3554.75,3178.96,375.78,729660.07,183011.11,546648.97
1988-12,3.71,10.37,1.48,2257.68,1582.01,675.67,731917.76,184593.12,547324.64
1989-01,0.01,-55.71,18.80,5.32,-8570.05,8575.37,749023.08,185723.07,563300.01
1989-02,6.20,12.22,4.21,3869.92,1891.73,1978.19,752893.00,187614.80,565278.20
1989-03,11.36,21.17,8.10,7125.34,3309.29,3816.05,760018.34,190924.09,569094.25
1989-04,7.41,13.94,5.22,4694.11,2217.50,2476.61,764712.45,193141.59,571570.85
1989-05,7.16,12.52,5.35,4563.26,2014.39,2548.87,769275.70,195155.98,574119.72
1989-06,6.16,15.54,2.98,3951.41,2527.97,1423.44,773227.11,197683.95,575543.16
1989-07,4.71,11.20,2.48,3032.97,1844.87,1188.10,776260.08,199528.82,576731.26
1989-08,4.04,14.04,0.59,2616.42,2333.79,282.64,778876.50,201862.61,577013.90
1989-09,4.54,7.81,3.39,2945.59,1314.37,1631.21,781822.09,203176.98,578645.11
1989-10,5.72,10.33,4.10,3723.56,1748.88,1974.68,785545.65,204925.86,580619.79
1989-11,7.26,15.81,4.24,4751.60,2699.43,2052.16,790297.25,207625.30,582671.95
1989-12,6.55,20.83,1.46,4314.92,3604.53,710.39,794612.18,211229.83,583382.34
1990-01,4.69,13.73,1.41,3102.69,2417.61,685.08,797714.86,213647.44,584067.42
1990-02,1.59,16.05,-3.70,1058.32,2857.13,-1798.80,798773.19,216504.57,582268.62
1990-03,-0.04,6.01,-2.29,-25.10,1084.80,-1109.90,798748.09,217589.37,581158.72
1990-04,-0.00,12.02,-4.50,-1.08,2180.26,-2181.34,798747.01,219769.62,578977.38
1990-05,1.51,19.15,-5.19,1004.03,3506.57,-2502.55,799751.03,223276.19,576474.84
1990-06,4.71,12.84,1.57,3141.71,2388.62,753.08,802892.74,225664.82,577227.92
1990-07,5.97,20.85,0.15,3994.76,3921.44,73.32,806887.50,229586.26,577301.24
1990-08,2.78,14.78,-1.99,1871.07,2828.65,-957.57,808758.57,232414.91,576343.66
1990-09,2.49,11.93,-1.32,1677.66,2310.13,-632.47,810436.23,234725.03,575711.19
1990-10,3.29,7.39,1.61,2218.88,1445.60,773.28,812655.11,236170.64,576484.47
1990-11,1.49,15.87,-4.40,1007.56,3123.48,-2115.93,813662.66,239294.12,574368.55
1990-12,-8.01,-3.27,-9.99,-5432.09,-651.50,-4780.60,808230.57,238642.62,569587.95
1991-01,-2.42,0.36,-3.59,-1630.08,72.21,-1702.29,806600.50,238714.84,567885.66
1991-02,0.64,17.96,-6.64,429.94,3573.29,-3143.35,807030.43,242288.12,564742.31
1991-03,1.96,22.55,-6.87,1321.39,4552.63,-3231.24,808351.83,246840.76,561511.07
1991-04,-0.79,9.25,-5.21,-532.88,1903.13,-2436.01,807818.95,248743.89,559075.06
1991-05,0.02,10.55,-4.67,13.21,2187.14,-2173.93,807832.16,250931.03,556901.14
1991-06,-2.73,6.29,-6.79,-1837.50,1315.41,-3152.91,805994.66,252246.44,553748.22
1991-07,-2.93,7.01,-7.46,-1967.10,1473.82,-3440.92,804027.56,253720.26,550307.30
1991-08,-2.99,10.28,-9.11,-2005.64,2172.48,-4178.12,802021.92,255892.74,546129.18
1991-09,-1.69,13.69,-8.90,-1132.59,2919.48,-4052.07,800889.34,258812.22,542077.11
1991-10,-3.40,11.76,-10.64,-2272.36,2536.01,-4808.37,798616.98,261348.24,537268.74
1991-11,-0.51,6.56,-3.96,-342.00,1429.04,-1771.04,798274.98,262777.28,535497.70
1991-12,-0.37,4.53,-2.77,-246.01,991.27,-1237.28,798028.97,263768.55,534260.42
1992-01,1.43,7.36,-1.49,953.73,1617.93,-664.20,798982.71,265386.49,533596.22
1992-02,0.99,4.95,-0.98,657.68,1095.64,-437.96,799640.38,266482.13,533158.25
1992-03,-0.30,1.23,-1.06,-198.28,273.57,-471.84,799442.11,266755.70,532686.41
1992-04,-2.68,4.83,-6.44,-1783.97,1073.54,-2857.51,797658.14,267829.23,529828.90
1992-05,0.01,4.13,-2.07,9.77,922.57,-912.80,797667.90,268751.80,528916.10
1992-06,-0.59,8.73,-5.33,-391.59,1955.83,-2347.42,797276.31,270707.63,526568.68
1992-07,1.19,0.49,1.55,791.84,109.96,681.88,798068.16,270817.59,527250.56
1992-08,2.64,5.60,1.12,1755.64,1262.91,492.73,799823.80,272080.50,527743.30
1992-09,0.56,4.84,-1.64,375.10,1096.46,-721.35,800198.90,273176.96,527021.95
1992-10,-0.96,8.92,-6.09,-642.91,2030.68,-2673.59,799555.99,275207.64,524348.35
1992-11,4.72,1.10,6.61,3141.99,252.11,2889.88,802697.98,275459.75,527238.23
1992-12,5.11,13.03,0.98,3420.71,2989.92,430.79,806118.69,278449.67,527669.02
1993-01,4.77,10.97,1.50,3206.74,2545.14,661.60,809325.43,280994.81,528330.62
1993-02,7.02,10.83,4.99,4733.49,2536.44,2197.06,814058.92,283531.25,530527.68
1993-03,-0.59,5.75,-3.98,-402.63,1359.16,-1761.79,813656.29,284890.41,528765.89
1993-04,9.00,8.79,9.11,6100.65,2085.73,4014.92,819756.94,286976.13,532780.81
1993-05,0.00,6.25,-3.36,2.11,1494.50,-1492.39,819759.05,288470.63,531288.42
1993-06,5.93,6.20,5.79,4052.76,1490.62,2562.13,823811.81,289961.25,533850.55
1993-07,8.31,17.67,3.23,5706.92,4270.76,1436.17,829518.73,294232.01,535286.72
1993-08,6.82,8.29,6.02,4716.80,2032.16,2684.65,834235.53,296264.17,537971.36
1993-09,9.16,12.90,7.10,6367.45,3183.82,3183.63,840602.98,299447.98,541155.00
1993-10,10.01,8.84,10.66,7013.65,2206.11,4807.54,847616.63,301654.09,545962.54
1993-11,12.61,19.53,8.78,8906.79,4909.91,3996.87,856523.42,306564.01,549959.41
1993-12,12.79,13.09,12.62,9127.16,3344.02,5783.15,865650.58,309908.02,555742.56
1994-01,8.83,10.12,8.11,6371.24,2613.65,3757.59,872021.82,312521.67,559500.15
1994-02,11.46,11.10,11.67,8331.04,2892.05,5438.99,880352.86,315413.72,564939.14
1994-03,14.97,16.60,14.05,10980.30,4363.66,6616.65,891333.16,319777.37,571555.79
1994-04,13.00,19.66,9.28,9656.37,5238.36,4418.00,900989.53,325015.74,575973.79
1994-05,15.81,15.07,16.23,11874.18,4081.89,7792.28,912863.70,329097.63,583766.07
1994-06,14.92,20.99,11.51,11352.32,5755.17,5597.15,924216.02,334852.80,589363.22
1994-07,8.98,18.25,3.72,6918.72,5092.68,1826.04,931134.74,339945.48,591189.26
1994-08,17.62,27.27,12.06,13668.42,7725.21,5943.21,944803.17,347670.70,597132.47
1994-09,15.97,8.33,20.42,12572.44,2413.22,10159.22,957375.60,350083.91,607291.69
1994-10,13.90,9.24,16.59,11093.11,2695.12,8397.99,968468.71,352779.03,615689.68
1994-11,16.06,33.38,6.13,12957.40,9813.69,3143.71,981426.11,362592.72,618833.39
1994-12,19.41,9.85,25.01,15875.63,2976.84,12898.80,997301.74,365569.56,631732.19
1995-01,15.75,21.12,12.65,13093.30,6433.61,6659.68,1010395.04,372003.17,638391.87
1995-02,9.70,19.68,3.88,8164.07,6100.21,2063.87,1018559.11,378103.38,640455.74
1995-03,17.76,23.67,14.27,15072.97,7456.54,7616.44,1033632.09,385559.92,648072.17
1995-04,11.68,13.02,10.89,10063.08,4183.66,5879.42,1043695.17,389743.58,653951.59
1995-05,15.84,25.93,9.83,13775.65,8420.39,5355.26,1057470.83,398163.97,659306.86
1995-06,13.51,23.88,7.25,11907.08,7923.45,3983.62,1069377.91,406087.43,663290.48
1995-07,9.38,9.02,9.60,8359.09,3053.86,5305.23,1077737.00,409141.29,668595.71
1995-08,13.21,24.71,6.18,11865.05,8424.45,3440.60,1089602.05,417565.74,672036.31
1995-09,18.73,32.95,9.90,17010.63,11466.41,5544.23,1106612.68,429032.15,677580.53
1995-10,7.50,12.36,4.42,6915.83,4418.27,2497.56,1113528.51,433450.42,680078.10
1995-11,20.08,9.11,27.07,18631.66,3289.75,15341.91,1132160.17,436740.16,695420.01
1995-12,9.10,19.73,2.42,8584.20,7179.93,1404.27,1140744.36,443920.09,696824.27
1996-01,13.18,16.42,11.11,12525.94,6074.59,6451.35,1153270.30,449994.68,703275.62
1996-02,10.22,14.94,7.20,9823.48,5602.70,4220.78,1163093.78,455597.38,707496.40
1996-03,8.86,15.79,4.40,8590.48,5994.57,2595.91,1171684.26,461591.95,710092.31
1996-04,9.44,10.89,8.50,9218.84,4189.64,5029.21,1180903.10,465781.59,715121.51
1996-05,10.38,12.57,8.95,10210.59,4878.20,5332.38,1191113.69,470659.79,720453.90
1996-06,9.91,9.19,10.38,9836.32,3602.57,6233.75,1200950.02,474262.36,726687.65
1996-07,10.94,12.66,9.81,10947.35,5004.65,5942.70,1211897.36,479267.01,732630.35
1996-08,8.52,10.08,7.50,8605.63,4026.09,4579.54,1220503.00,483293.11,737209.89
1996-09,4.69,7.43,2.89,4768.76,2991.71,1777.05,1225271.76,486284.81,738986.95
1996-10,5.94,10.26,3.10,6064.34,4156.80,1907.54,1231336.10,490441.62,740894.48
1996-11,10.80,17.30,6.50,11085.81,7069.87,4015.95,1242421.91,497511.48,744910.43
1996-12,10.64,24.13,1.63,11015.17,10005.08,1010.09,1253437.09,507516.57,745920.52
1997-01,4.72,6.98,3.18,4928.19,2953.70,1974.49,1258365.28,510470.26,747895.02
1997-02,3.32,2.92,3.60,3485.53,1243.29,2242.24,1261850.81,511713.55,750137.26
1997-03,2.18,0.57,3.28,2295.53,242.54,2053.00,1264146.34,511956.09,752190.25
1997-04,9.44,-0.21,16.01,9941.04,-91.52,10032.56,1274087.38,511864.57,762222.81
1997-05,4.32,6.13,3.11,4591.04,2616.55,1974.50,1278678.42,514481.11,764197.31
1997-06,3.92,2.53,4.86,4180.10,1085.07,3095.03,1282858.52,515566.18,767292.34
1997-07,5.54,12.41,0.93,5923.51,5330.17,593.34,1288782.03,520896.35,767885.68
1997-08,5.06,8.17,2.95,5437.21,3548.43,1888.78,1294219.24,524444.78,769774.46
1997-09,6.88,9.79,4.89,7415.73,4277.62,3138.11,1301634.97,528722.40,772912.57
1997-10,7.15,7.54,6.88,7754.42,3321.88,4432.54,1309389.39,532044.28,777345.11
1997-11,2.81,6.23,0.47,3067.79,2763.52,304.27,1312457.18,534807.80,777649.38
1997-12,11.25,11.66,10.96,12300.15,5197.76,7102.39,1324757.33,540005.56,784751.77
1998-01,-4.27,-4.58,-4.05,-4713.30,-2063.10,-2650.20,1320044.02,537942.46,782101.57
1998-02,3.91,2.12,5.14,4298.70,951.83,3346.87,1324342.72,538894.29,785448.43
1998-03,7.76,5.69,9.18,8560.72,2553.22,6007.50,1332903.44,541447.51,791455.93
1998-04,24.81,43.13,12.27,27552.84,19459.32,8093.52,1360456.29,560906.83,799549.46
1998-05,2.32,-2.29,5.55,2624.57,-1072.71,3697.28,1363080.86,559834.13,803246.74
1998-06,9.56,3.68,13.66,10861.46,1716.33,9145.14,1373942.33,561550.45,812391.87
1998-07,5.92,-2.13,11.48,6778.52,-996.51,7775.03,1380720.85,560553.94,820166.91
1998-08,5.17,8.28,3.04,5945.60,3866.47,2079.13,1386666.45,564420.41,822246.04
1998-09,9.19,8.92,9.38,10623.28,4195.27,6428.00,1397289.73,568615.69,828674.04
1998-10,6.96,7.75,6.42,8106.93,3673.65,4433.29,1405396.66,572289.34,833107.33
1998-11,2.60,-2.27,5.95,3046.03,-1081.55,4127.58,1408442.69,571207.79,837234.90
1998-12,10.70,21.44,3.36,12553.75,10206.99,2346.76,1420996.44,581414.78,839581.66
1999-01,8.65,7.76,9.26,10240.49,3762.22,6478.27,1431236.93,585177.01,846059.93
1999-02,8.45,0.57,13.90,10077.66,277.03,9800.63,1441314.59,585454.04,855860.56
1999-03,7.96,-0.61,13.83,9564.23,-296.82,9861.05,1450878.82,585157.22,865721.60
1999-04,5.62,1.18,8.61,6791.75,577.20,6214.55,1457670.57,585734.42,871936.15
1999-05,8.62,5.42,10.78,10476.04,2643.27,7832.77,1468146.61,588377.69,879768.92
1999-06,9.13,12.71,6.73,11168.71,6233.04,4935.67,1479315.32,594610.74,884704.58
1999-07,10.60,12.89,9.06,13062.28,6384.64,6677.64,1492377.60,600995.38,891382.22
1999-08,8.72,5.06,11.19,10849.01,2533.55,8315.46,1503226.61,603528.93,899697.68
1999-09,6.25,6.68,5.97,7832.65,3357.64,4475.01,1511059.26,606886.56,904172.70
1999-10,4.94,2.48,6.59,6222.57,1254.98,4967.59,1517281.83,608141.54,909140.29
1999-11,6.37,3.87,8.04,8052.59,1960.29,6092.30,1525334.42,610101.83,915232.59
1999-12,4.54,1.17,6.79,5771.55,594.64,5176.90,1531105.96,610696.47,920409.49
2000-01,5.81,8.15,4.26,7414.22,4150.08,3264.14,1538520.18,614846.55,923673.63
2000-02,8.32,4.85,10.63,10665.11,2486.02,8179.09,1549185.29,617332.56,931852.73
2000-03,9.50,10.07,9.13,12265.40,5178.41,7087.00,1561450.69,622510.97,938939.72
2000-04,6.98,6.22,7.48,9077.05,3224.97,5852.08,1570527.74,625735.94,944791.80
2000-05,9.92,11.74,8.71,12980.18,6121.21,6858.98,1583507.92,631857.15,951650.78
2000-06,19.73,13.87,23.63,26040.11,7301.40,18738.72,1609548.04,639158.55,970389.49
2000-07,15.06,14.59,15.38,20203.40,7768.46,12434.94,1629751.44,646927.01,982824.43
2000-08,16.10,16.87,15.59,21863.96,9094.88,12769.08,1651615.40,656021.89,995593.51
2000-09,4.57,10.93,0.37,6285.41,5974.92,310.49,1669000.81,661996.81,1007004.00
2000-10,11.22,10.79,11.50,15598.51,5951.33,9647.18,1684599.32,667948.15,1016651.17
2000-11,11.64,10.86,12.16,16345.21,6046.59,10298.62,1700944.54,673994.74,1026949.80
2000-12,11.31,15.40,8.62,16025.18,8651.63,7373.56,1716969.72,682646.37,1034323.35
2001-01,9.00,7.23,10.17,12881.96,4115.13,8766.83,1729851.68,686761.50,1043090.18
2001-02,13.08,19.61,8.78,18850.34,11221.02,7629.32,1748702.02,697982.51,1050719.51
2001-03,8.12,7.87,8.29,11839.82,4578.25,7261.57,1760541.84,702560.77,1057981.07
2001-04,8.56,8.35,8.70,12556.49,4886.25,7670.24,1773098.33,707447.02,1065651.31
2001-05,5.47,3.64,6.68,8079.13,2143.49,5935.65,1781177.46,709590.51,1071586.95
2001-06,7.54,4.08,9.83,11190.63,2412.04,8778.59,1792368.09,712002.55,1080365.55
2001-07,3.34,-6.93,10.10,4982.48,-4112.53,9095.01,1797350.57,707890.02,1089460.56
2001-08,6.01,-2.03,11.24,9008.47,-1198.67,10207.14,1806359.04,706691.34,1099667.70
2001-09,5.24,0.97,7.99,7893.34,571.29,7322.05,1814252.38,707262.63,1106989.75
2001-10,10.31,-3.15,18.91,15587.88,-1854.11,17441.99,1829840.26,705408.52,1124431.74
2001-11,18.36,12.33,22.15,28002.52,7250.22,20752.30,1857842.79,712658.74,1145184.05
2001-12,6.47,3.67,8.20,10010.09,2181.99,7828.09,1867852.87,714840.73,1153012.14
2002-01,-0.28,-0.10,-0.39,-434.18,-59.23,-374.94,1867418.69,714781.50,1152637.20
2002-02,9.31,0.07,15.04,14486.68,40.61,14446.07,1881905.37,714822.10,1167083.27
2002-03,8.15,8.62,7.87,12784.96,5133.93,7651.02,1894690.33,719956.04,1174734.29
2002-04,5.87,8.79,4.08,9267.66,5271.66,3995.99,1903957.99,725227.70,1178730.28
2002-05,6.72,5.19,7.66,10656.01,3136.40,7519.61,1914613.99,728364.10,1186249.89
2002-06,7.88,7.33,8.21,12566.98,4449.28,8117.71,1927180.98,732813.38,1194367.60
2002-07,7.49,5.65,8.62,12030.42,3451.08,8579.34,1939211.40,736264.46,1202946.94
2002-08,5.13,6.89,4.05,8288.69,4224.99,4063.70,1947500.09,740489.45,1207010.64
2002-09,1.94,4.60,0.31,3151.30,2836.90,314.40,1950651.39,743326.36,1207325.03
2002-10,4.00,7.45,1.88,6499.91,4613.22,1886.69,1957151.30,747939.58,1209211.73
2002-11,4.92,3.16,6.02,8027.82,1966.65,6061.17,1965179.13,749906.22,1215272.90
2002-12,4.23,1.67,5.82,6933.09,1041.23,5891.86,1972112.21,750947.45,1221164.76
2003-01,6.36,6.14,6.49,10449.10,3841.95,6607.15,1982561.31,754789.40,1227771.91
2003-02,6.56,6.06,6.87,10844.38,3811.94,7032.45,1993405.69,758601.34,1234804.35
2003-03,4.70,1.67,6.56,7802.46,1053.87,6748.59,2001208.15,759655.21,1241552.94
2003-04,7.73,1.73,11.40,12891.63,1097.22,11794.41,2014099.78,760752.43,1253347.35
2003-05,7.99,4.66,10.01,13402.73,2952.31,10450.42,2027502.51,763704.74,1263797.77
2003-06,3.41,0.17,5.37,5765.91,110.15,5655.76,2033268.41,763814.88,1269453.53
2003-07,4.01,0.90,5.88,6795.98,573.77,6222.21,2040064.39,764388.66,1275675.74
2003-08,5.33,3.04,6.70,9059.94,1935.74,7124.21,2049124.34,766324.40,1282799.94
2003-09,4.67,-0.44,7.72,7966.45,-282.47,8248.93,2057090.79,766041.92,1291048.87
2003-10,4.90,-0.79,8.28,8404.31,-506.73,8911.04,2065495.10,765535.19,1299959.91
2003-11,0.53,-0.83,1.32,904.99,-527.27,1432.26,2066400.09,765007.92,1301392.17
2003-12,6.37,5.10,7.11,10960.60,3250.39,7710.21,2077360.69,768258.31,1309102.38
2004-01,6.29,3.77,7.76,10882.35,2414.19,8468.16,2088243.04,770672.50,1317570.54
2004-02,4.08,2.63,4.93,7097.33,1689.77,5407.55,2095340.36,772362.27,1322978.09
2004-03,8.24,8.90,7.85,14379.96,5730.21,8649.75,2109720.32,778092.48,1331627.84
2004-04,1.70,-3.91,4.99,2995.82,-2537.70,5533.52,2112716.15,775554.79,1337161.36
2004-05,4.61,3.92,5.02,8123.00,2533.87,5589.14,2120839.15,778088.65,1342750.50
2004-06,4.05,2.53,4.92,7150.26,1642.57,5507.69,2127989.41,779731.22,1348258.19
2004-07,5.13,9.78,2.45,9103.57,6355.92,2747.65,2137092.98,786087.14,1351005.83
2004-08,3.56,1.41,4.81,6342.14,924.52,5417.62,2143435.12,787011.66,1356423.46
2004-09,9.36,10.10,8.93,16713.18,6624.15,10089.02,2160148.30,793635.81,1366512.48
2004-10,9.21,4.63,11.86,16571.05,3060.68,13510.37,2176719.34,796696.49,1380022.85
2004-11,3.87,0.74,5.69,7027.01,488.48,6538.53,2183746.35,797184.97,1386561.38
2004-12,4.67,3.56,5.31,8499.82,2367.21,6132.61,2192246.17,799552.18,1392693.99
2005-01,2.48,7.63,-0.48,4531.46,5083.58,-552.12,2196777.63,804635.76,1392141.86
2005-02,8.07,-0.79,13.20,14781.08,-528.47,15309.55,2211558.71,804107.29,1407451.42
2005-03,4.69,0.79,6.91,8640.48,532.68,8107.80,2220199.19,804639.97,1415559.22
2005-04,6.67,8.83,5.44,12336.18,5918.42,6417.77,2232535.38,810558.39,1421976.98
2005-05,0.07,-1.99,1.25,136.15,-1346.84,1482.98,2232671.52,809211.55,1423459.97
2005-06,8.15,7.37,8.59,15161.91,4970.10,10191.81,2247833.43,814181.65,1433651.78
2005-07,5.02,1.07,7.26,9397.52,726.81,8670.70,2257230.94,814908.46,1442322.48
2005-08,5.22,4.32,5.72,9813.93,2933.94,6879.99,2267044.88,817842.41,1449202.47
2005-09,2.43,2.65,2.30,4588.40,1809.35,2779.06,2271633.28,819651.75,1451981.53
2005-10,2.75,2.09,3.12,5209.86,1430.92,3778.94,2276843.14,821082.67,1455760.47
2005-11,3.59,7.01,1.67,6818.13,4795.42,2022.72,2283661.27,825878.08,1457783.19
2005-12,3.82,5.29,2.99,7266.86,3640.27,3626.59,2290928.13,829518.36,1461409.78
2006-01,0.74,6.97,-2.80,1409.57,4814.98,-3405.41,2367471.08,879577.12,1487893.96
2006-02,3.80,7.79,1.45,7506.24,5712.62,1793.62,2374977.32,885289.73,1489687.58
2006-03,5.47,4.00,6.34,10830.57,2953.85,7876.72,2385807.89,888243.58,1497564.31
2006-04,5.97,7.14,5.28,11872.71,5283.34,6589.37,2397680.60,893526.92,1504153.67
2006-05,4.75,7.98,2.82,9480.85,5944.40,3536.45,2407161.45,899471.33,1507690.12
2006-06,3.66,6.95,1.70,7351.73,5211.98,2139.76,2395813.18,897483.31,1498329.88
2006-07,3.65,1.60,4.88,7286.06,1193.33,6092.74,2403099.25,898676.63,1504422.61
2006-08,6.31,7.01,5.89,12632.79,5247.65,7385.14,2415732.03,903924.28,1511807.75
2006-09,5.50,5.16,5.71,11081.20,3890.06,7191.13,2426813.23,907814.35,1518998.89
2006-10,6.60,5.02,7.54,13339.44,3800.17,9539.27,2429399.86,911614.51,1517785.34
2006-11,5.61,7.54,4.44,11349.21,5731.66,5617.55,2440749.07,917346.18,1523402.89
2006-12,7.85,8.54,7.43,15966.64,6530.60,9436.03,2456715.70,923876.78,1532838.92
2007-01,0.60,4.87,-1.98,1229.87,3752.68,-2522.80,2457945.58,927629.46,1530316.12
2007-02,5.91,7.41,5.00,12104.34,5726.34,6378.00,2470049.92,933355.80,1536694.12
2007-03,6.99,6.57,7.24,14383.26,5107.78,9275.48,2484433.18,938463.58,1545969.60
2007-04,4.49,3.74,4.95,9296.59,2922.93,6373.66,2493729.77,941386.51,1552343.26
2007-05,7.84,11.78,5.45,16286.29,9239.53,7046.76,2510016.06,950626.04,1559390.02
2007-06,4.35,4.16,4.47,9104.97,3299.05,5805.93,2519121.04,953925.09,1565195.95
2007-07,5.72,5.53,5.83,11999.64,4397.23,7602.41,2533667.67,958322.31,1575345.36
2007-08,9.05,12.40,7.01,19099.40,9903.31,9196.09,2552767.07,968225.62,1584541.45
2007-09,6.69,9.02,5.27,14228.28,7274.15,6954.13,2566995.36,975499.77,1591495.59
2007-10,7.17,9.05,6.02,15330.68,7353.08,7977.60,2582326.03,982852.85,1599473.18
2007-11,7.12,14.30,2.71,15323.27,11712.43,3610.83,2597649.30,994565.28,1603084.02
2007-12,5.46,8.52,3.57,11827.23,7060.01,4767.22,2609476.53,1001625.30,1607851.24
2008-01,4.58,7.68,2.64,9951.11,6409.16,3541.95,2619427.65,1008034.46,1611393.19
2008-02,6.90,8.23,6.08,15068.78,6910.00,8158.78,2634496.42,1014944.46,1619551.97
2008-03,5.06,2.16,6.88,11107.21,1827.54,9279.67,2645603.64,1016772.00,1628831.64
2008-04,3.92,2.08,5.07,8639.59,1759.96,6879.63,2654243.23,1018531.96,1635711.27
2008-05,2.69,1.30,3.55,5949.92,1104.99,4844.92,2660193.15,1019636.96,1640556.19
2008-06,1.00,-0.37,1.85,2216.38,-314.89,2531.27,2662409.52,1019322.07,1643087.46
2008-07,1.31,-1.13,2.83,2911.73,-958.16,3869.90,2665321.26,1018363.90,1646957.35
2008-08,-1.39,-1.10,-1.57,-3083.47,-933.38,-2150.10,2662237.78,1017430.52,1644807.26
2008-09,-2.19,-5.74,0.02,-4848.65,-4869.59,20.93,2657389.13,1012560.94,1644828.19
2008-10,1.51,4.62,-0.41,3340.38,3900.40,-560.02,2660729.50,1016461.34,1644268.17
2008-11,-4.17,-7.06,-2.39,-9248.11,-5979.28,-3268.83,2651481.39,1010482.06,1640999.33
2008-12,-3.48,-7.70,-0.88,-7692.43,-6485.01,-1207.42,2643788.96,1003997.04,1639791.92
2009-01,1.47,3.85,0.02,3239.90,3218.20,21.70,2647028.86,1007215.24,1639813.61
2009-02,-3.85,-9.94,-0.11,-8496.11,-8339.07,-157.05,2638532.74,998876.18,1639656.56
2009-03,-7.14,-17.26,-0.98,-15704.89,-14363.55,-1341.34,2622827.85,984512.63,1638315.23
2009-04,-3.14,-4.69,-2.20,-6854.85,-3846.49,-3008.36,2615973.01,980666.14,1635306.87
2009-05,-5.40,-17.02,1.57,-11762.23,-13905.80,2143.58,2610010.78,966760.34,1643250.44
2009-06,-8.52,-4.48,-10.90,-18535.37,-3613.25,-14922.13,2591475.41,963147.09,1628328.32
2009-07,-0.29,-3.65,1.70,-620.43,-2929.75,2309.32,2590854.98,960217.34,1630637.63
2009-08,-4.04,-10.21,-0.41,-8728.96,-8172.30,-556.66,2582126.01,952045.04,1630080.98
2009-09,-2.57,-5.20,-1.04,-5531.63,-4121.78,-1409.85,2576594.39,947923.26,1628671.13
2009-10,-6.13,-9.53,-4.16,-13171.66,-7531.15,-5640.51,2563422.73,940392.11,1623030.62
2009-11,-5.55,-19.87,2.75,-11853.44,-15571.19,3717.76,2551569.29,924820.91,1626748.38
2009-12,1.62,-11.35,8.99,3447.35,-8744.28,12191.63,2555016.64,916076.63,1638940.01
2010-01,-6.93,-8.39,-6.11,-14745.27,-6406.86,-8338.41,2540271.37,909669.77,1630601.60
2010-02,-4.43,-8.56,-2.13,-9384.04,-6489.49,-2894.55,2530887.33,903180.28,1627707.05
2010-03,1.59,-11.09,8.63,3358.61,-8347.06,11705.67,2537845.94,898433.22,1639412.72
2010-04,-2.29,-5.07,-0.77,-4849.06,-3795.82,-1053.24,2532996.88,894637.40,1638359.47
2010-05,-3.93,-14.38,1.77,-8296.85,-10717.08,2420.23,2524700.03,883920.32,1640779.71
2010-06,-1.86,-9.64,2.34,-3908.73,-7102.71,3193.98,2520791.29,876817.61,1643973.69
2010-07,-0.23,-7.18,3.48,-475.62,-5248.92,4773.31,2520315.68,871568.69,1648746.99
2010-08,0.21,-7.08,4.06,435.17,-5138.97,5574.13,2520750.84,866429.72,1654321.12
2010-09,0.47,-7.90,4.85,984.74,-5707.28,6692.02,2521735.59,860722.44,1661013.14
2010-10,4.68,-8.41,11.47,9843.62,-6028.71,15872.32,2531579.20,854693.73,1676885.47
2010-11,-0.74,-6.06,1.97,-1557.08,-4313.54,2756.46,2530022.12,850380.19,1679641.92
2010-12,0.21,-0.89,0.77,441.73,-633.04,1074.78,2646811.26,839102.67,1807708.59
2011-01,3.64,-5.11,7.69,8018.63,-3570.48,11589.10,2654829.89,835532.19,1819297.69
2011-02,4.50,-1.83,7.41,9965.62,-1272.81,11238.43,2664795.51,834259.39,1830536.12
2011-03,3.82,2.47,4.44,8492.01,1720.56,6771.45,2673287.52,835979.95,1837307.57
2011-04,3.05,-5.00,6.72,6801.70,-3480.54,10282.23,2680089.22,832499.42,1847589.80
2011-05,2.79,1.17,3.52,6236.81,811.41,5425.39,2686326.03,833310.83,1853015.20
2011-06,3.87,4.12,3.76,8662.68,2858.46,5804.22,2694988.71,836169.29,1858819.42
2011-07,10.00,-0.94,14.91,22449.98,-652.05,23102.03,2717438.68,835517.24,1881921.44
2011-08,-3.38,0.89,-5.28,-7663.24,619.58,-8282.82,2709775.45,836136.82,1873638.62
2011-09,4.70,2.14,5.83,10603.70,1493.21,9110.49,2720379.14,837630.04,1882749.11
2011-10,3.88,0.28,5.49,8804.53,196.72,8607.81,2729183.67,837826.76,1891356.91
2011-11,7.49,5.70,8.28,17036.36,3982.22,13054.15,2746220.03,841808.97,1904411.06
2011-12,4.52,-2.08,7.43,10340.82,-1455.75,11796.57,2756560.85,840353.23,1916207.63
2012-01,4.70,0.11,6.71,10793.30,79.35,10713.95,2767354.15,840432.58,1926921.57
2012-02,4.08,1.96,5.00,9401.19,1372.66,8028.53,2776755.34,841805.24,1934950.11
2012-03,5.99,-0.74,8.92,13871.81,-518.57,14390.38,2790627.16,841286.66,1949340.49
2012-04,5.31,-4.83,9.69,12357.43,-3384.04,15741.47,2802984.59,837902.63,1965081.96
2012-05,7.58,5.03,8.67,17704.69,3509.29,14195.40,2820689.28,841411.92,1979277.36
2012-06,5.63,-3.85,9.66,13231.07,-2699.16,15930.23,2831920.35,838712.75,1993207.59
2012-07,3.67,-2.56,6.29,8662.74,-1789.98,10452.72,2840583.09,836922.77,2003660.32
2012-08,7.65,7.16,7.86,18120.41,4993.57,13126.85,2858703.50,841916.34,2016787.16
2012-09,4.17,-0.90,6.29,9937.56,-631.87,10569.43,2868641.07,841284.47,2027356.60
2012-10,7.27,3.72,8.75,17387.72,2607.80,14779.92,2886028.78,843892.27,2042136.52
2012-11,6.91,1.70,9.06,16611.95,1198.79,15413.16,2902640.73,845091.06,2057549.67
2012-12,4.52,-6.71,9.13,10932.29,-4727.22,15659.51,2913573.02,840363.84,2073209.18
2013-01,6.49,5.02,7.09,15765.56,3513.57,12251.98,2929338.58,843877.41,2085461.17
2013-02,8.60,4.27,10.35,20993.46,3005.89,17987.57,2950332.04,846883.30,2103448.74
2013-03,4.28,-1.69,6.68,10515.92,-1191.66,11707.58,2960847.96,845691.64,2115156.32
2013-04,4.66,1.27,6.01,11488.23,894.49,10593.74,2972336.20,846586.13,2125750.07
2013-05,6.34,5.20,6.79,15694.42,3665.87,12028.55,2988030.62,850252.00,2137778.62
2013-06,5.26,-0.96,7.74,13108.47,-677.81,13786.28,3001139.09,849574.20,2151564.89
2013-07,5.64,0.51,7.66,14105.51,363.69,13741.81,3015244.60,849937.89,2165306.71
2013-08,6.39,1.67,8.24,16053.94,1183.69,14870.25,3031298.54,851121.58,2180176.96
2013-09,6.76,1.13,8.96,17082.45,798.53,16283.91,3048380.98,851920.11,2196460.87
2013-10,6.66,4.58,7.47,16923.03,3250.32,13672.71,3065304.01,855170.43,2210133.58
2013-11,4.52,-3.31,7.56,11556.89,-2361.99,13918.88,3076860.90,852808.44,2224052.46
2013-12,5.68,2.61,6.85,14552.88,1855.36,12697.51,3091413.78,854663.80,2236749.97
2014-01,7.12,5.18,7.86,18348.40,3692.08,14656.32,3109762.18,858355.89,2251406.29
2014-02,6.87,3.68,8.08,17791.88,2630.81,15161.07,3127554.06,860986.70,2266567.36
2014-03,7.00,2.34,8.77,18250.59,1677.30,16573.29,3145804.65,862664.00,2283140.65
2014-04,9.03,11.05,8.27,23676.00,7944.32,15731.68,3169480.65,870608.32,2298872.33
2014-05,6.89,3.45,8.19,18184.97,2502.05,15682.92,3187665.62,873110.37,2314555.25
2014-06,6.54,0.89,8.67,17359.87,646.31,16713.56,3205025.49,873756.68,2331268.81
2014-07,8.16,7.48,8.41,21792.63,5449.62,16343.01,3226818.12,879206.30,2347611.82
2014-08,6.50,2.08,8.15,17477.89,1526.34,15951.54,3244296.01,880732.64,2363563.36
2014-09,6.10,1.11,7.96,16501.64,815.19,15686.46,3260797.65,881547.83,2379249.82
2014-10,3.76,3.11,4.00,10223.55,2286.89,7936.65,3271021.20,883834.72,2387186.47
2014-11,5.19,-0.31,7.22,14143.94,-227.63,14371.57,3285165.13,883607.09,2401558.04
2014-12,9.99,5.99,11.46,27339.95,4410.55,22929.40,3312505.08,888017.64,2424487.44
2015-01,5.03,1.92,6.17,13891.41,1420.26,12471.15,3326396.49,889437.90,2436958.59
2015-02,6.59,0.99,8.64,18276.26,730.79,17545.47,3344672.75,890168.70,2454504.06
2015-03,8.14,8.03,8.18,22692.22,5959.85,16732.37,3367364.97,896128.55,2471236.43
2015-04,7.47,9.25,6.83,20974.71,6905.22,14069.49,3388339.68,903033.77,2485305.91
2015-05,6.08,2.53,7.37,17169.60,1900.60,15269.01,3405509.29,904934.37,2500574.92
2015-06,9.67,7.83,10.34,27451.35,5903.58,21547.78,3432960.64,910837.95,2522122.70
2015-07,6.12,5.43,6.37,17507.03,4124.61,13382.42,3450467.67,914962.56,2535505.12
2015-08,5.08,3.73,5.56,14604.36,2846.86,11757.49,3465072.03,917809.42,2547262.61
2015-09,9.20,7.76,9.71,26556.76,5935.18,20621.58,3491628.79,923744.60,2567884.19
2015-10,4.92,2.88,5.65,14308.13,2214.81,12093.32,3505936.92,925959.41,2579977.51
2015-11,5.82,5.27,6.02,17007.45,4067.29,12940.17,3522944.37,930026.70,2592917.67
2015-12,7.97,7.69,8.07,23398.88,5960.53,17438.35,3410996.57,906744.37,2504252.20
2016-01,6.89,4.58,7.73,19591.92,3461.45,16130.47,3430588.49,910205.82,2520382.67
2016-02,5.39,3.20,6.18,15414.85,2425.36,12989.49,3446003.35,912631.18,2533372.16
2016-03,8.83,14.81,6.67,25347.77,11265.50,14082.28,3471351.12,923896.68,2547454.44
2016-04,7.34,5.26,8.10,21232.91,4046.31,17186.60,3492584.03,927942.99,2564641.04
2016-05,6.57,4.76,7.23,19136.04,3677.25,15458.79,3511720.07,931620.24,2580099.83
2016-06,6.22,10.09,4.81,18188.72,7836.44,10352.28,3529908.79,939456.68,2590452.11
2016-07,5.88,5.77,5.93,17310.26,4518.71,12791.55,3547219.05,943975.40,2603243.65
2016-08,8.48,6.06,9.35,25057.05,4769.78,20287.27,3572276.10,948745.17,2623530.93
2016-09,5.98,4.72,6.43,17788.07,3729.49,14058.59,3590064.17,952474.66,2637589.51
2016-10,6.17,2.95,7.33,18452.50,2342.40,16110.10,3608516.67,954817.06,2653699.61
2016-11,7.66,13.77,5.45,23019.80,10957.67,12062.14,3631536.48,965774.73,2665761.75
2016-12,4.17,2.72,4.69,12607.13,2185.93,10421.20,3644143.61,967960.66,2676182.95
2017-01,5.29,3.39,5.98,16077.74,2735.82,13341.92,3660221.35,970696.48,2689524.87
2017-02,5.93,7.37,5.41,18101.26,5965.16,12136.10,3678322.61,976661.64,2701660.97
2017-03,4.56,4.91,4.44,13982.91,3993.97,9988.94,3692305.52,980655.62,2711649.91
2017-04,4.51,2.49,5.24,13875.33,2033.98,11841.36,3706180.86,982689.59,2723491.26
2017-05,5.37,7.91,4.45,16574.21,6475.00,10099.22,3722755.07,989164.59,2733590.48
2017-06,4.98,4.60,5.11,15444.77,3793.64,11651.13,3738199.84,992958.23,2745241.61
2017-07,4.55,2.69,5.23,14183.15,2228.13,11955.02,3752382.99,995186.36,2757196.63
2017-08,3.02,4.44,2.51,9439.64,3680.76,5758.89,3761822.63,998867.12,2762955.52
2017-09,2.67,6.13,1.42,8382.85,5105.86,3277.00,3770205.49,1003972.97,2766232.52
2017-10,5.65,6.09,5.49,17760.14,5098.12,12662.03,3787965.63,1009071.09,2778894.54
2017-11,9.48,13.84,7.89,29910.27,11635.67,18274.59,3817875.90,1020706.76,2797169.13
2017-12,3.26,1.68,3.84,10374.36,1428.04,8946.32,3828250.26,1022134.80,2806115.45
2018-01,3.74,2.25,4.28,11925.26,1919.33,10005.93,3840175.52,1024054.13,2816121.39
2018-02,3.70,0.77,4.76,11828.83,653.72,11175.11,3852004.35,1024707.85,2827296.50
2018-03,3.20,-0.91,4.69,10267.20,-775.10,11042.30,3862271.55,1023932.75,2838338.80
2018-04,3.29,0.87,4.16,10577.89,739.14,9838.74,3864952.44,1016774.90,2848177.54
2018-05,6.66,9.86,5.52,21452.35,8356.06,13096.29,3886404.78,1025130.96,2861273.83
2018-06,2.73,-1.14,4.11,8830.21,-974.47,9804.68,3895235.00,1024156.49,2871078.51
2018-07,5.38,2.69,6.34,17463.88,2298.49,15165.39,3920298.88,1034054.98,2886243.90
2018-08,6.56,5.77,6.84,21431.08,4971.76,16459.32,3941729.97,1039026.74,2902703.23
2018-09,4.35,1.68,5.31,14297.84,1454.98,12842.85,3956027.80,1040481.72,2915546.08
2018-10,6.04,10.05,4.61,19919.93,8711.19,11208.74,3975947.73,1049192.91,2926754.82
2018-11,6.59,8.01,6.07,21824.28,7007.68,14816.60,3997772.01,1056200.59,2941571.42
2018-12,3.60,-3.09,6.00,11983.59,-2721.64,14705.23,4009755.60,1053478.96,2956276.65
2019-01,5.13,3.64,5.65,17126.40,3199.05,13927.35,4026882.01,1056678.00,2970204.00
2019-02,4.68,4.09,4.89,15705.74,3598.71,12107.03,4042587.75,1060276.71,2982311.04
2019-03,2.96,-3.18,5.14,9961.22,-2811.78,12773.00,4052548.96,1057464.93,2995084.03
2019-04,4.88,7.44,3.98,16474.48,6552.09,9922.39,4069023.45,1064017.02,3005006.42
2019-05,4.94,8.34,3.74,16756.81,7398.54,9358.28,4085780.26,1071415.56,3014364.70
2019-06,4.05,-0.21,5.56,13781.11,-186.33,13967.43,4099561.36,1071229.23,3028332.13
2019-07,6.82,11.21,5.27,23293.63,10004.51,13289.12,4122854.99,1081233.74,3041621.26