Date,Open,High,Low,Close,Volume
1896-05-31,29.39,29.43,29.11,29.43,
1896-06-30,29.4,29.4,25.73,26.18,
1896-07-31,25.05,25.49,22.09,23.19,
1896-08-31,22.81,23.15,20.76,23.15,
1896-09-30,23.19,26.51,23.19,26.11,
1896-10-31,26.08,28.54,25.16,28.54,
1896-11-30,29.64,32.52,29.64,29.69,
1896-12-31,30.4,30.58,27.95,29.3,
1897-01-31,29.24,31.32,29.24,30.46,
1897-02-28,30.69,30.69,28.78,29.9,
1897-03-31,30.19,30.51,28.34,28.59,
1897-04-30,28.8,29.28,27.88,28.22,
1897-05-31,28.09,28.93,28.01,28.71,
1897-06-30,28.98,32.31,28.98,31.94,
1897-07-31,32.02,34.73,31.58,34.73,
1897-08-31,35.37,39.7,35.37,39.7,
1897-09-30,40.15,40.43,36.92,36.92,
1897-10-31,37.33,38.14,35.07,35.35,
1897-11-30,35.57,35.57,33.06,34.37,
1897-12-31,35.06,36.07,34.87,35.79,
1898-01-31,35.71,36.7,34.76,36.22,
1898-02-28,36.04,36.33,32.35,33.44,
1898-03-31,34.38,34.38,30.42,32.9,
1898-04-30,31.97,33.55,31.34,33.13,
1898-05-31,35.2,38.2,34.98,38.2,
1898-06-30,38.29,38.9,36.84,38.11,
1898-07-31,38.39,39.23,37.86,39.12,
1898-08-31,39.54,44.16,39.54,43.71,
1898-09-30,43.82,43.82,38.7,38.7,
1898-10-31,38.83,40.15,37.34,40.15,
1898-11-30,39.79,41.43,39.48,41.43,
1898-12-31,42.12,43.83,42.11,43.83,
1899-01-31,43.75,47.09,43.75,46.61,
1899-02-28,46.67,48.78,44.87,48.37,
1899-03-31,48.26,54.1,47.73,53.83,
1899-04-30,55.06,55.97,52.58,55.84,
1899-05-31,54.02,55.07,48.89,48.89,
1899-06-30,49.54,52.93,49.54,50.97,
1899-07-31,51.77,53.4,51.1,53.4,
1899-08-31,53.51,55.21,53.36,54.8,
1899-09-30,54.73,56.21,52.43,52.78,
1899-10-31,51.39,54.3,51.39,54.3,
1899-11-30,54.44,54.9,53.36,54.72,
1899-12-31,54.66,54.66,42.2,47.6,
1/31/00,49.34,49.34,45.82,47.89,
2/28/00,48.77,49.51,45.88,46.32,
3/31/00,46.05,47.36,44.26,47.36,
4/30/00,47.47,47.91,44.32,44.42,
5/31/00,44.41,44.41,41.01,42.8,
6/30/00,43.01,43.01,38.88,39.71,
7/31/00,40.18,42.75,40.18,41.14,
8/31/00,41.33,42.66,41.33,41.87,
9/30/00,42.4,42.43,38.36,39.21,
10/31/00,39.8,44.03,39.49,42.76,
11/30/00,42.86,50.02,42.86,48.23,
12/31/00,48.11,51.45,46.48,51.21,
1/31/01,51.02,51.02,47.02,48.39,
2/28/01,49.04,51.26,48.52,48.52,
3/31/01,49.08,50.28,48.66,50.28,
4/30/01,51.36,54.96,51.36,54.9,
5/31/01,54.99,54.99,48.8,54.88,
6/30/01,56.3,56.68,55.12,55.38,
7/31/01,55.83,55.83,50.31,51.88,
8/31/01,51.94,53.47,50.01,53.21,
9/30/01,52.62,53.07,47.96,48.28,
10/31/01,47.85,47.85,46.15,46.68,
11/30/01,46.84,48.18,46.7,47.57,
12/31/01,46.37,46.98,44.56,46.76,
1/31/02,46.58,47.2,45.32,47.04,
2/28/02,46.91,47.46,46.77,46.94,
3/31/02,47.29,48.9,46.91,48.66,
4/30/02,48.67,49.57,47.76,48.53,
5/31/02,48.6,48.6,46.88,48.1,
6/30/02,47.99,47.99,46.11,46.58,
7/31/02,46.53,48.73,46.53,47.67,
8/31/02,47.74,48.37,47.32,48,
9/30/02,48.2,49.08,46.4,47.91,
10/31/02,48.13,48.22,46.24,47.84,
11/30/02,47.47,47.47,43.9,45,
12/31/02,45.29,46.56,43.14,46.56,
1/31/03,46.79,48.04,46.49,47.05,
2/28/03,47.46,49.03,47.46,47.92,
3/31/03,47.81,47.81,45.53,46.09,
4/30/03,45.97,46.76,44.03,46.19,
5/31/03,46.24,46.4,43.65,43.65,
6/30/03,43.16,43.38,41.03,42.79,
7/31/03,42.59,42.59,36.1,36.76,
8/31/03,36.63,39.02,34.75,38.52,
9/30/03,38.2,38.2,32.66,33.17,
10/31/03,34.08,34.49,30.6,32.46,
11/30/03,32.92,32.92,30.53,32.11,
12/31/03,32.12,35.74,32.12,35.57,
1/31/04,34.6,36.57,34.09,35.57,
2/29/04,35.51,35.51,33.83,34.42,
3/31/04,34.66,35.58,33.65,35.58,
4/30/04,35.26,36.2,35.21,35.42,
5/31/04,35.07,35.28,34.35,34.89,
6/30/04,34.95,35.83,34.82,35.67,
7/31/04,35.71,38.37,35.71,37.75,
8/31/04,38.19,39.55,38.15,39.52,
9/30/04,39.79,41.71,39.79,41.71,
10/31/04,42.48,45.91,41.71,45.65,
11/30/04,46.15,52.41,46.15,52.16,
12/31/04,52.18,53.04,47.63,50.73,
1/31/05,50.98,51.66,49.8,51.66,
2/28/05,51.36,55.12,51.36,54.43,
3/31/05,55.09,57.95,54.98,57.95,
4/30/05,58.76,60.66,56.4,56.4,
5/31/05,55.69,56.53,51.69,53.83,
6/30/05,52.99,56.33,52.53,55.67,
7/31/05,57,59.17,56.51,59.17,
8/31/05,58.92,59.98,58.4,58.4,
9/30/05,57.69,59.32,56.93,58.95,
10/31/05,59.51,60.67,58.54,60.67,
11/30/05,60.94,65.1,58.54,65.1,
12/31/05,64.91,69.93,64.86,69.93,
1/31/06,68.8,74.6,68.4,72.92,
2/28/06,73.55,73.66,68.04,68.04,
3/31/06,67.96,70.22,67.28,69.96,
4/30/06,70.86,71.11,65.12,65.57,
5/31/06,63.76,67.91,62.61,67.9,
6/30/06,68.09,68.96,63.22,63.22,
7/31/06,62.37,66.93,61.69,66.93,
8/31/06,67.88,69.58,66.41,68.09,
9/30/06,67.58,69.58,67.58,68.79,
10/31/06,69.36,70.07,67.29,67.29,
11/30/06,67.93,69.04,66.91,68.89,
12/31/06,69.06,69.45,67.31,68.33,
1/31/07,68.26,69.8,65.74,66.41,
2/28/07,65.61,67.64,65,65.57,
3/31/07,65.27,65.27,54.6,58.05,
4/30/07,59.61,61.42,58.95,61.05,
5/31/07,60.74,61.58,55.98,56.56,
6/30/07,56.06,58.1,56.06,57.94,
7/31/07,58.86,59.77,57.12,57.12,
8/31/07,56.75,57.12,50.15,52.35,
9/30/07,53.24,53.51,49.05,49.05,
10/31/07,49.21,49.21,41.45,41.79,
11/30/07,41.69,42.35,38.39,41.65,
12/31/07,43.56,44.74,41.17,42.55,
1/31/08,43.17,47.68,43.17,45.41,
2/29/08,44.77,45,42.46,44.23,
3/31/08,44.24,50.64,44.16,48.89,
4/30/08,49.13,50.91,48.55,50.37,
5/31/08,50.64,54.41,50.54,52.7,
6/30/08,53.87,53.87,51.93,52.57,
7/31/08,52.7,58.19,52.7,58.19,
8/31/08,58.71,61.85,58.71,61.31,
9/30/08,61.24,61.24,55.82,57.89,
10/31/08,57.58,60.51,57.58,60.05,
11/30/08,60.04,64.01,60.04,63.23,
12/31/08,63.47,63.49,60.45,62.39,
1/31/09,61.75,62.97,61.18,61.29,
2/28/09,61.16,62.81,57.87,58.91,
3/31/09,59.91,62.37,59.13,62.37,
4/30/09,61.83,63.94,61.83,63.94,
5/31/09,64.28,66.76,64.28,66.76,
6/30/09,66.91,68.22,64.94,66.83,
7/31/09,67.32,69.65,67.22,69.65,
8/31/09,70.63,71.78,69.75,70.9,
9/30/09,70.61,72.51,69.43,72.1,
10/31/09,72.69,72.69,69.68,71.68,
11/30/09,72.02,72.81,69.45,69.54,
12/31/09,70.17,71.9,70.01,71.74,
1/31/10,71.22,71.22,65.66,66.57,
2/28/10,66.15,66.15,61.58,66.15,
3/31/10,66.46,68.48,64.8,64.97,
4/30/10,64.97,66.89,62.5,63.13,
5/31/10,61.93,64.7,61.36,62.52,
6/30/10,62.06,62.49,58.79,58.79,
7/31/10,59.13,59.13,53.32,56.18,
8/31/10,55.14,58.96,55.14,57.71,
9/30/10,56.91,57.74,56.74,57.74,
10/31/10,58.43,62.3,58.43,61.39,
11/30/10,61.63,62.18,59.77,59.77,
12/31/10,58.98,59.5,57.71,58.96,
1/31/11,59.47,61.51,59.17,61.51,
2/28/11,61.8,62.26,61.08,61.58,
3/31/11,61.22,61.22,59.62,60.31,
4/30/11,60.35,60.35,59.07,60.34,
5/31/11,60.94,62.58,59.82,61.96,
6/30/11,62.13,63.05,62.13,62.27,
7/31/11,62.02,62.63,61.76,62.3,
8/31/11,61.9,61.9,57.22,57.4,
9/30/11,57.34,58.14,52.83,54.43,
10/31/11,55.59,56.74,54.19,54.89,
11/30/11,56.27,59.29,56.27,58.64,
12/31/11,58.16,59.61,57.35,59.08,
1/31/12,59.65,59.65,58.08,58.08,
2/29/12,58.3,59.08,58.18,58.95,
3/31/12,59.44,64.18,59.44,63.9,
4/30/12,64.49,65.86,64.26,65.4,
5/31/12,65.42,65.53,63.44,63.74,
6/30/12,64.16,65.97,64.16,65.97,
7/31/12,66.16,66.41,63.71,64.97,
8/31/12,65.52,66.67,65.07,66.32,
9/30/12,65.63,68.19,65.46,68.19,
10/31/12,68.01,68.17,65.44,65.7,
11/30/12,65.55,66.59,64.88,66.09,
12/31/12,65.8,65.8,61.74,63.64,
1/31/13,64.04,64.15,59.06,60.63,
2/28/13,60.3,60.45,57.01,58.17,
3/31/13,58.9,59.16,56.67,58.61,
4/30/13,59.33,60.25,56.77,56.88,
5/31/13,57.66,57.9,56.77,56.77,
6/30/13,55.96,55.96,52.23,54.24,
7/31/13,54.63,57.26,54.49,56.84,
8/31/13,56.64,59.25,56.64,59.25,
9/30/13,58.62,60.14,58.14,58.21,
10/31/13,58.51,58.98,55.83,56.71,
11/30/13,56.32,56.57,55,55.2,
12/31/13,54.88,57.11,54.51,57.06,
1/31/14,56.92,60.03,56.92,59.97,
2/28/14,59.79,60.25,58.89,59.39,
3/31/14,59.14,60.42,58.75,59.67,
4/30/14,59.72,59.73,56.14,57.3,
5/31/14,58.02,59.14,57.33,59.08,
6/30/14,58.65,59.27,57.43,58.42,
7/31/14,58.18,59.24,51.73,51.73,
12/31/14,56.76,56.76,53.17,54.58,
1/31/15,55.44,58.51,55.4,56.54,
2/28/15,55.59,57.83,54.22,55.02,
3/31/15,55.29,61.3,55.29,60.83,
4/30/15,61.05,71.78,61.05,71.78,
5/31/15,69.54,69.58,60.38,65.01,
6/30/15,64.86,71.9,64.86,70.06,
7/31/15,69.85,75.79,67.88,75.53,
8/31/15,76.46,81.88,76.46,81.2,
9/30/15,81.79,90.58,80.7,90.58,
10/31/15,90.88,96.46,88.23,95.34,
11/30/15,95.16,97.56,91.08,96.71,
12/31/15,95.9,99.21,94.78,99.15,
1/31/16,98.81,98.81,90.58,90.58,
2/29/16,91.93,96.15,90.89,91.03,
3/31/16,90.69,96.08,90.52,93.25,
4/30/16,94.13,94.46,87,89.65,
5/31/16,90.3,92.62,87.71,91.8,
6/30/16,91.87,93.61,87.68,89.58,
7/31/16,89.37,90.53,86.4,89.25,
8/31/16,89.05,93.83,88.15,92.25,
9/30/16,91.19,103.73,91.19,103.73,
10/31/16,103.01,105.28,98.94,104.61,
11/30/16,105.9,110.15,105.63,105.97,
12/31/16,106.17,106.76,90.16,95,
1/31/17,96.15,99.18,95.43,95.43,
2/28/17,88.52,94.91,87.01,91.56,
3/31/17,91.1,98.2,91.1,96.72,
4/30/17,97.06,97.06,90.66,93.23,
5/31/17,93.42,97.41,89.08,97.38,
6/30/17,97.89,98.58,94.78,95.38,
7/31/17,95.23,95.31,90.48,91.75,
8/31/17,92.26,93.85,83.4,83.4,
9/30/17,81.2,86.02,81.2,83.46,
10/31/17,83.58,83.58,74.5,74.5,
11/30/17,71.41,74.23,68.58,72.65,
12/31/17,72.55,74.38,65.95,74.38,
1/31/18,76.68,79.8,73.38,79.8,
2/28/18,79.28,82.08,77.78,80.39,
3/31/18,79.93,79.93,76.41,76.41,
4/30/18,77.16,79.42,75.58,77.51,
5/31/18,78.16,84.04,78.08,78.08,
6/30/18,78.55,83.02,78.53,82.58,
7/31/18,81.81,82.96,80.51,81.23,
8/31/18,80.71,83.18,80.71,82.46,
9/30/18,83.84,84.68,80.29,84.68,
10/31/18,83.95,89.07,83.36,85.51,
11/30/18,85.53,87.66,79.87,80.93,
12/31/18,81.13,84.5,80.44,82.2,
1/31/19,82.6,83.35,79.88,80.61,
2/28/19,80.91,85.68,79.35,84.81,
3/31/19,85.58,89.05,84.24,88.85,
4/30/19,88.84,93.51,88.84,92.88,
5/31/19,93.26,105.5,93.26,105.5,
6/30/19,106.92,107.55,99.56,106.98,
7/31/19,108.13,112.23,107.16,107.16,
8/31/19,107.99,107.99,98.46,104.75,
9/30/19,106.26,111.42,105.84,111.42,
10/31/19,111.12,118.92,108.9,118.92,
11/30/19,119.62,119.62,103.72,103.72,
12/31/19,104.03,107.97,103.55,107.23,
1/31/20,108.76,108.85,101.9,104.21,
2/29/20,103.01,103.01,89.98,91.18,
3/31/20,92.4,104.17,91.68,102.81,
4/30/20,102.66,105.65,93.16,93.54,
5/31/20,94.03,94.41,87.36,91.81,
6/30/20,90.2,93.06,90.16,90.76,
7/31/20,91.26,94.51,86.86,86.86,
8/31/20,84.95,87.29,83.2,86.16,
9/30/20,86.34,89.95,82.95,82.95,
10/31/20,84,85.73,84,85.08,
11/30/20,85.48,85.48,73.12,76.04,
12/31/20,76.5,77.3,66.75,71.95,
1/31/21,72.67,76.76,72.67,76.13,
2/28/21,75.48,77.14,74.34,74.98,
3/31/21,74.71,77.78,72.25,75.76,
4/30/21,75.72,78.86,75.06,78.57,
5/31/21,79.65,80.03,73.44,73.44,
6/30/21,73.51,73.51,64.9,68.45,
7/31/21,68.35,69.86,67.25,68.37,
8/31/21,69.68,69.95,63.9,67.11,
9/30/21,66.83,71.72,66.83,71.08,
10/31/21,71.61,73.8,69.46,73.21,
11/30/21,73.44,78.01,73.44,77.3,
12/31/21,78.12,81.5,78.12,80.8,
1/31/22,78.91,82.95,78.59,81.3,
2/28/22,81.68,85.81,81.68,85.46,
3/31/22,85.33,89.05,85.33,89.05,
4/30/22,90.05,93.21,89.3,91.93,
5/31/22,93.35,96.41,91.5,95.63,
6/30/22,96.03,96.36,90.73,92.93,
7/31/22,92.92,97.05,92.92,97.05,
8/31/22,96.25,100.78,96.21,100.78,
9/30/22,101.28,102.05,96.58,97.12,
10/31/22,97.67,102.76,96.11,96.11,
11/30/22,96.23,99.53,92.03,94.65,
12/31/22,95.73,99.22,95.03,98.17,
1/31/23,98.77,99.42,96.96,97.43,
2/28/23,97.71,103.9,97.71,103.9,
3/31/23,104.23,105.38,102.36,102.77,
4/30/23,101.51,102.7,98.38,98.38,
5/31/23,97.4,98.19,92.77,97.53,
6/30/23,95.36,97.24,88.4,88.4,
7/31/23,88.95,91.72,86.91,86.91,
8/31/23,87.96,93.7,87.96,93.46,
9/30/23,92.25,93.61,87.94,87.97,
10/31/23,88.06,90.45,85.91,88.53,
11/30/23,88.41,92.88,88.41,92.34,
12/31/23,92.64,95.61,92.64,95.52,
1/31/24,95.65,100.66,94.88,100.66,
2/29/24,100.7,101.31,96.33,97.22,
3/31/24,97.1,98.86,92.54,93.01,
4/30/24,93.5,94.69,89.18,90.63,
5/31/24,92.12,92.47,88.33,89.9,
6/30/24,90.15,96.37,89.18,96.37,
7/31/24,96.45,102.14,96.38,102.14,
8/31/24,102.12,105.57,101.51,104.14,
9/30/24,104.95,104.95,101.07,103.16,
10/31/24,104.08,104.08,99.18,104.06,
11/30/24,103.89,111.1,103.89,111.1,
12/31/24,110.44,120.51,110.44,120.51,
1/31/25,121.25,123.6,119.46,123.49,
2/28/25,120.46,122.86,117.96,122.24,
3/31/25,123.93,125.68,115,116.75,
4/30/25,118.07,121.54,117.4,120.01,
5/31/25,121.1,129.95,121.1,129.95,
6/30/25,129.69,131.01,126.75,131.01,
7/31/25,131.76,136.5,131.33,133.81,
8/31/25,135.81,143.18,135.71,141.18,
9/30/25,139.78,147.16,137.22,143.46,
10/31/25,144.77,155.65,144.77,155.65,
11/30/25,157.88,159.39,148.18,151.08,
12/31/25,152.11,157.01,152.11,156.66,
1/31/26,158.75,158.93,153.2,157.35,
2/28/26,156.83,162.31,154.68,154.68,
3/31/26,150.9,153.13,135.2,140.46,
4/30/26,140.35,144.55,136.27,143.71,
5/31/26,140.53,143.43,137.16,143.43,
6/30/26,142.3,154.03,142.3,153.04,
7/31/26,153.01,160.58,153.01,160.18,
8/31/26,161.84,166.14,160.41,162.51,
9/30/26,163.93,166.1,156.26,158.19,
10/31/26,159.69,159.69,145.66,150.76,
11/30/26,150.51,157.37,150.51,156.55,
12/31/26,157.31,160.75,156.65,157.2,
1/31/27,155.16,156.56,152.73,156.41,
2/28/27,156.26,161.96,154.31,161.96,
3/31/27,161.42,161.78,158.41,160.08,
4/30/27,160.71,167.36,160.71,164.64,
5/31/27,164.55,172.96,164.55,172.96,
6/30/27,171.98,171.98,165.73,166.23,
7/31/27,168.06,181.4,168.06,181.4,
8/31/27,184.21,190.63,177.13,189.79,
9/30/27,191.56,198.97,191.56,197.59,
10/31/27,199.78,199.78,181.43,181.73,
11/30/27,181.65,198.21,181.65,198.21,
12/31/27,196.58,200.93,193.58,200.7,
1/31/28,203.35,203.35,194.5,198.59,
2/29/28,197.98,199.35,191.33,194.78,
3/31/28,194.81,214.45,194.53,213.35,
4/30/28,209.33,216.93,207.94,211.63,
5/31/28,213.48,220.88,211.73,219.81,
6/30/28,220.27,220.96,201.96,210.55,
7/31/28,208.21,216.62,205.1,216,
8/31/28,216.78,240.41,214.08,240.41,
9/30/28,240.38,241.72,236.86,239.43,
10/31/28,238.2,260.4,233.6,252.2,
11/30/28,252.2,299.4,251.6,293.4,
12/31/28,293.4,301.6,254.4,300,
1/31/29,300.3,320,292.9,317.5,
2/28/29,317.5,324.5,293.4,317.4,
3/31/29,317.8,324.4,281.5,308.9,
4/30/29,304.2,321.1,294.1,319.3,
5/31/29,319.3,331,290,297.4,
6/30/29,297.4,335.3,296.5,333.8,
7/31/29,333.8,350.3,332.2,347.7,
8/31/29,347.7,384,336.1,380.3,
9/30/29,380.3,386.1,341,343.5,
10/31/29,343.5,358.8,212.3,273.5,
11/30/29,269.8,269.8,195.4,239,
12/31/29,239,267.6,226.4,248.5,
1/31/30,248.5,268.7,241.8,267.1,
2/28/30,267.1,275,259.8,271.1,15931940
3/31/30,271.1,289.1,268.9,286.1,23552934
4/30/30,286.1,297.3,272.2,279.2,26980152
5/31/30,279.2,282,249.8,275.1,19090377
6/30/30,275.1,276.9,207.7,226.3,19557293
7/31/30,226.3,243.7,214.6,234,11561056
8/31/30,234,241.4,214.5,240.4,9844062
9/30/30,240.4,247.2,202,204.9,12860751
10/31/30,205.9,216.9,181.5,183.4,16238436
11/30/30,183.4,191.3,168.3,183.39,14094314
12/31/30,183.4,188,154.5,164.6,14279729
1/31/31,164.6,175.7,160.1,167.6,10658020
2/28/31,167.6,197,165.6,189.7,15844781
3/31/31,189.7,191.9,170.6,172.4,15868871
4/30/31,172.4,174.7,141.8,151.2,13345442
5/31/31,151.2,156.2,127.3,128.5,11714435
6/30/31,128.4,157.9,119.9,150.2,14402256
7/31/31,150.2,156.7,133.7,135.4,8238494
8/31/31,135.4,146.4,132.6,139.4,6261201
9/30/31,139.4,140.5,95.8,96.6,12261203
10/31/31,96.6,110.5,85.5,105.4,12360091
11/30/31,105.4,119.2,89.3,93.9,8810888
12/31/31,93.4,93.4,71.8,77.9,11926014
1/31/32,77.9,87.8,69.9,76.2,8653085
2/29/32,76.3,89.8,70.6,81.4,7502165
3/31/32,81.4,89.9,72.5,73.3,7826077
4/30/32,73.3,74.4,55.3,56.1,7991729
5/31/32,56.1,60,44.3,44.7,5598496
6/30/32,44.7,51.4,42.3,42.8,5555999
7/31/32,42.8,54.7,40.6,54.3,5741052
8/31/32,54.3,77,52.4,73.2,19920449
9/30/32,73.2,81.4,64.3,71.6,16891941
10/31/32,71.6,72.6,57.7,61.9,7415460
11/30/32,61.6,68.9,55.9,56.4,5669776
12/31/32,56.4,62.9,55,59.9,5847338
1/31/33,59.9,65.3,58.9,60.9,4560000
2/28/33,60.9,60.9,49.7,51.4,4703061
3/31/33,51.4,64.6,50.3,55.4,4998947
4/30/33,55.4,78.2,55,77.7,12482255
5/31/33,77.7,91.3,75.6,88.1,24918047
6/30/33,88.1,100.5,86.5,98.1,31052753
7/31/33,99.2,110.5,84.5,90.8,29815938
8/31/33,90.8,105.6,89.6,102.4,9572935
9/30/33,102.4,107.7,92.4,94.8,10840601
10/31/33,94.8,100.6,82.2,88.2,9791729
11/30/33,88.2,101.9,86.8,98.1,8526859
12/31/33,98.4,104,93.7,99.9,8704332
1/31/34,99.9,110.1,96.3,107.2,13216548
2/28/34,107.9,111.9,102.2,103.5,14131777
3/31/34,103.5,106.4,97.4,101.9,7395885
4/30/34,101.9,107,100.3,100.5,7327669
5/31/34,100.5,101.4,89.1,94,6187218
6/30/34,93.7,101.1,90.9,95.7,4072870
7/31/34,95.7,99.4,84.6,88.1,5231908
8/31/34,88.6,96,86.3,92.9,4121958
9/30/34,92.9,94.1,85.7,92.6,3252994
10/31/34,92.2,96.4,89.8,93.4,3917413
11/30/34,93.4,103.5,92.8,102.9,4992219
12/31/34,102.9,104.5,98.9,104,5898587
1/31/35,104,106.7,99.5,101.7,4752360
2/28/35,101.7,108.3,100,102.4,3474459
3/31/35,102.4,103.7,96,100.8,4049775
4/30/35,100.8,111.5,99.8,109.5,5296060
5/31/35,109.5,117.6,107.8,110.6,7463457
6/30/35,110.2,121.3,108.6,118.2,5648841
7/31/35,118.2,127,117.8,126.2,7196572
8/31/35,126.2,130,124.3,127.9,10607821
9/30/35,127.9,135.3,126.4,131.9,8554380
10/31/35,131.9,142.1,127,139.7,11246165
11/30/35,140.1,149.4,140,142.4,14493421
12/31/35,142.4,145.1,138.3,144.1,11078796
1/31/36,144.1,150,141.6,149.5,16200270
2/29/36,149.5,155.7,148.3,152.2,14949654
3/31/36,152.2,159.9,149.7,156.3,12529174
4/30/36,157,163.1,141.5,145.7,9636361
5/31/36,145.7,153.6,144.2,152.6,5345862
6/30/36,152.6,161.2,148.5,157.7,5382405
7/31/36,157.7,168.2,154.9,164.9,8233535
8/31/36,164.9,170.2,160.5,166.3,6766918
9/30/36,166.3,170.7,164.8,167.8,7362584
10/31/36,167.8,178.4,167.5,177.2,10827429
11/30/36,177.2,186.4,175.4,183.2,12472169
12/31/36,183.2,183.6,175.3,179.9,11646768
1/31/37,179.9,187.8,177,185.7,14823610
2/28/37,185.7,191.4,184.9,187.3,12388604
3/31/37,187.3,195.6,179.3,186.4,12433623
4/30/37,186.4,186.6,168.8,174.3,8473082
5/31/37,174.3,176.9,166.2,174.7,4855940
6/30/37,172.7,175.7,163.3,169.3,4053386
7/31/37,169.3,185.9,169.1,185.6,5193836
8/31/37,185.6,190.4,175.1,177.4,4263157
9/30/37,176.1,176.1,146.2,154.6,7940481
10/31/37,154.6,155.1,115.8,138.2,12979304
11/30/37,137,137,112.5,123.5,7050551
12/31/37,123.5,131.2,117.7,120.9,6794436
1/31/38,120.9,135,118.9,121.9,5871878
2/28/38,122.7,132.9,117.1,129.6,3547400
3/31/38,129.6,131,97.5,99,5350826
4/30/38,101,121.5,101,111.3,3953415
5/31/38,110.6,120.3,106.4,107.7,3424961
6/30/38,107.7,138.2,107.6,133.9,5801053
7/31/38,133.9,146.3,133.5,141.3,9946195
8/31/38,141,146.3,135.4,139.3,5023758
9/30/38,139.3,143.4,127.9,141.5,5658948
10/31/38,141.6,155.4,141.6,151.7,10155973
11/30/38,151.7,158.9,145.2,149.8,6951067
12/31/38,149.8,155.1,146.4,154.8,6938886
1/31/39,154.8,155.5,136.1,143.8,6166934
2/28/39,143.5,148.2,141.9,147.3,3279825
3/31/39,147.3,152.7,131.4,131.8,5794736
4/30/39,131.8,135.6,120,128.5,4644813
5/31/39,128.5,139.2,127.5,138.2,3193536
6/30/39,137.4,140.8,129,130.6,2984933
7/31/39,130.6,145.7,130.5,143.3,4607278
8/31/39,143.3,145.8,128.6,134.4,4280752
9/30/39,134.4,157.8,127.5,152.5,13998767
10/31/39,152.4,156,148.7,151.9,5896332
11/30/39,151.9,153.5,144.9,145.7,4444239
12/31/39,145.7,150.8,145.5,150.2,4486466
1/31/40,150.5,153.3,143.1,145.3,3932120
2/29/40,145.3,150,144.7,146.5,3303177
3/31/40,146.5,149.5,145.1,148,3981114
4/30/40,148,152.1,145.9,148.4,6568423
5/31/40,148.1,148.7,110.5,116.2,9588272
6/30/40,116.2,125.3,110.4,121.9,4072964
7/31/40,121.8,127.2,120.1,126.1,1823189
8/31/40,126.1,129.6,120.9,129.4,1891578
9/30/40,129.4,135.5,127.2,132.6,2992693
10/31/40,133,135.9,129.5,134.6,3478650
11/30/40,134.6,138.8,129.1,131,5236737
12/31/40,131,133,127.8,131.1,4339037
1/31/41,131.1,134.3,123.9,124.1,3301913
2/28/41,124,125.3,117.4,122,2162163
3/31/41,122,124.4,120,122.7,2519549
4/30/41,122.9,125.3,115.3,115.5,2781744
5/31/41,115.5,118.5,114.8,115.8,2424723
6/30/41,115.8,125.1,115.5,123.1,2651278
7/31/41,123.1,131.1,122.5,128.8,4435669
8/31/41,128.7,128.7,124.7,127.7,2780750
9/30/41,127.8,130,125.3,126.8,3397623
10/31/41,126.8,127.2,117.4,117.8,3226828
11/30/41,117.8,120.3,114,114.2,3834002
12/31/41,114.2,117.5,105.5,111,8788333
1/31/42,111,115,108.3,109.1,3488100
2/28/42,109.1,111,104.7,106.8,1951217
3/31/42,106.5,107.2,98.3,99.5,2099098
4/30/42,99.5,102.8,92.7,95.4,1860630
5/31/42,95.4,101.5,95.1,100.9,1779700
6/30/42,101,106.6,100.9,103.3,1850076
7/31/42,103.3,109.5,102.3,105.7,2064812
8/31/42,105.7,107.9,104.5,106.3,1875338
9/30/42,106.3,110,105.6,109.1,2350375
10/31/42,109.2,116,109.2,114.1,3926978
11/30/42,114.1,118.2,113.5,114.5,3322899
12/31/42,114.5,120.2,114.1,119.4,4716093
1/31/43,119.5,125.8,118.8,125.6,4553321
2/28/43,125.6,130.4,124.7,130.1,5945954
3/31/43,130.1,137.2,127.9,136.6,8988269
4/30/43,136.6,137.5,129.8,135.5,8326557
5/31/43,135.5,142.2,135.4,142.1,8713983
6/30/43,142.1,143.7,138.1,143.4,5724994
7/31/43,143.4,146.4,135.5,136,6602884
8/31/43,136,138.8,133.9,136.6,3540905
9/30/43,136.7,142.5,136.4,140.1,3619038
10/31/43,140.1,140.6,135.9,138.3,3516724
11/30/43,138.3,139,128.9,129.6,4585840
12/31/43,129.8,136.7,129.8,135.9,4667368
1/31/44,135.9,138.9,135.5,137.4,4291578
2/29/44,137.4,137.7,134.1,136.3,4182587
3/31/44,136.3,141.4,135.9,138.8,6753383
4/30/44,138.8,139.5,134.8,136.2,3606497
5/31/44,136.2,142.4,136.2,142.2,4219399
6/30/44,142.2,149.2,140.9,148.4,9179548
7/31/44,148.4,150.9,145.3,146.1,7308633
8/31/44,146.1,149.3,144.5,147,4913231
9/30/44,147,147.5,142.5,146.7,3951880
10/31/44,146.7,149.2,145.3,146.5,4340209
11/30/44,146.5,148.4,145.2,147.3,4357893
12/31/44,147.3,153,146.8,152.3,7518228
1/31/45,152.3,156.7,150.5,153.7,9598143
2/28/45,153.7,160.9,153.2,160.4,8194394
3/31/45,160.4,162.2,151.7,154.4,6979761
4/30/45,154.5,165.7,154.5,165.4,6838647
5/31/45,165.4,169.5,162.6,168.3,7749023
6/30/45,168.3,169.6,163.8,165.3,10253683
7/31/45,165.4,167.8,160,162.9,4509024
8/31/45,162.9,174.5,161.1,174.3,4887970
9/30/45,174.3,181.9,173.2,181.7,6189023
10/31/45,181.9,187.6,181.9,186.6,8415342
11/30/45,187,193,185.8,191.5,9950377
12/31/45,191.5,196.6,187.5,192.9,8538678
1/31/46,192.7,206.6,189.8,204.7,12394231
2/28/46,204.7,207.5,184.1,190.1,8193653
3/31/46,190.1,201.9,186.8,199.8,6561655
4/30/46,199.8,209.4,198.5,206.8,7762916
5/31/46,206.6,213.4,199.3,212.3,7232030
6/30/46,212.3,212.5,199,205.6,4899249
7/31/46,205.8,208.6,194.3,201.6,4646617
8/31/46,201.6,205,187.3,189.2,4696241
9/30/46,188.2,188.2,164.1,172.4,9807519
10/31/46,172.4,177.1,160.5,169.2,7402107
11/30/46,169.5,175.8,162.3,169.8,6167459
12/31/46,169.1,178.6,166.2,177.2,7290677
1/31/47,177.2,181.3,170.1,180.4,5723279
2/28/47,180.4,185,176.3,178.9,5735099
3/31/47,178.9,182.5,171.9,177.2,4879848
4/30/47,177.2,178.3,165.4,170.6,5061655
5/31/47,170.6,175.1,161.4,169.3,5091429
6/30/47,168.7,178.1,167.4,177.3,3942856
7/31/47,177.5,187.7,177.5,183.2,5742856
8/31/47,183.2,184.4,176.5,178.9,3196239
9/30/47,178.9,180.6,174,177.5,3615789
10/31/47,177.5,186.2,176.9,181.8,7176538
11/30/47,182,184,178.9,179.4,4359446
12/31/47,179.4,181.8,175.2,181.2,6747968
1/31/48,181.2,181.7,170.7,175.1,5105415
2/29/48,174.92,176.1,164.1,167.3,5415209
3/31/48,167.5,177.6,165,177.2,5468660
4/30/48,177.2,184.5,176,180.5,8549776
5/31/48,180.5,192.3,179.5,190.7,10300149
6/30/48,190.7,194.5,186.6,189.5,6978945
7/31/48,189.5,192.4,179.6,181.3,5548874
8/31/48,181.3,184.5,177.4,181.7,3394737
9/30/48,181.7,185.6,175.8,178.3,4163909
10/31/48,178.3,190.9,178.2,188.6,5198345
11/30/48,188.6,190.5,170.4,171.2,7221276
12/31/48,171.7,179.2,171.7,177.3,6742104
1/31/49,177,182.5,174.4,179.1,4744509
2/28/49,179.1,180.9,170.6,173.1,4066196
3/31/49,173.4,179.2,172.6,177.1,5152332
4/30/49,177,177.8,172.3,174.2,5020151
5/31/49,174.2,177.2,168.1,168.4,4470225
6/30/49,168.4,169,160.6,167.4,4012781
7/31/49,167.4,177,166.9,175.9,4236091
8/31/49,175.9,182.7,175.7,178.7,4917293
9/30/49,178.7,184.1,177.6,182.5,5379697
10/31/49,182.2,191.4,180.9,189.5,7530225
11/30/49,189.5,194.4,187,191.6,6925714
12/31/49,191.6,200.9,191.1,200.1,9616241
1/31/50,200.1,202.9,193.9,201.8,10420602
2/28/50,201.8,205.4,200.6,203.4,8358082
3/31/50,203.4,211.2,201.1,206.1,9806165
4/30/50,206.1,216.3,205.7,214.3,12083005
5/31/50,214.3,224.2,214.1,223.4,11311579
6/30/50,223.4,229.2,206,209.1,10299247
7/31/50,209.1,212.2,195.4,209.4,10053383
8/31/50,209.6,222.2,209.6,216.9,8774437
9/30/50,217.1,228.2,217.1,226.4,8704510
10/31/50,228.94,232.8,223.6,225,15163702
11/30/50,225,236.6,220.6,227.6,10521833
12/31/50,227.6,236.5,221.3,235.4,14685565
1/31/51,235.4,250.6,234.9,248.8,17509807
2/28/51,248.8,257.1,247,252.1,10396671
3/31/51,252.1,254.4,242.1,247.9,9090766
4/30/51,247.8,260.8,245,259.1,8513233
5/31/51,259.1,264.4,241.9,249.7,9706465
6/30/51,249.7,255.2,240.7,242.6,8169927
7/31/51,242.6,262.2,241.1,257.9,6313535
8/31/51,257.9,271.6,256.8,270.3,7585714
9/30/51,270.3,277.5,269.1,271.2,8215035
10/31/51,271.2,277.3,256.4,262.4,10496573
11/30/51,262.4,265.8,254.9,261.3,6503191
12/31/51,261.6,270,261.6,269.2,7736031
1/31/52,269.2,276.3,266.3,270.7,9150695
2/29/52,270.7,272.9,257.4,260.1,6996561
3/31/52,260.1,270.4,259,269.5,7375487
4/30/52,269.5,269.8,257,257.6,7322527
5/31/52,257.4,265.2,254.7,262.9,6028871
6/30/52,262.9,275,260.8,274.3,5758647
7/31/52,274.3,280.3,271.7,279.6,5436091
8/31/52,279.6,281.5,272.3,275,4712030
9/30/52,275.1,278.2,267.1,270.6,5436090
10/31/52,270.6,272.4,262,269.2,5851129
11/30/52,269.2,284.7,268.8,283.7,6814285
12/31/52,283.7,293.5,280.7,291.9,9130826
1/31/53,291.9,295.1,284.3,289.8,7682707
2/28/53,289.8,290.9,279.7,284.3,6805262
3/31/53,284.3,292,277.6,279.9,9588721
4/30/53,279.9,281.8,269.3,274.8,7752633
5/31/53,274.8,280,270.7,272.3,5803760
6/30/53,272.3,272.6,260.8,268.3,5882707
7/31/53,268.3,275.9,267,275.4,5016542
8/31/53,275.4,278.3,260.8,261.2,5388721
9/30/53,261.2,266.6,254.4,264,6124058
10/31/53,264,277,262.5,275.8,5799248
11/30/53,275.8,282.5,273,281.4,6009023
12/31/53,281.4,285.2,275.9,280.9,8154134
1/31/54,280.9,294.6,278.9,292.4,7538347
2/28/54,292.4,295.4,287.4,294.5,7502256
3/31/54,294.5,305.2,294.2,303.5,9936089
4/30/54,303.5,321.7,301.7,319.3,10277593
5/31/54,319.3,328.9,316.5,327.5,9451128
6/30/54,327.5,338.8,315.7,333.5,9525564
7/31/54,333.5,349.2,330.7,347.9,11693233
8/31/54,347.9,352.3,333.2,335.8,12834587
9/30/54,335.8,366,335,360.5,9297746
10/31/54,360.5,366.4,350.7,352.1,9963156
11/30/54,352.1,391.2,350.2,386.8,14212783
12/31/54,386.8,407.2,381.8,404.4,17251127
1/31/55,404.4,412.5,385.7,408.8,16838346
2/28/55,408.8,416.6,403.5,411.9,13716541
3/31/55,411.9,421.8,387.5,409.7,14837592
4/30/55,409.8,432.8,409.8,425.7,12133084
5/31/55,425.7,428.3,412.6,424.9,10774734
6/30/55,424.9,453.5,422.5,451.4,13109773
7/31/55,451.4,471.7,449.5,465.9,10933086
8/31/55,465.9,469.5,445.7,468.2,9428571
9/30/55,468.2,489.9,446.7,466.6,13551881
10/31/55,465.4,465.4,433.2,454.9,9507518
11/30/55,454.9,490.8,452.1,483.3,10457142
12/31/55,483.3,490.6,478.3,488.4,11501501
1/31/56,488.4,490.9,458.2,470.7,10637595
2/29/56,470.7,491.1,463.9,483.7,10459400
3/31/56,483.7,515.9,483.6,511.8,13603757
4/30/56,511.8,524.4,501,516.1,12203007
5/31/56,516.1,519.8,463.9,478.1,12002256
6/30/56,478.1,494.8,468,492.8,8386465
7/31/56,492.8,520,488.4,517.8,10296992
8/31/56,517.8,523.3,492.2,502,10026316
9/30/56,502,512.7,474.2,475.3,8395488
10/31/56,475.3,494.1,463.8,479.9,9090226
11/30/56,480.2,500.5,460.4,472.8,9823308
12/31/56,474.3,501.6,474.3,499.5,10450374
1/31/57,499.5,502.6,471.1,479.2,10858647
2/28/57,479.2,479.8,453.1,464.6,8465414
3/31/57,464.6,477.6,463.7,474.8,8034586
4/30/57,474.8,497.2,473.1,494.4,10892481
5/31/57,494.4,508.9,492.3,504.9,11855640
6/30/57,504.9,516.8,492.9,503.3,9805264
7/31/57,503.3,523.1,500.8,508.5,10878949
8/31/57,508.5,510,469,484.4,9336088
9/30/57,484.4,487.6,452.2,456.3,8321053
10/31/57,456.3,468.2,416.2,441,14427067
11/30/57,438.8,452.5,425.5,449.9,10872179
12/31/57,449.9,452.2,423.9,435.7,12279700
1/31/58,435.7,453.6,434.4,450,11239850
2/28/58,450,459.8,434,439.9,9065413
3/31/58,439.9,457.3,439.2,446.8,10529323
4/30/58,446.8,458.3,437.3,455.9,11339098
5/31/58,455.9,465.3,453.8,462.7,12203008
6/30/58,462.7,482.1,462.7,478.2,12769174
7/31/58,478.2,508.4,472.1,503,15660900
8/31/58,503,514.4,499.8,508.6,14052631
9/30/58,508.6,535,508.4,532.1,16227066
10/31/58,532.1,549.7,527.7,543.2,21433085
11/30/58,543.2,572.1,538.4,557.5,16770675
12/31/58,557.5,587.4,553.7,583.7,17129322
1/31/59,583.7,601.7,580.5,594,18775940
2/28/59,594,607.6,571.7,603.5,14839850
3/31/59,603.5,618.8,599.2,601.7,18593233
4/30/59,601.7,635.3,599.7,623.8,17106766
5/31/59,623.8,647.2,611.7,643.8,16003761
6/30/59,643.8,648.7,613.1,643.6,14506014
7/31/59,643.6,678.7,643.6,674.9,15992483
8/31/59,674.9,683.9,639.3,664.4,11515039
9/30/59,664.4,665,613.3,631.7,12969926
10/31/59,631.7,649.4,624.6,646.6,13833835
11/30/59,646.6,661.2,631,659.2,14548871
12/31/59,660,682.7,658.5,679.4,16287967
1/31/60,679.4,688.2,619.5,622.6,14418046
2/29/60,622.6,640.3,603.3,630.1,13646617
3/31/60,630.1,632.7,596.2,616.6,14821805
4/30/60,616.6,637.2,598.4,601.7,12924811
5/31/60,601.7,631.4,596.6,625.5,15516543
6/30/60,625.5,663.6,620.6,640.6,17251127
7/31/60,640.6,650.1,597.3,616.7,12148872
8/31/60,616.7,645.3,600.3,626,14736093
9/30/60,626,631,565.5,580.1,13723308
10/31/60,580.1,600,564.2,580.4,12263909
11/30/60,580.4,614.1,579.4,597.2,13987218
12/31/60,597.2,621.3,589.8,615.9,17442856
1/31/61,615.9,655.2,606.1,648.2,20077444
2/28/61,648.2,667,632.8,662.1,20916543
3/31/61,662.1,685.3,656.4,676.6,25951130
4/30/61,676.6,700.8,671.6,678.7,22953381
5/31/61,678.7,714.7,673,696.7,21866165
6/30/61,696.7,708.9,673.5,684,16486466
7/31/61,684,709.8,674.8,705.4,13723309
8/31/61,705.4,730.2,702.2,719.9,18381203
9/30/61,719.9,733.5,688.9,701.2,14395489
10/31/61,701.2,714.1,693.1,703.9,16461656
11/30/61,703.9,741.3,700.1,721.6,19797745
12/31/61,721.6,739.9,714.6,731.1,18581955
1/31/62,731.1,734.4,686.9,700,18223306
2/28/62,700,721.4,696.1,708.1,14916540
3/31/62,708.1,727.1,703.3,707,15437595
4/30/62,707,709.7,661.5,665.3,14715787
5/31/62,665.3,679.2,553.8,613.4,25044362
6/30/62,613.4,616.5,524.6,561.3,22592482
7/31/62,561.3,601.2,557.3,597.9,16727821
8/31/62,597.6,622,582.1,609.2,18135340
9/30/62,609.2,612.4,572.2,579,14185715
10/31/62,579,594.8,549.7,589.8,17749624
11/30/62,589.8,656,582.7,649.3,21658647
12/31/62,649.3,658.8,636.9,652.1,18241352
1/31/63,652.1,686.9,643.6,682.9,23000752
2/28/63,682.9,694.3,661.3,662.9,17846616
3/31/63,662.9,687.4,656.7,682.5,16863158
4/30/63,682.5,721.9,680.6,717.7,23975191
5/31/63,717.7,730.4,708.2,727,23699997
6/30/63,727,733,702.4,706.9,20431581
7/31/63,706.9,719,684.4,695.4,17212782
8/31/63,695.4,731.7,691.2,729.3,20672930
9/30/63,729.3,753,728.6,732.8,24049622
10/31/63,732.8,767.2,732.5,755.2,27599999
11/30/63,755.2,759.6,710.8,750.5,21200753
12/31/63,750.5,773.1,746.8,763,22254135
1/31/64,763,791.6,760.3,785.3,26305263
2/29/64,785.3,803.5,778,800.1,19874436
3/31/64,800.1,824.7,798.1,813.3,25660150
4/30/64,813.3,831.6,807.2,810.8,27854887
5/31/64,810.8,836.1,808.6,820.6,22364661
6/30/64,820.6,835.9,796.9,831.5,21687969
7/31/64,831.5,855.2,829.3,841.1,23140603
8/31/64,841.1,847.2,820.8,838.5,18559399
9/30/64,838.5,880.2,836.6,875.4,24760150
10/31/64,875.4,886.3,861.4,873.1,24033833
11/30/64,873.1,897,866.8,875.4,21121805
12/31/64,875.4,881.4,850.2,874.1,23460903
1/31/65,874.1,907.8,865.1,902.9,24615790
2/28/65,902.9,911.8,877.5,903.5,25326318
3/31/65,903.5,907.9,884.7,889.1,28157142
4/30/65,889.1,925.4,886.8,922.3,26869175
5/31/65,922.3,944.8,904.8,918,24854888
6/30/65,918,921.9,832.7,868,28908273
7/31/65,868,890,857.7,881.7,19206766
8/31/65,881.7,901.9,874.8,893.1,24602257
9/30/65,893.1,945,887,930.6,35003005
10/31/65,930.6,967.5,923.2,960.8,37012780
11/30/65,960.8,970,937.2,946.7,33182708
12/31/65,946.7,976.6,924.4,969.3,43093986
1/31/66,969.3,1000.6,961.9,983.5,41257894
2/28/66,983.5,1001.1,946.1,951.9,37396240
3/31/66,951.9,955.2,905.4,924.8,43163908
4/30/66,924.8,961.9,921.8,933.7,41990978
5/31/66,933.7,939.6,859.1,884.1,38636842
6/30/66,884.1,910.4,858.9,870.1,31680452
7/31/66,870.1,901.2,843.8,847.4,27024812
8/31/66,846.6,860.6,759.5,788.4,36638347
9/30/66,788.4,822.9,763.4,774.2,27074433
10/31/66,774.2,816.6,735.7,807.1,32979700
11/30/66,807.1,827.3,784.8,791.6,32882708
12/31/66,791.6,827.2,779.3,785.7,37233834
1/31/67,785.7,857,776.2,849.9,46784212
2/28/67,849.9,871.7,828,839.4,41266919
3/31/67,839.4,883.4,835.3,866,50670678
4/30/67,866,903.7,839,897.1,42327067
5/31/67,897.1,915.9,850.4,852.6,49267670
6/30/67,852.6,892.8,836.9,860.3,47952630
7/31/67,860.3,918.7,853.2,904.2,48886464
8/31/67,904.2,933.1,887.8,901.3,46872179
9/30/67,901.3,951.6,894.2,926.7,46231579
10/31/67,926.7,940.4,876.2,879.7,50702258
11/30/67,879.7,894.9,839.4,875.8,47690978
12/31/67,875.8,910.4,868.8,905.1,51757895
1/31/68,905.1,921.9,850.5,855.5,59271429
2/29/68,855.5,871.3,826.5,840.5,39333835
3/31/68,840.5,854.3,817.6,840.7,43445864
4/30/68,849.2,918.1,849.2,912.2,66636089
5/31/68,912.2,935.7,885.5,899,65860152
6/30/68,899,924.9,891.5,897.8,58035337
7/31/68,897.8,933.8,877,883,54687971
8/31/68,883,902.4,863.3,896,43752632
9/30/68,896,945.9,892.6,935.8,51496241
10/31/68,935.8,974.3,932.9,952.4,61398496
11/30/68,952.4,989.6,936.5,985.1,56808271
12/31/68,985.1,994.7,936.7,943.8,60333836
1/31/69,943.8,960.2,915.5,946.1,60135337
2/28/69,946.1,959.2,895.4,905.2,46802257
3/31/69,905.2,941.4,895.8,935.5,44912030
4/30/69,935.5,956.3,908.8,950.2,53442859
5/31/69,950.2,974.9,928.6,937.6,57875187
6/30/69,937.6,938.7,862.5,873.2,53036840
7/31/69,873.2,893.9,788.1,815.5,51484962
8/31/69,815.6,843.7,800.6,836.7,45491729
9/30/69,836.7,846,804.5,813.1,49432331
10/31/69,813.1,868,794,856,69949622
11/30/69,856,871.8,800.4,812.3,48180452
12/31/69,812.3,816.4,764.5,800.4,61432330
1/31/70,800.4,819.2,739.1,744.1,49869922
2/28/70,744.1,784.2,738.8,777.6,51514289
3/31/70,777.6,803.3,758,785.6,48018046
4/30/70,785.6,798.8,716.7,736.1,50327819
5/31/70,736.1,740.8,627.5,700.4,58245113
6/30/70,700.4,728.2,674.9,683.5,51072182
7/31/70,683.5,743.4,665.3,734.1,51369922
8/31/70,734.1,772,702.8,764.6,49328572
9/30/70,764.6,778.3,741.5,760.7,68411281
10/31/70,760.7,791.1,746.7,755.6,58955638
11/30/70,755.6,797.5,749.5,794.1,51945112
12/31/70,794.1,848.2,787.5,838.9,75618045
1/31/71,838.9,873.8,826.5,868.5,78606767
2/28/71,868.5,898.1,862,878.8,83727065
3/31/71,878.8,922.3,873.2,904.4,87942855
4/30/71,904.4,958.1,897.5,941.8,90581955
5/31/71,941.8,948.9,898.6,907.8,69329323
6/30/71,907.8,929.6,866.3,891.1,68478947
7/31/71,891.1,908.8,854.4,858.4,59828572
8/31/71,858.4,917.8,834.9,898.1,72297746
9/30/71,898.1,925.7,877.5,887.2,57004509
10/31/71,887.2,910.6,827.8,839,63175938
11/30/71,839,855.2,790.7,831.3,62348122
12/31/71,831.3,902.5,831.1,890.2,85190979
1/31/72,890.2,924,882.8,902.2,85599248
2/29/72,902.2,933.3,894.3,928.1,84870677
3/31/72,928.1,957,924.1,940.7,91048873
4/30/72,940.7,977.7,933.6,954.2,83005263
5/31/72,954.2,979.5,917.4,960.7,75755634
6/30/72,960.7,967.7,917.8,929,70942106
7/31/72,929,955.5,900.1,924.7,65165414
8/31/72,924.7,980.4,922,963.7,80510524
9/30/72,963.7,977.4,927.2,953.3,55531579
10/31/72,953.3,964.1,917.1,955.5,71571429
11/30/72,955.5,1029.7,955.3,1018.2,91481954
12/31/72,1018.2,1042.4,996.1,1020,77758647
1/31/73,1022.9,1067.2,988.1,999,88815788
2/28/73,999,1019.9,938.8,955.1,71772181
3/31/73,955.1,985.3,911.1,951,77458646
4/30/73,951,975.3,907.5,921.4,62704513
5/31/73,921.4,965.2,875.5,901.4,76073685
6/30/73,901.4,935.6,864.5,891.7,60609020
7/31/73,890.2,944.1,863.9,926.4,69424061
8/31/73,924.4,924.4,845.5,887.6,61908269
9/30/73,887.6,964.6,873.3,947.1,74226314
10/31/73,947.1,997.6,937.7,956.6,95390979
11/30/73,956.6,963.8,810.4,822.3,90203006
12/31/73,820.5,861.1,783.6,850.9,86702258
1/31/74,850.9,890.4,816.6,855.6,81913535
2/28/74,855.6,871.4,795.7,860.5,57927068
3/31/74,860.5,904,841.8,846.7,69834586
4/30/74,846.7,875.9,818.7,836.8,57354135
5/31/74,836.8,870.4,788.8,802.2,62063907
6/30/74,802.2,865.5,796.5,802.4,55339850
7/31/74,802.4,812,753.1,757.4,61824812
8/31/74,757.4,803.4,651.6,678.6,63180451
9/30/74,678.6,686.5,598.8,607.9,63169172
10/31/74,607.9,689.3,573.2,665.5,85060152
11/30/74,665.5,692.8,599.8,618.7,64689473
12/31/74,616.1,619.8,570,616.2,71086468
1/31/75,619.1,717.3,619.1,703.7,97567672
2/28/75,703.7,757.4,695.2,739.1,95557894
3/31/75,739.1,796.9,731.5,768.2,102318047
4/30/75,768.2,835.2,736.6,821.3,101808271
5/31/75,821.3,868.6,808,832.3,103193234
6/30/75,835.7,884.6,811.2,879,100827067
7/31/75,879,888.9,819.2,831.5,99627067
8/31/75,831.5,844,785.8,835.3,63489473
9/30/75,835.3,849,789.7,793.9,62057143
10/31/75,793.9,859.6,780.5,836,82452633
11/30/75,836,865.8,821.1,860.7,71912031
12/31/75,860.7,866.1,812.8,852.4,78715037
1/31/76,852.4,986,848.6,975.3,143420299
2/29/76,975.3,1002.8,946.2,972.6,134465414
3/31/76,972.6,1018,964.2,999.5,119458647
4/30/76,999.5,1017.7,963,996.9,88479698
5/31/76,995.8,1015.8,955.8,975.2,80280452
6/30/76,975.2,1012.9,951.7,1002.8,94112031
7/31/76,1002.8,1017.9,974.2,984.6,88818046
8/31/76,984.6,1004.7,954.1,973.7,78198496
9/30/76,973.7,1026.3,971.2,990.2,93552630
10/31/76,990.2,995.6,928.3,964.9,81516540
11/30/76,964.9,972,917.9,947.2,85944362
12/31/76,947.2,1006.8,942.2,1004.7,120575190
1/31/77,1004.7,1007.8,944.9,954.4,113147368
2/28/77,954.4,963.8,926,936.4,89873684
3/31/77,936.4,971.6,914.2,919.1,98050377
4/30/77,919.6,956.1,909.7,926.9,90915789
5/31/77,926.9,949.5,892.6,898.7,96049625
6/30/77,898.7,934.4,896.5,916.3,109432330
7/31/77,916.3,927.8,878.8,890.1,102063159
8/31/77,890.1,900,844.4,861.5,97815788
9/30/77,861.5,879.8,830.3,847.1,86542105
10/31/77,847.1,855.6,792.8,818.4,93263913
11/30/77,816,850.1,794.5,829.7,111581956
12/31/77,829.7,835.2,800.4,831.2,101722556
1/31/78,830.5,830.5,759.4,769.9,96572931
2/28/78,769.9,787.4,739.2,742.1,83142856
3/31/78,742.1,777.8,736.8,757.4,112236092
4/30/78,756.7,846.2,747.1,837.3,156902257
5/31/78,837.3,865.6,813.8,840.6,174981203
6/30/78,840.6,879.3,808,819,150290977
7/31/78,819,866.3,800.9,862.3,122140603
8/31/78,862.3,911.2,855.3,876.8,195101505
9/30/78,876.8,917.2,850.9,865.8,151644360
10/31/78,865.8,909.4,782.1,792.5,153911276
11/30/78,805.5,831.7,779.1,799,116077443
12/31/78,802,829.9,781,805,111076692
1/31/79,805,865,798.5,839.2,138886467
2/28/79,839.2,844,802.2,808.8,107303007
3/31/79,808.8,877,807.3,862.2,146571426
4/30/79,859.9,884.6,847.3,854.9,139996242
5/31/79,854.9,863.2,815.1,822.3,140693231
6/30/79,822.3,853.1,817.7,842,172218497
7/31/79,840.6,857,818,846.4,153550376
8/31/79,846.4,893.6,839.1,887.6,186101504
9/30/79,887.6,902.1,857.9,878.6,161039098
10/31/79,877.7,904.9,796,815.7,193518045
11/30/79,815.7,838.6,792.2,822.4,147439849
12/31/79,822.4,851.5,814.8,838.7,160197743
1/31/80,838.7,897.9,809,875.9,261257143
2/29/80,875.9,918.2,847.3,863.1,215758645
3/31/80,863.1,868.7,730,785.8,197695489
4/30/80,785.8,818.5,751.4,817.1,152061655
5/31/80,817.1,866.1,795.8,850.9,172538346
6/30/80,850.9,896.3,840.7,867.9,187141354
7/31/80,867.9,946.9,862.6,935.3,230474437
8/31/80,935.3,972.4,918.5,932.6,217818045
9/30/80,932.6,980.7,918,932.4,238581201
10/31/80,932.4,987.3,911.6,924.5,232734585
11/30/80,924.5,1009.4,924.5,993.3,222881957
12/31/80,991.1,991.1,894.5,964,231349626
1/31/81,964,1013.1,930.9,947.3,215530828
2/28/81,947.1,980.9,923.9,974.6,184130077
3/31/81,974.6,1021.8,955.7,1003.9,264931577
4/30/81,1003.9,1031,981.8,997.8,253414288
5/31/81,997.8,1005.2,956.7,991.8,204232332
6/30/81,991.8,1023,972.7,976.9,248339097
7/31/81,976.9,979,918.7,952.3,215181205
8/31/81,952.3,961.5,879.1,881.5,207642857
9/30/81,881.5,892.4,807.5,850,216347367
10/31/81,850,885.8,823.6,852.6,225013534
11/30/81,856,892.8,834.6,889,222839096
12/31/81,889,898.5,862.8,875,216421804
1/31/82,875,887.4,832.6,871.1,218422556
2/28/82,866.3,866.3,802.2,824.4,219290977
3/31/82,824.4,840.7,786.2,822.8,286170676
4/30/82,822.8,871.2,820.5,848.4,256351128
5/31/82,848.4,876.5,815.5,819.5,231532331
6/30/82,819.5,824.3,784.3,811.9,250495488
7/31/82,811.9,843.8,787.4,808.6,258313533
8/31/82,808.6,911,770,901.3,377316542
9/30/82,901.3,951.2,888.7,896.3,349181953
10/31/82,896.3,1051.9,892,991.7,466592481
11/30/82,991.7,1078.5,983.7,1039.3,418881203
12/31/82,1039.3,1077.9,983.4,1046.5,379416543
1/31/83,1046.5,1105.1,1013.4,1075.7,419007517
2/28/83,1075.7,1135.3,1046.8,1112.2,364387219
3/31/83,1112.2,1158.5,1105.1,1130,429004509
4/30/83,1130,1235.5,1102.2,1226.2,403053381
5/31/83,1225.4,1244.5,1174.3,1200,440555637
6/30/83,1200,1260.7,1176.8,1222,445231582
7/31/83,1222,1258.5,1179.8,1199.2,358684962
8/31/83,1199.2,1219.8,1152.1,1216.2,384909020
9/30/83,1216.2,1270.7,1197.4,1233.1,392438347
10/31/83,1233.1,1286.7,1214.6,1225.2,404801502
11/30/83,1225.2,1297,1208.7,1276,409310527
12/31/83,1276,1285.5,1231.2,1258.6,417036090
1/31/84,1258.6,1295.4,1209.6,1220.6,499772932
2/29/84,1220.6,1226.6,1115,1154.6,435972179
3/31/84,1154.6,1197.2,1131.7,1164.9,418403005
4/30/84,1164.9,1182.1,1117.3,1170.8,387412784
5/31/84,1170.8,1194.4,1083.2,1104.9,437492483
6/30/84,1106.3,1144.8,1079.4,1132.4,408918048
7/31/84,1132.4,1139.5,1079,1115.3,374932327
8/31/84,1115.3,1253.8,1115,1224.4,569981957
9/30/84,1222.4,1248.2,1189.8,1206.7,398945866
10/31/84,1206.7,1246,1158.2,1207.4,475991729
11/30/84,1207.4,1247.5,1180.8,1188.9,396378945
12/31/84,1188.9,1223.6,1154.7,1211.6,401729325
1/31/85,1211.6,1305.1,1178.7,1286.8,603092481
2/28/85,1286.1,1307.5,1263.9,1284,495027066
3/31/85,1284,1310,1242.8,1266.8,485659396
4/30/85,1266.8,1290.3,1245.8,1258.1,447040601
5/31/85,1258.1,1320.8,1235.5,1315.4,530151878
6/30/85,1315.4,1341.2,1285.4,1335.5,477518794
7/31/85,1335.5,1372.2,1313.4,1347.5,555579697
8/31/85,1347.5,1361.9,1303.7,1334,433804511
9/30/85,1334,1348.2,1283.7,1328.6,419584963
10/31/85,1328.6,1384.6,1315.2,1374.3,573663157
11/30/85,1374.3,1486.9,1367.8,1472.1,551587218
12/31/85,1472.1,1570.9,1450.3,1546.7,632566920
1/31/86,1546.7,1582.9,1491.7,1571,649400753
2/28/86,1571,1732.6,1564.3,1709.1,653932330
3/31/86,1709.1,1849.7,1663.1,1818.6,725097743
4/30/86,1818.6,1870.2,1712.5,1784,730917292
5/31/86,1784,1898.2,1746.5,1876.7,604565415
6/30/86,1876.7,1908.6,1816.1,1892.7,597654135
7/31/86,1892.7,1922.7,1741.6,1775.3,683436091
8/31/86,1775.3,1918.6,1730.6,1898.3,609451127
9/30/86,1898.3,1933.4,1733,1767.6,714203007
10/31/86,1767.6,1894.7,1761.3,1877.7,680467669
11/30/86,1877.7,1926.5,1797.1,1914.2,663345110
12/31/86,1914.2,1971.7,1880.5,1896,735534587
1/31/87,1897.4,2214.6,1897.4,2158,911476692
2/28/87,2158,2266.5,2134.4,2224,786157897
3/31/87,2224,2399.6,2209.1,2304.7,894383458
4/30/87,2304.7,2428.4,2180.5,2286.4,886849625
5/31/87,2286.4,2380.8,2188.5,2291.6,770909774
6/30/87,2291.6,2466,2260.6,2418.5,810902255
7/31/87,2418.5,2588.3,2391.3,2572.1,894676692
8/31/87,2572.1,2746.7,2526,2663,916330827
9/30/87,2663,2695.5,2469,2596.3,839819550
10/31/87,2596.3,2662.4,1616.2,1993.5,1374699246
11/30/87,1993.5,2027.5,1795.3,1833.6,809666165
12/31/87,1833.6,2019.6,1733.9,1938.8,885733084
1/31/88,1950.8,2075.3,1846,1958.2,788278193
2/29/88,1958.2,2078.1,1878.2,2071.6,833061655
3/31/88,2071.6,2110.9,1951.3,1988.1,914201504
4/30/88,1988.1,2121.4,1968,2032.3,735509775
5/31/88,2032.3,2072,1921.6,2031.1,728880451
6/30/88,2031.1,2169.1,2021.3,2141.7,971438346
7/31/88,2141.7,2169.5,2047.3,2128.7,753038346
8/31/88,2128.7,2151.9,1978.7,2031.7,750557141
9/30/88,2027.6,2140.3,1988.4,2112.9,690101503
10/31/88,2112.9,2195.1,2082.3,2148.7,770336843
11/30/88,2148.7,2186,2026.7,2114.5,636726317
12/31/88,2114.5,2193.8,2075.4,2168.6,641706765
1/31/89,2168.4,2350.2,2127.1,2342.3,796741355
2/28/89,2342.3,2369.3,2232.1,2258.4,725476691
3/31/89,2258.4,2351.1,2234.5,2293.6,790495487
4/30/89,2293.6,2433.1,2282.1,2418.8,730206769
5/31/89,2418.8,2521.6,2356.3,2480.2,845260150
6/30/89,2480.2,2545,2412.9,2440.1,894719549
7/31/89,2440.1,2668.3,2431.5,2660.7,732863911
8/31/89,2660.7,2758.7,2619.7,2737.3,890774439
9/30/89,2737.3,2768.2,2636.8,2692.8,684593232
10/31/89,2692.8,2809.1,2496.9,2645.1,905113537
11/30/89,2645.1,2718.2,2563.1,2706.3,683945861
12/31/89,2706.3,2784.8,2658.7,2753.2,724831578
1/31/90,2753.2,2834,2513.1,2590.5,855620301
2/28/90,2590.5,2674.3,2541,2627.3,668120301
3/31/90,2627.3,2775,2607.9,2707.2,740589472
4/30/90,2707.2,2793.5,2627.7,2656.8,631856392
5/31/90,2656.8,2908.2,2651.4,2876.7,811281204
6/30/90,2876.7,2956.9,2821.5,2880.7,727732329
7/31/90,2880.7,3024.3,2833.2,2905.2,760222556
8/31/90,2905.2,2931.2,2459.4,2614.4,905472182
9/30/90,2614.4,2665.4,2367.8,2452.5,605729324
10/31/90,2452.5,2565.4,2344.3,2442.3,827954888
11/30/90,2442.3,2581.2,2415.6,2559.7,710129323
12/31/90,2559.7,2662.6,2534.7,2633.7,703017295
1/31/91,2633.7,2747.3,2447,2736.4,825360902
2/28/91,2736.4,2955.2,2694.3,2882.2,969392481
3/31/91,2882.2,3017.8,2829.2,2913.9,885757895
4/30/91,2913.9,3030.5,2848.5,2887.9,905839851
5/31/91,2887.9,3044.5,2834.5,3027.5,845282708
6/30/91,3027.5,3057.5,2879.3,2906.8,731521804
7/31/91,2911.7,3039.6,2897.4,3024.8,781827069
8/31/91,3024.8,3068.7,2836.3,3043.6,845663910
9/30/91,3043.6,3066.6,2963.1,3016.8,731194735
10/31/91,3016.8,3091,2925.5,3069.1,917266919
11/30/91,3069.1,3091.9,2861.1,2894.7,838915037
12/31/91,2894.7,3204.6,2832.3,3168.8,936004513
1/31/92,3168.8,3313.5,3119.9,3223.4,1183093985
2/29/92,3223.4,3307.5,3193.4,3267.7,957268420
3/31/92,3267.7,3318.4,3176.2,3235.5,912972181
4/30/92,3235.5,3388,3141.8,3359.1,970463910
5/31/92,3359.1,3434,3316.6,3396.9,817901505
6/30/92,3396.9,3435.3,3242.3,3318.5,949418798
7/31/92,3318.5,3414.9,3255.4,3393.8,958664661
8/31/92,3393.8,3413.2,3200.9,3257.4,821668420
9/30/92,3257.4,3391.4,3226.6,3271.7,901472932
10/31/92,3271.7,3291.4,3087.4,3226.3,1008396995
11/30/92,3226.3,3326.5,3176.8,3305.2,932458645
12/31/92,3305.2,3364.9,3229.8,3301.1,1089309021
1/31/93,3301.1,3338.1,3219.3,3310,1184830826
2/28/93,3310,3472.9,3262.5,3370.8,1208363910
3/31/93,3370.8,3497.3,3334.1,3435.1,1277912032
4/30/93,3435.1,3499.4,3338.4,3427.6,1304059400
5/31/93,3427.6,3582.2,3402.4,3527.4,1149742104
6/30/93,3527.4,3577.3,3445.8,3516.1,1246987218
7/31/93,3516.1,3604.9,3443.3,3539.5,1193557897
8/31/93,3539.5,3681.7,3523.5,3651.3,1237134587
9/30/93,3651.3,3665.5,3501.5,3555.1,1247893983
10/31/93,3555.1,3713.6,3541.7,3680.6,1340090977
11/30/93,3680.6,3749.9,3585.9,3684,1327946615
12/31/93,3684,3818.9,3673.3,3754.1,1306382707
1/31/94,3754.1,4002.8,3715.2,3978.4,1495502260
2/28/94,3978.4,3998.1,3811.8,3832,1320004511
3/31/94,3832,3911.8,3544.1,3636,1635243609
4/30/94,3633.1,3733.2,3520.8,3681.7,1293390225
5/31/94,3681.7,3788.8,3609.7,3758.4,1280643608
6/30/94,3758.4,3839.9,3603.9,3625,1319127068
7/31/94,3625,3782.6,3611,3764.5,1121517295
8/31/94,3764.5,3954.5,3722.4,3913.4,1443142105
9/30/94,3913.4,3972.7,3804.5,3843.2,1388774437
10/31/94,3843.2,3958.3,3736.2,3908.1,1428588721
11/30/94,3908.1,3919.9,3612.1,3739.2,1411075940
12/31/94,3739.2,3882.2,3639,3834.4,1432204511
1/31/95,3834.4,3955.6,3794.4,3843.9,1544659397
2/28/95,3843.9,4034.6,3809.2,4011.1,1428622557
3/31/95,4011.1,4213.7,3935.3,4157.7,1756772932
4/30/95,4157.7,4348.9,4129.7,4321.3,1420066915
5/31/95,4321.3,4480.7,4278.7,4465.1,1703727068
6/30/95,4465.1,4614.2,4394.6,4556.1,1703864662
7/31/95,4556.1,4768,4530.3,4708.5,1647354139
8/31/95,4708.5,4772.6,4552.8,4610.6,1609691728
9/30/95,4610.6,4839.5,4594.7,4789.1,1590651884
10/31/95,4789.1,4845.1,4638.4,4755.5,1812879691
11/30/95,4755.5,5143.1,4719.7,5074.5,1707631579
12/31/95,5074.5,5266.7,5016.7,5117.1,1629985712
1/31/96,5117.1,5433.2,5000.1,5395.3,2072492469
2/29/96,5395.3,5693.4,5319.4,5485.6,1976621064
3/31/96,5485.6,5755.9,5395.3,5587.1,2026511272
4/30/96,5587.1,5737.1,5382.7,5569.1,2002256379
5/31/96,5569.1,5833,5327.7,5643.2,2012287210
6/30/96,5643.2,5770.6,5559.7,5654.6,1788428570
7/31/96,5654.6,5769.9,5170.1,5528.9,1853063892
8/31/96,5528.9,5762,5507.8,5616.2,1664736089
9/30/96,5616.2,5952.1,5550.4,5882.2,1820246604
10/31/96,5882.2,6162.8,5833.7,6029.4,2190076685
11/30/96,6029.4,6606.3,5975.3,6521.7,2009280448
12/31/96,6521.7,6624,6206.8,6448.3,2050188733
1/31/97,6448.3,6953.6,6319,6813.1,2624190200
2/28/97,6813.1,7112.9,6683.4,6877.7,2192133834
3/31/97,6877.7,7158.3,6532.5,6583.5,2262543603
4/30/97,6583.5,7081.2,6315.8,7009,2359768426
5/31/97,7009,7430.2,6891.4,7331,2279697780
6/30/97,7331,7868.4,7214.3,7672.8,2449161691
7/31/97,7672.8,8329,7613.5,8222.6,2697320291
8/31/97,8222.6,8340.1,7580.9,7622.4,2392353348
9/30/97,7651,8078.4,7556.2,7945.3,2567593946
10/31/97,7945.3,8218.3,6936.5,7442.1,3161787956
11/30/97,7443.1,7934.5,7334.8,7823.1,2294801508
12/31/97,7823.6,8209.6,7563.2,7908.3,2697491719
1/31/98,7908.3,8072.9,7391.6,7906.5,2872292482
2/28/98,7987.5,8616.7,7987.5,8545.7,2629297010
3/31/98,8528.8,8997.1,8377.3,8799.8,3094644343
4/30/98,8818.5,9287.3,8715.6,9063.4,3080314297
5/31/98,9106.5,9312,8761,8900,2588828589
6/30/98,8907.9,9155,8524.6,8952,3056835329
7/31/98,9011.6,9412.6,8786.5,8883.3,3201834561
8/31/98,8868.1,8948.2,7517.7,7539.1,3399597715
9/30/98,7583.1,8253.8,7379.7,7842.6,3770093247
10/31/98,7749.4,8718.3,7399.8,8592.1,4060522572
11/30/98,8645.7,9458,8573.6,9116.6,3034123292
12/31/98,9039.6,9390.8,8610.6,9181.4,3424387223
1/31/99,9212.8,9759.4,8994.3,9358.8,3657180465
2/28/99,9405.4,9662.8,9025.4,9306.6,3283276694
3/31/99,9315.3,10158.6,9163.4,9786.2,4060714261
4/30/99,9825.3,11072.3,9707.9,10789,4178165414
5/31/99,10788.8,11244.4,10373,10559.7,3582013511
6/30/99,10549.1,11120.2,10334.4,10970.8,3626880454
7/31/99,10972.4,11321.6,10595,10655.2,3458555655
8/31/99,10654.8,11428.9,10487.3,10829.3,3568093981
9/30/99,10828.4,11218.4,10055.2,10337,3707977444
10/31/99,10335.7,10883.1,9884.2,10729.9,4247819610
11/30/99,10730.8,11112.8,10536.3,10877.8,4109329491
12/31/99,10876.5,11568.8,10859.7,11497.1,4018609185
1/31/00,11501.8,11750.3,10701.6,10940.5,4821629041
2/29/00,10937.7,11118.9,9836.06,10128.3,4574187369
3/31/00,10128.1,11234.7,9731.81,10921.9,5970887097
4/30/00,10863.3,11425.5,10201.5,10733.9,5239047252
5/31/00,10749.4,10971.2,10258.8,10522.3,4570319640
6/30/00,10532.3,10863,10335.5,10447.9,4364910329
7/31/00,10450.4,10874.6,10393.1,10522,3710791776
8/31/00,10523.8,11319.1,10518.3,11215.1,3757717223
9/30/00,11219.5,11401.2,10567.3,10650.9,4654259909
10/31/00,10659.1,10995.4,9651.68,10971.1,6252273325
11/30/00,10966.2,11006.5,10292.4,10414.5,4808681449
12/31/00,10416.8,10917.7,10299.2,10786.8,5150405641
1/31/01,10790.9,11028,10468,10887.4,5626039747
2/28/01,10884.8,11035.1,10294,10495.3,4081942667
3/31/01,10493.2,10859.5,9106.54,9878.78,5797302326
4/30/01,9877.16,10906.4,9375.72,10735,5167709050
5/31/01,10734,11350,10673.2,10911.9,4507964740
6/30/01,10913.6,11196.5,10394.7,10502.4,4608307800
7/31/01,10505,10679.1,10120.9,10522.8,4350501786
8/31/01,10527.4,10609.7,9869.14,9949.75,3865174075
9/30/01,9946.98,10182.4,8062.34,8847.56,5207049382
10/31/01,8845.97,9598.17,8732.14,9075.14,5468723056
11/30/01,9087.45,9992.79,9014.46,9851.56,4378427993
12/31/01,9848.93,10184.5,9703.9,10021.5,4058000507
1/31/02,10021.7,10300.2,9529.46,9920,4715215495
2/28/02,9923.04,10255.2,9580.32,10106.1,4394349355
3/31/02,10111,10673.1,10111,10403.9,4373945708
4/30/02,10402.1,10402.1,9811.57,9946.22,5096757124
5/31/02,9944.9,10353.4,9802.23,9925.25,4790794094
6/30/02,9923.94,9986.49,8926.57,9243.26,5824154587
7/31/02,9239.25,9410.38,7532.66,8736.59,7955760203
8/31/02,8732.58,9077.01,8030.82,8663.5,5734849071
9/30/02,8659.27,8726.9,7460.78,7591.93,5697561541
10/31/02,7593.04,8558.63,7197.49,8397.03,7781870317
11/30/02,8395.64,8950.33,8298.68,8896.09,5538223518
12/31/02,8902.95,9043.37,8242.91,8341.63,4724496338
1/31/03,8342.38,8869.29,7917.16,8053.81,5655588165
2/28/03,8053.74,8152.53,7628.99,7891.08,4427989377
3/31/03,7890.24,8522.18,7416.64,7992.13,5397348162
4/30/03,7992.83,8559.77,7979.69,8480.09,5198309174
5/31/03,8478.48,8868.33,8340.23,8850.26,5143361373
6/30/03,8851.45,9352.77,8851.45,8985.44,5352016335
7/31/03,8983.66,9361.4,8871.2,9233.8,5244105085
8/31/03,9232.68,9499.97,8997.11,9415.82,4181936494
9/30/03,9416.67,9686.08,9230.47,9275.06,4884004381
10/31/03,9276.8,9850.01,9276.8,9801.12,5274191220
11/30/03,9802.46,9903.57,9585.5,9782.46,4292421359
12/31/03,9785.35,10462.4,9785.35,10453.9,4954522225
1/31/04,10452.7,10705.2,10367.4,10488.1,4996205403
2/29/04,10487.8,10753.6,10434.7,10583.9,4436584843
3/31/04,10582.2,10695.5,10007.5,10357.7,6096557327
4/30/04,10357.5,10570.8,10219.2,10225.6,5484370200
5/31/04,10227.3,10386.3,9852.19,10188.5,4764277640
6/30/04,10187.2,10487.5,10134.9,10435.5,4924254318
7/31/04,10434,10448.1,9913.92,10139.7,5483505408
8/31/04,10138.5,10211.2,9783.91,10173.9,4516381499
9/30/04,10170.1,10363.4,9977.92,10080.3,5177046388
10/31/04,10082,10270.4,9708.4,10027.5,5847212966
11/30/04,10028.7,10602.8,10010.2,10428,6250225546
12/31/04,10425.8,10868.1,10418.6,10783,6515191653
1/31/05,10783.8,10867.4,10368.6,10489.9,6031059007
2/28/05,10489.7,10853.4,10489.6,10766.2,5740829904
3/31/05,10769,10984.5,10396.2,10503.8,6509018561
4/30/05,10504.6,10568.9,10000.5,10192.5,6566426202
5/31/05,10192,10560.8,10075.5,10467.5,5405359615
6/30/05,10462.9,10656.3,10253.5,10275,5590890718
7/31/05,10273.6,10717.7,10175.4,10640.9,5453171925
8/31/05,10641.8,10719.4,10349.4,10481.6,5763779368
9/30/05,10481.4,10701.8,10351,10568.7,6008000387
10/31/05,10569.5,10608.6,10156.5,10440.1,6834894029
11/30/05,10437.5,10959.8,10388.8,10805.9,6394007999
12/31/05,10806,10940.3,10709.4,10717.5,5972404221
1/31/06,10718.3,11047.8,10661.2,10864.9,6656130280
2/28/06,10862.1,11159.2,10737.7,10993.4,5759103824
3/31/06,10993.2,11335,10922.7,11109.3,6681439280
4/30/06,11113,11417.7,11039.1,11367.1,5584036800
5/31/06,11367.8,11670.2,11030.5,11168.3,7297653200
6/30/06,11169,11285.8,10698.8,11150.2,6915326416
7/31/06,11149.3,11257.1,10683.3,11185.7,5548663680
8/31/06,11184.8,11407.1,11042.6,11381.2,4546816896
9/30/06,11382.8,11742,11323.8,11679.1,4494894352
10/31/06,11679,12167,11653,12080.7,5543222544
11/30/06,12080.2,12361,11965.3,12221.9,4722838008
12/31/06,12221,12529.9,12090,12463.2,4336607552
1/31/07,12459.5,12657,12337.4,12621.7,4992601600
2/28/07,12617.2,12795.9,12086,12268.6,4347410528
3/31/07,12265.6,12511,11939.6,12354.3,5632851904
4/30/07,12354.5,13162,12324.3,13062.9,4819809060
5/31/07,13062.8,13673.1,13041.3,13627.6,4992619767
6/30/07,13628.7,13692,13251.5,13408.6,5224570597
7/31/07,13409.6,14022,13199.8,13212,5512064484
8/31/07,13211.1,13695.8,12517.9,13357.7,6199185358
9/30/07,13358.4,13924.8,13021.9,13895.6,4328676932
10/31/07,13895.7,14198.1,13407.5,13930,5010929565
11/30/07,13924.2,13924.2,12724.1,13371.7,5980232601
12/31/07,13368.2,13780.1,13092,13264.8,4310312383
1/31/08,13261.8,13279.5,11634.8,12650.4,7459824055
2/29/08,12638.2,12767.7,12069.5,12266.4,5720329027
3/31/08,12264.4,12622.1,11731.6,12262.9,6229017541
4/30/08,12266.6,13010,12266.5,12820.1,5050809902
5/31/08,12818.3,13136.7,12442.6,12638.3,4530791067
6/30/08,12637.7,12638.1,11287.5,11350,5309933092
7/31/08,11344.6,11698.2,10827.7,11378,5523442336
8/31/08,11379.9,11867.1,11221.5,11543.5,3578224301
9/30/08,11545.6,11790.2,10365.5,10850.7,6302320358
10/31/08,10847.4,10882.5,7882.51,9325.01,8361911096
11/30/08,9326.04,9651.01,7449.38,8829.04,6262885066
12/31/08,8826.89,9026.41,8141.04,8776.39,5701891354
1/31/09,8772.25,9088.06,7909.03,8000.86,6261961262
2/28/09,8000.62,8315.07,7033.62,7062.93,7134341690
3/31/09,7056.48,7930.69,6469.95,7608.92,10561063894
4/30/09,7606.13,8307.51,7483.87,8168.12,7795909336
5/31/09,8167.41,8591.93,8099.31,8500.33,6614792069
6/30/09,8501.53,8877.93,8259.43,8447,5524100354
7/31/09,8447.53,9246.43,8087.19,9171.61,4902335492
8/31/09,9173.65,9628.77,9116.52,9496.28,4042188535
9/30/09,9492.32,9917.99,9252.93,9712.28,4478504685
10/31/09,9711.6,10119.5,9430.46,9712.73,5151146842
11/30/09,9712.13,10495.6,9678.95,10344.8,3813529922
12/31/09,10343.8,10580.3,10235.6,10428,4174011218
1/31/10,10430.7,10729.8,10043.8,10067.3,4388026634
2/28/10,10069,10438.5,9835.09,10325.3,4279668738
3/31/10,10326.1,10955.5,10326.1,10856.6,4355611517
4/30/10,10857.3,11258,10844.1,11008.6,4237511255
5/31/10,11009.6,11177.7,9774.48,10136.6,5605683456
6/30/10,10133.9,10594.2,9753.84,9774.02,4941688684
7/31/10,9773.27,10585,9614.32,10465.9,4199014665
8/31/10,10468.8,10719.94,9936.62,10014.72,4081344058
9/30/10,10016.01,10948.88,10016.01,10788.05,3764965610
10/31/10,10789.72,11247.6,10711.12,11118.49,3787264851
11/30/10,11120.3,11451.53,10929.28,11006.02,3808125402
12/31/10,11007.23,11625,11007.23,11577.51,3253319684
1/31/11,11577.43,12020.52,11573.87,11891.93,3681744272
2/28/11,11892.5,12391.29,11892.5,12226.34,3220478620
3/31/11,12226.49,12383.46,11555.48,12319.73,3851824889
4/30/11,12321.02,12832.83,12093.89,12810.54,3321114294
5/31/11,12810.16,12876,12309.52,12569.79,3578011273
6/30/11,12569.41,12569.49,11862.53,12414.34,3876448867
7/31/11,12412.07,12753.89,12083.45,12143.24,3070041318
8/31/11,12144.22,12282.42,10604.07,11613.53,6188864691
9/30/11,11613.3,11716.84,10597.14,10913.38,4396505126
10/31/11,10912.1,12284.31,10404.49,11955.01,3907750464
11/30/11,11951.53,12187.51,11231.56,12045.68,3392029438
12/31/11,12046.21,12328.47,11735.19,12217.56,3147686104
1/31/12,12221.19,12841.95,12221.19,12632.91,2985259034
2/29/12,12632.76,13055.75,12632.76,12952.07,2715759256
3/31/12,12952.29,13289.08,12734.86,13212.04,3206254624
4/30/12,13211.36,13297.11,12710.56,13213.63,2589863440
5/31/12,13214.16,13338.66,12311.56,12393.45,3053335704
6/30/12,12391.56,12898.94,12035.09,12880.09,2921381080
7/31/12,12879.71,13128.64,12492.25,13008.68,2445827432
8/31/12,13007.47,13330.76,12778.9,13090.84,1753508288
9/30/12,13092.15,13653.24,12977.09,13437.13,2576023225
10/31/12,13437.66,13661.87,13039.86,13096.46,2474356528
11/30/12,13099.19,13290.75,12471.49,13025.58,2685636776
12/31/12,13027.73,13365.86,12883.89,13104.14,2666976408
1/31/13,13104.3,13969.99,13104.3,13860.58,2787270128
2/28/13,13860.58,14149.15,13784.01,14054.49,2490243880
3/31/13,14054.49,14585.1,13937.6,14578.54,2546588736
4/30/13,14578.54,14887.51,14434.43,14839.8,2921359544
5/31/13,14839.8,15542.4,14687.05,15115.57,2773132432
6/30/13,15123.55,15340.09,14551.27,14909.6,2929583760
7/31/13,14911.6,15634.32,14858.93,15499.54,2574668888
8/31/13,15503.85,15658.43,14760.41,14810.31,2332090866
9/30/13,14801.55,15709.58,14777.48,15129.67,2371713232
10/31/13,15132.49,15721,14719.43,15545.75,2207766048
11/30/13,15558.01,16174.51,15522.18,16086.41,1821575428
12/31/13,16087.12,16588.25,15703.79,16576.66,2057590344
1/31/14,16572.17,16573.07,15617.55,15698.85,2178618104
2/28/14,15697.69,16398.95,15340.69,16321.71,2069116384
3/31/14,16321.71,16505.7,16046.99,16457.66,2096300160
4/30/14,16457.66,16631.47,16015.32,16580.84,1988108520
5/31/14,16580.84,16735.35,16341.43,16705.45,1645210496
6/30/14,16705.45,16977.85,16674.23,16826.6,1754229284
7/31/14,16826.6,17151.36,16563.3,16563.3,1691439988
8/31/14,16563.3,17153.8,16334.67,17098.45,1483691768
9/30/14,17098.45,17350.64,16934.43,17042.9,1870609232
10/31/14,17040.46,17395.54,15855.12,17390.52,2313423493
11/30/14,17390.9,17894.83,17278.36,17828.24,1516495183
12/31/14,17827.27,18103.45,17067.59,17823.07,2217010716
1/31/15,17823.07,17951.78,17136.3,17164.95,2173990171
2/28/15,17169.99,18244.38,17037.76,18132.7,1751783672
3/31/15,18134.05,18288.63,17579.27,17776.12,2471552736
4/30/15,17778.52,18175.56,17585.01,17840.52,2178914048
5/31/15,17859.27,18351.36,17733.12,18010.68,1833479464
6/30/15,18017.82,18188.81,17576.5,17619.51,2219634160
7/31/15,17638.12,18137.12,17399.17,17689.86,2040549816
8/31/15,17696.74,17704.76,15370.33,16528.03,2727232024
9/30/15,16528.03,16933.43,15942.37,16284.7,2724581832
10/31/15,16278.62,17799.96,16013.66,17663.54,2609808352
11/30/15,17672.62,17977.85,17210.43,17719.92,2299409048
12/31/15,17719.72,17901.58,17116.73,17425.03,2521670424
1/31/16,17405.48,17405.48,15450.56,16466.3,2846597112
2/29/16,16453.63,16795.98,15503.01,16516.5,2492351704
3/31/16,16545.67,17790.11,16545.67,17685.09,2407923072
4/30/16,17661.74,18167.63,17484.23,17773.64,2097246576
5/31/16,17783.78,17934.61,17331.07,17787.2,1879426512
6/30/16,17754.55,18016,17063.08,17929.99,2350391976
7/31/16,17924.24,18622.01,17713.45,18432.24,1819018224
8/31/16,18434.5,18668.44,18247.79,18400.88,1695875316
9/30/16,18396.57,18551.54,17992.21,18308.15,2101349840
10/31/16,18279.6,18399.96,17959.95,18142.42,1795938104
11/30/16,18158.24,19225.29,17883.56,19123.58,2108095180
12/31/16,19149.2,19987.63,19138.79,19762.6,1954710848
1/31/17,19872.86,20125.58,19677.94,19864.09,1775460496
2/28/17,19923.81,20851.33,19831.09,20812.24,1685577328
3/31/17,20957.29,21169.11,20412.8,20663.22,2094144796
4/30/17,20665.17,21070.9,20379.55,20940.51,1472121732
5/31/17,20962.73,21112.32,20553.45,21008.65,1830950620
6/30/17,21030.55,21535.03,20994.22,21349.63,2196607820
7/31/17,21392.3,21929.8,21279.3,21891.12,1587604272
8/31/17,21961.42,22179.11,21600.34,21948.1,1780648596
9/30/17,21981.77,22419.51,21709.63,22405.09,1899156824
10/31/17,22423.47,23485.25,22416,23377.24,1868258276
11/30/17,23442.9,24327.82,23242.75,24272.35,1919923828
12/31/17,24305.4,24876.07,23921.9,24719.22,2052647896
1/31/18,24809.35,26616.71,24741.7,26149.39,2416254904
2/28/18,26083.04,26306.7,23360.29,25029.2,2614875200
3/31/18,25024.04,25449.15,23509.06,24103.11,2671145288
4/30/18,24076.6,24858.97,23344.52,24163.15,2269646184
5/31/18,24117.29,25086.49,23531.31,24415.84,2071413808
6/30/18,24542.09,25402.83,23997.21,24271.41,2430588384
7/31/18,24161.53,25587.24,24077.56,25415.19,1832485560
8/31/18,25461.63,26167.94,24965.77,25964.82,1561862712
9/30/18,25916.07,26769.16,25754.32,26458.31,1779576676
10/31/18,26598.36,26951.81,24122.23,25115.76,2411410703
11/30/18,25142.08,26277.82,24268.74,25538.46,2169998321
12/31/18,25779.57,25980.21,21712.53,23327.46,2667842452
1/31/19,23058.61,25109.62,22638.41,24999.67,2160426552
2/28/19,25025.31,26241.42,24883.04,25916,1598736628
3/31/19,26019.67,26155.98,25208,25928.68,2000455048
4/30/19,26075.1,26695.96,26062.59,26592.91,1586184203
5/31/19,26639.06,26689.39,24809.51,24815.04,1808655690
6/30/19,24830.16,26907.37,24680.57,26599.96,1805281186
7/31/19,26805.86,27398.68,26616.21,26864.27,1444553644
8/31/19,26879.86,27175.59,25339.6,26403.28,1841965440
9/30/19,26198.26,27306.73,25978.22,26935.07,874493975