 Sales Prices of New Homes Sold in United States,,,,Gold price,,Dow Jones Index,,,,,,,Treasuries (Bonds),,,,,,,,
Date,Median,Average,,date,price,Date,Open,High,Low,Close,Volume,,,13-wk open,5-yr open,10-yr open,30-yr open,Unemployment,GasPrices,EarningsChange,CPI_urban
Jan-63,"$17,200 ",,,,,12/31/62,649.3,658.8,636.9,652.1,18241352,,1/1/63,2.88,3.53,3.82,,5.7,,87,
Feb-63,"$17,700 ",,,,,1/31/63,652.1,686.9,643.6,682.9,23000752,,2/1/63,2.94,3.66,3.88,,5.9,,115,
Mar-63,"$18,200 ",,,,,2/28/63,682.9,694.3,661.3,662.9,17846616,,3/1/63,2.9,3.67,3.93,,5.7,,90,
Apr-63,"$18,200 ",,,,,3/31/63,662.9,687.4,656.7,682.5,16863158,,4/1/63,2.9,3.7,3.95,,5.7,,260,
May-63,"$17,500 ",,,,,4/30/63,682.5,721.9,680.6,717.7,23975191,,5/1/63,2.9,3.72,3.94,,5.9,,36,
Jun-63,"$18,000 ",,,,,5/31/63,717.7,730.4,708.2,727,23699997,,6/1/63,3.03,3.81,3.98,,5.6,,43,
Jul-63,"$18,400 ",,,,,6/30/63,727,733,702.4,706.9,20431581,,7/1/63,3,3.82,4.01,,5.6,,135,
Aug-63,"$17,800 ",,,,,7/31/63,706.9,719,684.4,695.4,17212782,,8/1/63,3.25,3.87,3.99,,5.4,,116,
Sep-63,"$17,900 ",,,,,8/31/63,695.4,731.7,691.2,729.3,20672930,,9/1/63,3.38,3.94,4.03,,5.5,,168,
Oct-63,"$17,600 ",,,,,9/30/63,729.3,753,728.6,732.8,24049622,,10/1/63,3.37,3.93,4.07,,5.5,,205,
Nov-63,"$18,400 ",,,,,10/31/63,732.8,767.2,732.5,755.2,27599999,,11/1/63,3.49,4.01,4.15,,5.7,,-28,
Dec-63,"$18,700 ",,,,,11/30/63,755.2,759.6,710.8,750.5,21200753,,12/1/63,3.53,4.01,4.09,,5.5,,106,
Jan-64,"$17,800 ",,,,,12/31/63,750.5,773.1,746.8,763,22254135,,1/1/64,3.53,4.07,4.14,,5.6,,126,
Feb-64,"$18,000 ",,,,,1/31/64,763,791.6,760.3,785.3,26305263,,2/1/64,3.5,4.02,4.15,,5.4,,266,
Mar-64,"$19,000 ",,,,,2/29/64,785.3,803.5,778,800.1,19874436,,3/1/64,3.58,4.1,4.17,,5.4,,144,
Apr-64,"$18,800 ",,,,,3/31/64,800.1,824.7,798.1,813.3,25660150,,4/1/64,3.53,4.17,4.23,,5.3,,25,
May-64,"$19,300 ",,,,,4/30/64,813.3,831.6,807.2,810.8,27854887,,5/1/64,3.46,4.12,4.22,,5.1,,167,
Jun-64,"$18,800 ",,,,,5/31/64,810.8,836.1,808.6,820.6,22364661,,6/1/64,3.47,4.03,4.19,,5.2,,130,
Jul-64,"$19,100 ",,,,,6/30/64,820.6,835.9,796.9,831.5,21687969,,7/1/64,3.48,4.01,4.15,,4.9,,193,
Aug-64,"$18,900 ",,,,,7/31/64,831.5,855.2,829.3,841.1,23140603,,8/1/64,3.47,4.04,4.19,,5,,207,
Sep-64,"$18,900 ",,,,,8/31/64,841.1,847.2,820.8,838.5,18559399,,9/1/64,3.5,4.08,4.21,,5.1,,284,
Oct-64,"$18,900 ",,,,,9/30/64,838.5,880.2,836.6,875.4,24760150,,10/1/64,3.55,4.05,4.18,,5.1,,-110,
Nov-64,"$19,300 ",,,,,10/31/64,875.4,886.3,861.4,873.1,24033833,,11/1/64,3.55,4.04,4.15,,4.8,,425,
Dec-64,"$21,000 ",,,,,11/30/64,873.1,897,866.8,875.4,21121805,,12/1/64,3.85,4.13,4.2,,5,,203,
Jan-65,"$20,700 ",,,,,12/31/64,875.4,881.4,850.2,874.1,23460903,,1/1/65,3.81,4.12,4.2,,4.9,,161,
Feb-65,"$20,400 ",,,,,1/31/65,874.1,907.8,865.1,902.9,24615790,,2/1/65,3.88,4.12,4.2,,5.1,,218,
Mar-65,"$19,800 ",,,,,2/28/65,902.9,911.8,877.5,903.5,25326318,,3/1/65,3.97,4.16,4.22,,4.7,,203,
Apr-65,"$19,900 ",,,,,3/31/65,903.5,907.9,884.7,889.1,28157142,,4/1/65,3.93,4.14,4.2,,4.8,,256,
May-65,"$19,600 ",,,,,4/30/65,889.1,925.4,886.8,922.3,26869175,,5/1/65,3.9,4.16,4.21,,4.6,,232,
Jun-65,"$19,800 ",,,,,5/31/65,922.3,944.8,904.8,918,24854888,,6/1/65,3.88,4.15,4.23,,4.6,,199,
Jul-65,"$21,000 ",,,,,6/30/65,918,921.9,832.7,868,28908273,,7/1/65,3.82,4.15,4.2,,4.4,,275,
Aug-65,"$20,200 ",,,,,7/31/65,868,890,857.7,881.7,19206766,,8/1/65,3.82,4.18,4.22,,4.4,,263,
Sep-65,"$19,600 ",,,,,8/31/65,881.7,901.9,874.8,893.1,24602257,,9/1/65,3.89,4.23,4.28,,4.3,,262,
Oct-65,"$19,900 ",,,,,9/30/65,893.1,945,887,930.6,35003005,,10/1/65,4,4.34,4.36,,4.2,,229,
Nov-65,"$20,600 ",,,,,10/31/65,930.6,967.5,923.2,960.8,37012780,,11/1/65,4.07,4.43,4.43,,4.1,,277,
Dec-65,"$20,300 ",,,,,11/30/65,960.8,970,937.2,946.7,33182708,,12/1/65,4.13,4.52,4.52,,4,,326,
Jan-66,"$21,200 ",,,,,12/31/65,946.7,976.6,924.4,969.3,43093986,,1/1/66,4.51,4.88,4.63,,4,,207,
Feb-66,"$20,900 ",,,,,1/31/66,969.3,1000.6,961.9,983.5,41257894,,2/1/66,4.66,4.94,4.69,,3.8,,267,
Mar-66,"$20,800 ",,,,,2/28/66,983.5,1001.1,946.1,951.9,37396240,,3/1/66,4.65,5.02,5.01,,3.8,,396,
Apr-66,"$23,000 ",,,,,3/31/66,951.9,955.2,905.4,924.8,43163908,,4/1/66,4.5,4.81,4.7,,3.8,,245,
May-66,"$22,300 ",,,,,4/30/66,924.8,961.9,921.8,933.7,41990978,,5/1/66,4.65,4.86,4.8,,3.9,,275,
Jun-66,"$21,200 ",,,,,5/31/66,933.7,939.6,859.1,884.1,38636842,,6/1/66,4.63,5.02,4.79,,3.8,,399,
Jul-66,"$21,800 ",,,,,6/30/66,884.1,910.4,858.9,870.1,31680452,,7/1/66,4.64,5.11,4.99,,3.8,,190,
Aug-66,"$20,700 ",,,,,7/31/66,870.1,901.2,843.8,847.4,27024812,,8/1/66,4.75,5.26,5.05,,3.8,,206,
Sep-66,"$22,200 ",,,,,8/31/66,846.6,860.6,759.5,788.4,36638347,,9/1/66,5.08,5.63,5.3,,3.7,,136,
Oct-66,"$20,800 ",,,,,9/30/66,788.4,822.9,763.4,774.2,27074433,,10/1/66,5.33,5.37,5.08,,3.7,,211,
Nov-66,"$21,700 ",,,,,10/31/66,774.2,816.6,735.7,807.1,32979700,,11/1/66,5.27,5.26,4.99,,3.6,,165,
Dec-66,"$21,700 ",,,,,11/30/66,807.1,827.3,784.8,791.6,32882708,,12/1/66,5.16,5.25,5.09,,3.8,,180,
Jan-67,"$22,200 ",,,,,12/31/66,791.6,827.2,779.3,785.7,37233834,,1/1/67,4.84,4.84,4.69,,3.9,,208,33.8
Feb-67,"$22,400 ",,,,,1/31/67,785.7,857,776.2,849.9,46784212,,2/1/67,4.5,4.68,4.52,,3.8,,22,33.8
Mar-67,"$22,400 ",,,,,2/28/67,849.9,871.7,828,839.4,41266919,,3/1/67,4.45,4.7,4.66,,3.8,,101,33.8
Apr-67,"$22,300 ",,,,,3/31/67,839.4,883.4,835.3,866,50670678,,4/1/67,3.97,4.42,4.5,,3.8,,-64,34
May-67,"$23,700 ",,,,,4/30/67,866,903.7,839,897.1,42327067,,5/1/67,3.75,4.7,4.77,,3.8,,154,34
Jun-67,"$23,900 ",,,,,5/31/67,897.1,915.9,850.4,852.6,49267670,,6/1/67,3.4,4.72,4.81,,3.9,,130,34
Jul-67,"$23,300 ",,,,,6/30/67,852.6,892.8,836.9,860.3,47952630,,7/1/67,4.1,5.36,5.22,,3.8,,138,34.2
Aug-67,"$21,700 ",,,,,7/31/67,860.3,918.7,853.2,904.2,48886464,,8/1/67,4.16,5.18,5.18,,3.8,,255,34.2
Sep-67,"$22,800 ",,,,,8/31/67,904.2,933.1,887.8,901.3,46872179,,9/1/67,4.34,5.32,5.25,,3.8,,21,34.2
Oct-67,"$22,300 ",,,,,9/30/67,901.3,951.6,894.2,926.7,46231579,,10/1/67,4.4,5.43,5.35,,4,,61,34.5
Nov-67,"$23,100 ",,,,,10/31/67,926.7,940.4,876.2,879.7,50702258,,11/1/67,4.58,5.76,5.7,,3.9,,478,34.5
Dec-67,"$22,200 ",,,,,11/30/67,879.7,894.9,839.4,875.8,47690978,,12/1/67,5.01,5.82,5.78,,3.8,,197,34.5
Jan-68,"$23,400 ",,,,,12/31/67,875.8,910.4,868.8,905.1,51757895,,1/1/68,5.04,5.68,5.63,,3.7,,-96,34.9
Feb-68,"$23,500 ",,,,,1/31/68,905.1,921.9,850.5,855.5,59271429,,2/1/68,4.84,5.6,5.58,,3.8,,411,34.9
Mar-68,"$24,600 ",,,,,2/29/68,855.5,871.3,826.5,840.5,39333835,,3/1/68,5.01,5.57,5.56,,3.7,,80,34.9
Apr-68,"$24,500 ",,,,,3/31/68,840.5,854.3,817.6,840.7,43445864,,4/1/68,5.13,5.64,5.64,,3.5,,261,35.4
May-68,"$25,300 ",,,,,4/30/68,849.2,918.1,849.2,912.2,66636089,,5/1/68,5.48,5.92,5.73,,3.5,,96,35.4
Jun-68,"$25,400 ",,,,,5/31/68,912.2,935.7,885.5,899,65860152,,6/1/68,5.65,5.91,5.79,,3.7,,253,35.4
Jul-68,"$24,600 ",,,,,6/30/68,899,924.9,891.5,897.8,58035337,,7/1/68,5.3,5.77,5.62,,3.7,,221,35.9
Aug-68,"$25,000 ",,,,,7/31/68,897.8,933.8,877,883,54687971,,8/1/68,4.97,5.47,5.38,,3.5,,204,35.9
Sep-68,"$25,000 ",,,,,8/31/68,883,902.4,863.3,896,43752632,,9/1/68,5.18,5.46,5.41,,3.4,,154,35.9
Oct-68,"$25,600 ",,,,,9/30/68,896,945.9,892.6,935.8,51496241,,10/1/68,5.16,5.48,5.49,,3.4,,237,36.3
Nov-68,"$24,600 ",,,,,10/31/68,935.8,974.3,932.9,952.4,61398496,,11/1/68,5.46,5.56,5.61,,3.4,,263,36.3
Dec-68,"$26,500 ",,,,,11/30/68,952.4,989.6,936.5,985.1,56808271,,12/1/68,5.61,5.85,5.89,,3.4,,264,36.3
Jan-69,"$24,600 ",,,,,12/31/68,985.1,994.7,936.7,943.8,60333836,,1/1/69,6.14,6.29,6.04,,3.4,,191,36.8
Feb-69,"$26,000 ",,,,,1/31/69,943.8,960.2,915.5,946.1,60135337,,2/1/69,6.19,6.32,6.22,,3.4,,260,36.8
Mar-69,"$26,200 ",,,,,2/28/69,946.1,959.2,895.4,905.2,46802257,,3/1/69,6.17,6.45,6.25,,3.4,,206,36.8
Apr-69,"$25,900 ",,,,,3/31/69,905.2,941.4,895.8,935.5,44912030,,4/1/69,5.99,6.32,6.25,,3.4,,167,37.5
May-69,"$26,900 ",,,,,4/30/69,935.5,956.3,908.8,950.2,53442859,,5/1/69,5.92,6.46,6.25,,3.4,,256,37.5
Jun-69,"$25,200 ",,,,,5/31/69,950.2,974.9,928.6,937.6,57875187,,6/1/69,6.12,6.69,6.56,,3.5,,308,37.5
Jul-69,"$26,800 ",,,,,6/30/69,937.6,938.7,862.5,873.2,53036840,,7/1/69,6.67,7.02,6.75,,3.5,,93,38
Aug-69,"$24,900 ",,,,,7/31/69,873.2,893.9,788.1,815.5,51484962,,8/1/69,7,6.98,6.66,,3.5,,279,38
Sep-69,"$26,000 ",,,,,8/31/69,815.6,843.7,800.6,836.7,45491729,,9/1/69,7.03,7.17,6.87,,3.7,,-94,38
Oct-69,"$24,400 ",,,,,9/30/69,836.7,846,804.5,813.1,49432331,,10/1/69,7.17,8.04,7.52,,3.7,,207,38.6
Nov-69,"$24,900 ",,,,,10/31/69,813.1,868,794,856,69949622,,11/1/69,6.97,7.29,6.9,,3.5,,-35,38.6
Dec-69,"$25,100 ",,,,,11/30/69,856,871.8,800.4,812.3,48180452,,12/1/69,7.5,7.56,7.29,,3.5,,155,38.6
Jan-70,"$23,600 ",,,12/31/69,35.2,12/31/69,812.3,816.4,764.5,800.4,61432330,,1/1/70,7.92,8.19,7.86,,3.9,,-65,39.4
Feb-70,"$24,100 ",,,1/30/70,34.99,1/31/70,800.4,819.2,739.1,744.1,49869922,,2/1/70,7.72,8.18,7.65,,4.2,,129,39.4
Mar-70,"$24,100 ",,,2/27/70,35.02,2/28/70,744.1,784.2,738.8,777.6,51514289,,3/1/70,6.87,7.43,6.95,,4.4,,146,39.4
Apr-70,"$24,200 ",,,3/31/70,35.3,3/31/70,777.6,803.3,758,785.6,48018046,,4/1/70,6.34,7.18,7.04,,4.6,,-103,39.9
May-70,"$25,700 ",,,4/30/70,35.85,4/30/70,785.6,798.8,716.7,736.1,50327819,,5/1/70,6.84,7.98,7.85,,4.8,,-224,39.9
Jun-70,"$23,800 ",,,5/29/70,35.45,5/31/70,736.1,740.8,627.5,700.4,58245113,,6/1/70,6.85,7.73,7.84,,4.9,,-95,39.9
Jul-70,"$22,900 ",,,6/30/70,35.49,6/30/70,700.4,728.2,674.9,683.5,51072182,,7/1/70,6.48,7.69,7.64,,5,,24,40.5
Aug-70,"$23,500 ",,,7/31/70,35.3,7/31/70,683.5,743.4,665.3,734.1,51369922,,8/1/70,6.4,7.6,7.39,,5.1,,-116,40.5
Sep-70,"$22,600 ",,,8/31/70,35.8,8/31/70,734.1,772,702.8,764.6,49328572,,9/1/70,6.39,7.43,7.47,,5.4,,7,40.5
Oct-70,"$22,100 ",,,9/30/70,36.4,9/30/70,764.6,778.3,741.5,760.7,68411281,,10/1/70,5.86,7.19,7.29,,5.5,,-423,41.1
Nov-70,"$23,500 ",,,10/30/70,37.25,10/31/70,760.7,791.1,746.7,755.6,58955638,,11/1/70,5.69,6.95,7.24,,5.9,,-112,41.1
Dec-70,"$22,300 ",,,11/30/70,37.54,11/30/70,755.6,797.5,749.5,794.1,51945112,,12/1/70,4.98,6,6.48,,6.1,,383,41.1
Jan-71,"$23,900 ",,,12/31/70,37.38,12/31/70,794.1,848.2,787.5,838.9,75618045,,1/1/71,4.89,5.98,6.46,,5.9,,73,41.6
Feb-71,"$24,500 ",,,1/29/71,38.05,1/31/71,838.9,873.8,826.5,868.5,78606767,,2/1/71,4.12,5.79,6.09,,5.9,,-58,41.6
Mar-71,"$24,300 ",,,2/26/71,38.8,2/28/71,868.5,898.1,862,878.8,83727065,,3/1/71,3.36,5.35,6.12,,6,,53,41.6
Apr-71,"$25,800 ",,,3/31/71,38.88,3/31/71,878.8,922.3,873.2,904.4,87942855,,4/1/71,3.65,5.16,5.58,,5.9,,176,42.2
May-71,"$25,500 ",,,4/30/71,39.7,4/30/71,904.4,958.1,897.5,941.8,90581955,,5/1/71,3.84,6.09,6.15,,5.9,,211,42.2
Jun-71,"$26,100 ",,,5/31/71,40.84,5/31/71,941.8,948.9,898.6,907.8,69329323,,6/1/71,4.36,6.27,6.36,,5.9,,7,42.2
Jul-71,"$25,200 ",,,6/30/71,40.1,6/30/71,907.8,929.6,866.3,891.1,68478947,,7/1/71,5.21,6.83,6.69,,6,,61,42.5
Aug-71,"$25,300 ",,,7/30/71,42.4,7/31/71,891.1,908.8,854.4,858.4,59828572,,8/1/71,5.24,6.94,6.86,,6.1,,58,42.5
Sep-71,"$25,400 ",,,8/31/71,40.65,8/31/71,858.4,917.8,834.9,898.1,72297746,,9/1/71,4.5,6.09,6.22,,6,,241,42.5
Oct-71,"$25,600 ",,,9/30/71,42.6,9/30/71,898.1,925.7,877.5,887.2,57004509,,10/1/71,4.55,6.04,6,,5.8,,28,42.8
Nov-71,"$25,700 ",,,10/29/71,42.34,10/31/71,887.2,910.6,827.8,839,63175938,,11/1/71,4.26,5.75,5.8,,6,,205,42.8
Dec-71,"$25,300 ",,,11/30/71,43.6,11/30/71,839,855.2,790.7,831.3,62348122,,12/1/71,4.31,5.8,5.92,,6,,262,42.8
Jan-72,"$24,700 ",,,12/31/71,43.55,12/31/71,831.3,902.5,831.1,890.2,85190979,,1/1/72,3.69,5.55,5.94,,5.8,,332,43.3
Feb-72,"$26,500 ",,,1/31/72,47.15,1/31/72,890.2,924,882.8,902.2,85599248,,2/1/72,3.43,5.78,6.09,,5.7,,207,43.3
Mar-72,"$27,400 ",,,2/29/72,48.2,2/29/72,902.2,933.3,894.3,928.1,84870677,,3/1/72,3.47,5.66,6.04,,5.8,,296,43.3
Apr-72,"$26,700 ",,,3/31/72,48.38,3/31/72,928.1,957,924.1,940.7,91048873,,4/1/72,3.79,6.15,6.14,,5.7,,218,43.6
May-72,"$27,000 ",,,4/28/72,49.6,4/30/72,940.7,977.7,933.6,954.2,83005263,,5/1/72,3.62,5.85,6.14,,5.7,,307,43.6
Jun-72,"$26,800 ",,,5/31/72,59.45,5/31/72,954.2,979.5,917.4,960.7,75755634,,6/1/72,3.83,5.82,6.07,,5.7,,289,43.6
Jul-72,"$27,700 ",,,6/30/72,64.65,6/30/72,960.7,967.7,917.8,929,70942106,,7/1/72,4.14,6,6.14,,5.6,,-49,44.1
Aug-72,"$28,100 ",,,7/31/72,68.3,7/31/72,929,955.5,900.1,924.7,65165414,,8/1/72,3.79,5.98,6.14,,5.6,,432,44.1
Sep-72,"$28,000 ",,,8/31/72,66.88,8/31/72,924.7,980.4,922,963.7,80510524,,9/1/72,4.54,6.2,6.43,,5.5,,123,44.1
Oct-72,"$28,900 ",,,9/29/72,64.2,9/30/72,963.7,977.4,927.2,953.3,55531579,,10/1/72,4.51,6.17,6.54,,5.6,,410,44.5
Nov-72,"$29,100 ",,,10/31/72,64.39,10/31/72,953.3,964.1,917.1,955.5,71571429,,11/1/72,4.75,6.2,6.39,,5.3,,299,44.5
Dec-72,"$29,700 ",,,11/30/72,63.6,11/30/72,955.5,1029.7,955.3,1018.2,91481954,,12/1/72,4.9,6.12,6.29,,5.2,,295,44.5
Jan-73,"$29,900 ",,,12/29/72,64.9,12/31/72,1018.2,1042.4,996.1,1020,77758647,,1/1/73,5.22,6.29,6.43,,4.9,,349,45.4
Feb-73,"$29,700 ",,,1/31/73,66,1/31/73,1022.9,1067.2,988.1,999,88815788,,2/1/73,5.76,6.56,6.6,,5,,397,45.4
Mar-73,"$31,400 ",,,2/28/73,85,2/28/73,999,1019.9,938.8,955.1,71772181,,3/1/73,5.79,6.72,6.65,,4.9,,270,45.4
Apr-73,"$32,800 ",,,3/30/73,90,3/31/73,955.1,985.3,911.1,951,77458646,,4/1/73,6.46,6.81,6.74,,5,,171,46.3
May-73,"$32,000 ",,,4/30/73,90.72,4/30/73,951,975.3,907.5,921.4,62704513,,5/1/73,6.29,6.77,6.72,,4.9,,193,46.3
Jun-73,"$33,100 ",,,5/31/73,114.75,5/31/73,921.4,965.2,875.5,901.4,76073685,,6/1/73,6.97,6.78,6.96,,4.9,,239,46.3
Jul-73,"$34,200 ",,,6/29/73,123.25,6/30/73,901.4,935.6,864.5,891.7,60609020,,7/1/73,7.9,7,7.01,,4.8,,26,47.2
Aug-73,"$33,200 ",,,7/31/73,115.6,7/31/73,890.2,944.1,863.9,926.4,69424061,,8/1/73,8.38,7.94,7.55,,4.8,,255,47.2
Sep-73,"$33,200 ",,,8/31/73,103.5,8/31/73,924.4,924.4,845.5,887.6,61908269,,9/1/73,8.78,7.22,7.21,,4.8,,108,47.2
Oct-73,"$33,300 ",,,9/28/73,100,9/30/73,887.6,964.6,873.3,947.1,74226314,,10/1/73,7.06,6.75,6.91,,4.6,,331,48.5
Nov-73,"$34,000 ",,,10/31/73,98,10/31/73,947.1,997.6,937.7,956.6,95390979,,11/1/73,7.48,6.83,6.71,,4.8,,313,48.5
Dec-73,"$35,700 ",,,11/30/73,101,11/30/73,956.6,963.8,810.4,822.3,90203006,,12/1/73,7.12,6.84,6.69,,4.9,,111,48.5
Jan-74,"$34,200 ",,,12/31/73,112.25,12/31/73,820.5,861.1,783.6,850.9,86702258,,1/1/74,7.52,6.86,6.94,,5.1,,69,50.2
Feb-74,"$34,900 ",,,1/31/74,132.5,1/31/74,850.9,890.4,816.6,855.6,81913535,,2/1/74,7.31,6.85,7,,5.2,,154,50.2
Mar-74,"$36,000 ",,,2/28/74,162.5,2/28/74,855.6,871.4,795.7,860.5,57927068,,3/1/74,7.54,7.06,7.08,,5.1,,42,50.2
Apr-74,"$35,700 ",,,3/29/74,173,3/31/74,860.5,904,841.8,846.7,69834586,,4/1/74,8.31,7.67,7.42,,5.1,,86,51.3
May-74,"$35,700 ",,,4/30/74,169.25,4/30/74,846.7,875.9,818.7,836.8,57354135,,5/1/74,8.77,8.16,7.62,,5.1,,167,51.3
Jun-74,"$35,100 ",,,5/31/74,156.75,5/31/74,836.8,870.4,788.8,802.2,62063907,,6/1/74,8.09,8.11,7.53,,5.4,,55,51.3
Jul-74,"$36,800 ",,,6/28/74,144.25,6/30/74,802.2,865.5,796.5,802.4,55339850,,7/1/74,7.28,8.38,7.65,,5.5,,32,52.9
Aug-74,"$35,700 ",,,7/31/74,156,7/31/74,802.4,812,753.1,757.4,61824812,,8/1/74,7.94,8.57,7.92,,5.5,,-17,52.9
Sep-74,"$36,200 ",,,8/30/74,156,8/31/74,757.4,803.4,651.6,678.6,63180451,,9/1/74,9.41,8.65,8.11,,5.9,,-9,52.9
Oct-74,"$37,200 ",,,9/30/74,151.25,9/30/74,678.6,686.5,598.8,607.9,63169172,,10/1/74,6.69,8.11,7.97,,6,,20,54.1
Nov-74,"$37,300 ",,,10/31/74,167,10/31/74,607.9,689.3,573.2,665.5,85060152,,11/1/74,7.78,7.95,7.8,,6.6,,-365,54.1
Dec-74,"$37,400 ",,,11/29/74,184,11/30/74,665.5,692.8,599.8,618.7,64689473,,12/1/74,7.31,7.6,7.71,,7.2,,-613,54.1
Jan-75,"$37,200 ","$39,500 ",,12/31/74,186.5,12/31/74,616.1,619.8,570,616.2,71086468,,1/1/75,6.9,7.34,7.42,,8.1,,-359,54.7
Feb-75,"$37,900 ","$40,600 ",,1/31/75,175.8,1/31/75,619.1,717.3,619.1,703.7,97567672,,2/1/75,5.66,7.25,7.49,,8.1,,-375,54.7
Mar-75,"$38,800 ","$42,100 ",,2/28/75,181.75,2/28/75,703.7,757.4,695.2,739.1,95557894,,3/1/75,5.59,7.2,7.5,,8.6,,-270,54.7
Apr-75,"$39,200 ","$42,000 ",,3/31/75,177.25,3/31/75,739.1,796.9,731.5,768.2,102318047,,4/1/75,5.64,7.65,8.08,,8.8,,-188,55.5
May-75,"$39,500 ","$43,200 ",,4/30/75,167,4/30/75,768.2,835.2,736.6,821.3,101808271,,5/1/75,5.5,8.13,8.31,,9,,164,55.5
Jun-75,"$37,900 ","$42,500 ",,5/30/75,167,5/31/75,821.3,868.6,808,832.3,103193234,,6/1/75,5.25,7.62,8.02,,8.8,,-103,55.5
Jul-75,"$38,600 ","$42,300 ",,6/30/75,166.25,6/30/75,835.7,884.6,811.2,879,100827067,,7/1/75,6.02,7.85,7.97,,8.6,,249,56.6
Aug-75,"$38,200 ","$41,200 ",,7/31/75,166.7,7/31/75,879,888.9,819.2,831.5,99627067,,8/1/75,6.35,8.18,8.26,,8.4,,383,56.6
Sep-75,"$39,700 ","$43,400 ",,8/29/75,159.8,8/31/75,831.5,844,785.8,835.3,63489473,,9/1/75,6.42,8.2,8.26,,8.4,,75,56.6
Oct-75,"$40,700 ","$43,900 ",,9/30/75,141.25,9/30/75,835.3,849,789.7,793.9,62057143,,10/1/75,6.53,8.4,8.47,,8.4,,312,57.6
Nov-75,"$41,100 ","$43,700 ",,10/31/75,142.9,10/31/75,793.9,859.6,780.5,836,82452633,,11/1/75,5.57,7.75,7.97,,8.3,,145,57.6
Dec-75,"$42,100 ","$45,900 ",,11/28/75,138.15,11/30/75,836,865.8,821.1,860.7,71912031,,12/1/75,5.55,7.87,8.12,,8.2,,332,57.6
Jan-76,"$41,600 ","$45,300 ",,12/31/75,140.25,12/31/75,860.7,866.1,812.8,852.4,78715037,,1/1/76,5.2,7.54,7.77,,7.9,,486,58.1
Feb-76,"$42,700 ","$45,900 ",,1/30/76,128.15,1/31/76,852.4,986,848.6,975.3,143420299,,2/1/76,4.8,7.44,7.8,,7.7,,313,58.1
Mar-76,"$43,600 ","$46,800 ",,2/27/76,132.3,2/29/76,975.3,1002.8,946.2,972.6,134465414,,3/1/76,5.2,7.57,7.86,,7.6,,232,58.1
Apr-76,"$43,300 ","$46,800 ",,3/31/76,129.6,3/31/76,972.6,1018,964.2,999.5,119458647,,4/1/76,5.01,7.44,7.68,,7.7,,244,58.9
May-76,"$43,600 ","$47,500 ",,4/30/76,128.4,4/30/76,999.5,1017.7,963,996.9,88479698,,5/1/76,4.88,7.36,7.69,,7.4,,20,58.9
Jun-76,"$46,100 ","$49,200 ",,5/31/76,125.5,5/31/76,995.8,1015.8,955.8,975.2,80280452,,6/1/76,5.55,7.71,7.94,,7.6,,64,58.9
Jul-76,"$44,600 ","$48,000 ",,6/30/76,123.8,6/30/76,975.2,1012.9,951.7,1002.8,94112031,,7/1/76,5.36,7.59,7.88,,7.8,,171,59.6
Aug-76,"$44,200 ","$48,500 ",,7/30/76,112.5,7/31/76,1002.8,1017.9,974.2,984.6,88818046,,8/1/76,5.11,7.54,7.85,,7.8,,157,59.6
Sep-76,"$44,700 ","$48,200 ",,8/31/76,104,8/31/76,984.6,1004.7,954.1,973.7,78198496,,9/1/76,5.09,7.14,7.64,,7.6,,188,59.6
Oct-76,"$45,300 ","$50,400 ",,9/30/76,116,9/30/76,973.7,1026.3,971.2,990.2,93552630,,10/1/76,5.04,6.95,7.49,,7.7,,19,60.1
Nov-76,"$45,800 ","$50,000 ",,10/29/76,123.15,10/31/76,990.2,995.6,928.3,964.9,81516540,,11/1/76,4.84,6.7,7.38,,7.8,,329,60.1
Dec-76,"$45,900 ","$50,600 ",,11/30/76,130.25,11/30/76,964.9,972,917.9,947.2,85944362,,12/1/76,4.41,6.02,6.97,,7.8,,208,60.1
Jan-77,"$45,500 ","$50,700 ",,12/31/76,134.5,12/31/76,947.2,1006.8,942.2,1004.7,120575190,,1/1/77,4.39,6.16,6.84,,7.5,,242,61.3
Feb-77,"$47,400 ","$52,600 ",,1/31/77,132.3,1/31/77,1004.7,1007.8,944.9,954.4,113147368,,2/1/77,4.74,6.91,7.41,7.7,7.6,,298,61.3
Mar-77,"$46,200 ","$51,600 ",,2/28/77,142.75,2/28/77,954.4,963.8,926,936.4,89873684,,3/1/77,4.7,6.99,7.49,7.84,7.4,,403,61.3
Apr-77,"$48,700 ","$54,600 ",,3/31/77,148.9,3/31/77,936.4,971.6,914.2,919.1,98050377,,4/1/77,4.54,6.92,7.43,7.78,7.2,,337,62.4
May-77,"$49,300 ","$54,400 ",,4/29/77,147.25,4/30/77,919.6,956.1,909.7,926.9,90915789,,5/1/77,4.75,6.94,7.45,7.8,7,,360,62.4
Jun-77,"$48,700 ","$53,900 ",,5/31/77,142.95,5/31/77,926.9,949.5,892.6,898.7,96049625,,6/1/77,5.04,6.87,7.38,7.75,7.2,,400,62.4
Jul-77,"$48,600 ","$53,600 ",,6/30/77,143,6/30/77,898.7,934.4,896.5,916.3,109432330,,7/1/77,5.02,6.71,7.34,7.58,6.9,,346,62.9
Aug-77,"$49,000 ","$54,300 ",,7/29/77,144.1,7/31/77,916.3,927.8,878.8,890.1,102063159,,8/1/77,5.35,7.02,7.43,7.7,7,,241,62.9
Sep-77,"$48,500 ","$53,900 ",,8/31/77,146,8/31/77,890.1,900,844.4,861.5,97815788,,9/1/77,5.56,6.97,7.3,7.61,6.8,,457,62.9
Oct-77,"$51,400 ","$57,200 ",,9/30/77,154.05,9/30/77,861.5,879.8,830.3,847.1,86542105,,10/1/77,5.95,7.13,7.41,7.7,6.8,,268,63.5
Nov-77,"$51,800 ","$57,800 ",,10/31/77,161.5,10/31/77,847.1,855.6,792.8,818.4,93263913,,11/1/77,6.22,7.47,7.63,7.86,6.8,,373,63.5
Dec-77,"$52,700 ","$57,600 ",,11/30/77,160.05,11/30/77,816,850.1,794.5,829.7,111581956,,12/1/77,6.03,7.38,7.58,7.85,6.4,,237,63.5
Jan-78,"$52,300 ","$58,500 ",,12/30/77,164.95,12/31/77,829.7,835.2,800.4,831.2,101722556,,1/1/78,6.18,7.58,7.83,8.08,6.4,0.631,184,64.1
Feb-78,"$53,200 ","$59,100 ",,1/31/78,175.75,1/31/78,830.5,830.5,759.4,769.9,96572931,,2/1/78,6.41,7.74,7.96,8.2,6.3,0.629,354,64.1
Mar-78,"$53,200 ","$59,900 ",,2/28/78,182.25,2/28/78,769.9,787.4,739.2,742.1,83142856,,3/1/78,6.42,7.87,8.05,8.26,6.3,0.629,512,65.1
Apr-78,"$53,300 ","$59,300 ",,3/31/78,181.6,3/31/78,742.1,777.8,736.8,757.4,112236092,,4/1/78,6.31,7.96,8.13,8.32,6.1,0.631,702,65.1
May-78,"$55,700 ","$62,300 ",,4/28/78,170.85,4/30/78,756.7,846.2,747.1,837.3,156902257,,5/1/78,6.31,8.08,8.24,8.38,6,0.637,347,66.2
Jun-78,"$56,700 ","$63,200 ",,5/31/78,184.15,5/31/78,837.3,865.6,813.8,840.6,174981203,,6/1/78,6.61,8.27,8.41,8.5,5.9,0.645,441,66.2
Jul-78,"$54,800 ","$62,900 ",,6/30/78,183.05,6/30/78,840.6,879.3,808,819,150290977,,7/1/78,6.95,8.48,8.59,8.6,6.2,0.655,254,66.9
Aug-78,"$56,100 ","$63,000 ",,7/31/78,200.25,7/31/78,819,866.3,800.9,862.3,122140603,,8/1/78,6.88,8.44,8.54,8.55,5.9,0.663,279,66.9
Sep-78,"$57,300 ","$64,400 ",,8/31/78,208.7,8/31/78,862.3,911.2,855.3,876.8,195101505,,9/1/78,7.7,8.42,8.38,8.45,6,0.669,138,67.8
Oct-78,"$58,300 ","$65,700 ",,9/29/78,217.1,9/30/78,876.8,917.2,850.9,865.8,151644360,,10/1/78,7.98,8.53,8.58,8.63,5.8,0.671,335,67.8
Nov-78,"$58,700 ","$66,300 ",,10/31/78,242.6,10/31/78,865.8,909.4,782.1,792.5,153911276,,11/1/78,8.85,8.77,8.66,8.66,5.9,0.676,435,68.5
Dec-78,"$59,900 ","$67,400 ",,11/30/78,193.4,11/30/78,805.5,831.7,779.1,799,116077443,,12/1/78,8.85,8.81,8.8,8.73,6,0.685,280,68.5
Jan-79,"$60,300 ","$67,700 ",,12/29/78,226,12/31/78,802,829.9,781,805,111076692,,1/1/79,9.41,9.33,9.18,8.99,5.9,0.695,137,69.9
Feb-79,"$61,200 ","$68,700 ",,1/31/79,233.7,1/31/79,805,865,798.5,839.2,138886467,,2/1/79,9.25,8.95,8.94,8.85,5.9,0.707,247,69.9
Mar-79,"$60,400 ","$68,500 ",,2/28/79,251.3,2/28/79,839.2,844,802.2,808.8,107303007,,3/1/79,9.4,9.28,9.17,9.09,5.8,0.733,424,71.1
Apr-79,"$62,600 ","$71,000 ",,3/30/79,240.1,3/31/79,808.8,877,807.3,862.2,146571426,,4/1/79,9.54,9.2,9.11,9.02,5.8,0.78,-62,71.1
May-79,"$62,800 ","$71,800 ",,4/30/79,245.3,4/30/79,859.9,884.6,847.3,854.9,139996242,,5/1/79,9.5,9.35,9.36,9.21,5.6,0.823,372,72.5
Jun-79,"$64,200 ","$74,300 ",,5/31/79,274.6,5/31/79,854.9,863.2,815.1,822.3,140693231,,6/1/79,9.52,9.01,9.05,9.07,5.7,0.88,319,72.5
Jul-79,"$63,800 ","$71,900 ",,6/29/79,277.5,6/30/79,822.3,853.1,817.7,842,172218497,,7/1/79,8.93,8.7,8.76,8.8,5.7,0.93,109,73.8
Aug-79,"$64,000 ","$74,000 ",,7/31/79,296.45,7/31/79,840.6,857,818,846.4,153550376,,8/1/79,9.16,8.96,8.99,8.97,6,0.967,83,73.8
Sep-79,"$66,000 ","$76,800 ",,8/31/79,315.1,8/31/79,846.4,893.6,839.1,887.6,186101504,,9/1/79,10.02,9.42,9.32,9.14,5.9,0.998,27,75.4
Oct-79,"$62,300 ","$71,500 ",,9/28/79,397.25,9/30/79,887.6,902.1,857.9,878.6,161039098,,10/1/79,10.15,9.55,9.51,9.32,6,1.006,154,75.4
Nov-79,"$63,900 ","$74,200 ",,10/31/79,382,10/31/79,877.7,904.9,796,815.7,193518045,,11/1/79,12.06,11.26,10.79,10.3,5.9,1.019,92,76.6
Dec-79,"$61,500 ","$72,600 ",,11/30/79,415.65,11/30/79,815.7,838.6,792.2,822.4,147439849,,12/1/79,11.83,10.48,10.44,10.11,6,1.042,99,76.6
Jan-80,"$62,900 ","$72,400 ",,12/31/79,512,12/31/79,822.4,851.5,814.8,838.7,160197743,,1/1/80,12.17,10.52,10.5,10.23,6.3,1.11,128,78.6
Feb-80,"$64,900 ","$76,600 ",,1/31/80,653,1/31/80,838.7,897.9,809,875.9,261257143,,2/1/80,12.17,11.3,11.29,11.23,6.3,1.186,83,78.6
Mar-80,"$62,600 ","$71,600 ",,2/29/80,637,2/29/80,875.9,918.2,847.3,863.1,215758645,,3/1/80,15,13.53,12.79,12.32,6.3,1.23,111,80.5
Apr-80,"$63,100 ","$74,600 ",,3/31/80,494.5,3/31/80,863.1,868.7,730,785.8,197695489,,4/1/80,15.03,13.39,12.69,12.35,6.9,1.242,-145,80.5
May-80,"$63,100 ","$72,800 ",,4/30/80,518,4/30/80,785.8,818.5,751.4,817.1,152061655,,5/1/80,10.36,10.72,10.57,10.72,7.5,1.244,-429,82
Jun-80,"$64,900 ","$75,600 ",,5/30/80,535.5,5/31/80,817.1,866.1,795.8,850.9,172538346,,6/1/80,7.9,9.97,10.31,10.45,7.6,1.246,-319,82
Jul-80,"$64,000 ","$76,700 ",,6/30/80,653.5,6/30/80,850.9,896.3,840.7,867.9,187141354,,7/1/80,8.04,9.55,10.13,10.12,7.8,1.247,-261,83.6
Aug-80,"$63,400 ","$76,000 ",,7/31/80,614.25,7/31/80,867.9,946.9,862.6,935.3,230474437,,8/1/80,8.7,10.16,10.76,10.76,7.7,1.243,259,83.6
Sep-80,"$68,300 ","$80,100 ",,8/29/80,631.25,8/31/80,935.3,972.4,918.5,932.6,217818045,,9/1/80,9.87,11.45,11.32,11.08,7.5,1.231,114,84.7
Oct-80,"$65,600 ","$77,500 ",,9/30/80,666.75,9/30/80,932.6,980.7,918,932.4,238581201,,10/1/80,11.45,11.77,11.78,11.69,7.5,1.223,277,84.7
Nov-80,"$66,700 ","$81,800 ",,10/31/80,629,10/31/80,932.4,987.3,911.6,924.5,232734585,,11/1/80,13.17,12.74,12.46,12.22,7.5,1.222,257,86.2
Dec-80,"$67,000 ","$81,400 ",,11/28/80,619.75,11/30/80,924.5,1009.4,924.5,993.3,222881957,,12/1/80,14.71,13.35,12.92,12.51,7.2,1.231,196,86.2
Jan-81,"$67,600 ","$80,700 ",,12/31/80,589.75,12/31/80,991.1,991.1,894.5,964,231349626,,1/1/81,14.65,12.61,12.42,12.01,7.5,1.269,90,88.1
Feb-81,"$66,200 ","$80,000 ",,1/30/81,506.5,1/31/81,964,1013.1,930.9,947.3,215530828,,2/1/81,14.9,13.02,12.86,12.45,7.4,1.353,72,88.1
Mar-81,"$66,700 ","$81,600 ",,2/27/81,489,2/28/81,947.1,980.9,923.9,974.6,184130077,,3/1/81,14.52,13.92,13.62,13.19,7.4,1.388,105,89.2
Apr-81,"$68,700 ","$84,700 ",,3/31/81,513.75,3/31/81,974.6,1021.8,955.7,1003.9,264931577,,4/1/81,12.37,13.36,13.14,12.65,7.2,1.381,73,89.2
May-81,"$70,800 ","$83,600 ",,4/30/81,482.75,4/30/81,1003.9,1031,981.8,997.8,253414288,,5/1/81,14.67,14.37,14.05,13.59,7.5,1.37,13,90.6
Jun-81,"$68,800 ","$84,700 ",,5/29/81,479.25,5/31/81,997.8,1005.2,956.7,991.8,204232332,,6/1/81,15.5,13.99,13.46,13.06,7.5,1.362,194,90.6
Jul-81,"$69,500 ","$82,600 ",,6/30/81,426,6/30/81,991.8,1023,972.7,976.9,248339097,,7/1/81,14.65,14.47,14.04,13.47,7.2,1.353,111,92.5
Aug-81,"$72,600 ","$87,000 ",,7/31/81,406,7/31/81,976.9,979,918.7,952.3,215181205,,8/1/81,15.5,15.62,14.95,14.27,7.4,1.348,-36,92.5
Sep-81,"$65,800 ","$81,300 ",,8/31/81,425,8/31/81,952.3,961.5,879.1,881.5,207642857,,9/1/81,15.59,16.120001,15.41,14.7,7.6,1.358,-88,93.5
Oct-81,"$69,600 ","$82,500 ",,9/30/81,428.75,9/30/81,881.5,892.4,807.5,850,216347367,,10/1/81,14.57,16.129999,15.75,15.14,7.9,1.353,-97,93.5
Nov-81,"$71,200 ","$85,300 ",,10/30/81,427,10/31/81,850,885.8,823.6,852.6,225013534,,11/1/81,12.69,14.61,14.57,14.41,8.3,1.351,-209,94
Dec-81,"$68,400 ","$82,800 ",,11/30/81,414.5,11/30/81,856,892.8,834.6,889,222839096,,12/1/81,10.49,13.11,13.37,13.06,8.5,1.348,-276,94
Jan-82,"$66,200 ","$78,000 ",,12/31/81,397.5,12/31/81,889,898.5,862.8,875,216421804,,1/1/82,11.39,14.15,14.19,13.87,8.6,1.341,-330,93.7
Feb-82,"$65,700 ","$80,700 ",,1/29/82,387,1/31/82,875,887.4,832.6,871.1,218422556,,2/1/82,13.68,14.79,14.58,14.33,8.9,1.318,-2,93.7
Mar-82,"$67,200 ","$83,700 ",,2/26/82,362.6,2/28/82,866.3,866.3,802.2,824.4,219290977,,3/1/82,12.27,13.97,13.85,13.63,9,1.268,-129,93.5
Apr-82,"$70,200 ","$85,000 ",,3/31/82,320,3/31/82,824.4,840.7,786.2,822.8,286170676,,4/1/82,13.24,14.26,14.1,13.6,9.3,1.21,-284,93.5
May-82,"$69,300 ","$86,500 ",,4/30/82,361.25,4/30/82,822.8,871.2,820.5,848.4,256351128,,5/1/82,12.74,14.02,13.95,13.45,9.4,1.224,-43,96.3
Jun-82,"$69,300 ","$84,900 ",,5/31/82,325.25,5/31/82,848.4,876.5,815.5,819.5,231532331,,6/1/82,12.01,13.98,13.93,13.66,9.6,1.296,-242,96.3
Jul-82,"$70,900 ","$86,500 ",,6/30/82,317.5,6/30/82,819.5,824.3,784.3,811.9,250495488,,7/1/82,12.55,14.62,14.4,13.9,9.8,1.318,-344,96.6
Aug-82,"$70,100 ","$86,500 ",,7/30/82,342.9,7/31/82,811.9,843.8,787.4,808.6,258313533,,8/1/82,9.36,13.46,13.41,13.17,9.8,1.31,-158,96.6
Sep-82,"$67,800 ","$79,600 ",,8/31/82,411.5,8/31/82,808.6,911,770,901.3,377316542,,9/1/82,8.42,12.58,12.76,12.41,10.1,1.292,-180,97.8
Oct-82,"$69,700 ","$79,900 ",,9/30/82,397,9/30/82,901.3,951.2,888.7,896.3,349181953,,10/1/82,7.35,11.5,11.51,11.65,10.4,1.28,-276,97.8
Nov-82,"$73,500 ","$87,800 ",,10/29/82,423.25,10/31/82,896.3,1051.9,892,991.7,466592481,,11/1/82,7.81,10.41,10.56,10.84,10.8,1.268,-121,97.7
Dec-82,"$71,700 ","$86,700 ",,11/30/82,436,11/30/82,991.7,1078.5,983.7,1039.3,418881203,,12/1/82,8.28,10.34,10.74,10.69,10.8,1.244,-15,97.7
Jan-83,"$73,500 ","$87,200 ",,12/31/82,456.9,12/31/82,1039.3,1077.9,983.4,1046.5,379416543,,1/1/83,7.92,10.02,10.32,10.39,10.4,1.214,219,98.2
Feb-83,"$73,800 ","$86,800 ",,1/31/83,499.5,1/31/83,1046.5,1105.1,1013.4,1075.7,419007517,,2/1/83,8.16,10.34,10.78,10.95,10.4,1.17,-73,98.2
Mar-83,"$72,500 ","$86,200 ",,2/28/83,408.5,2/28/83,1075.7,1135.3,1046.8,1112.2,364387219,,3/1/83,7.96,9.74,10.22,10.45,10.3,1.135,173,98.9
Apr-83,"$74,700 ","$87,600 ",,3/31/83,414.75,3/31/83,1112.2,1158.5,1105.1,1130,429004509,,4/1/83,8.64,10.25,10.6,10.67,10.2,1.198,274,98.9
May-83,"$74,500 ","$88,800 ",,4/29/83,429.25,4/30/83,1130,1235.5,1102.2,1226.2,403053381,,5/1/83,8.05,9.82,10.26,10.39,10.1,1.243,280,99.5
Jun-83,"$75,800 ","$90,900 ",,5/31/83,437.5,5/31/83,1225.4,1244.5,1174.3,1200,440555637,,6/1/83,8.58,10.48,10.77,10.91,10.1,1.261,377,99.5
Jul-83,"$75,200 ","$89,200 ",,6/30/83,416,6/30/83,1200,1260.7,1176.8,1222,445231582,,7/1/83,8.73,10.72,10.93,11,9.4,1.272,416,100.2
Aug-83,"$76,800 ","$91,300 ",,7/29/83,422,7/31/83,1222,1258.5,1179.8,1199.2,358684962,,8/1/83,9.27,11.63,11.8,11.82,9.5,1.269,-308,100.2
Sep-83,"$81,000 ","$97,800 ",,8/31/83,414.25,8/31/83,1199.2,1219.8,1152.1,1216.2,384909020,,9/1/83,9.22,11.76,11.97,11.95,9.2,1.257,1118,101.2
Oct-83,"$75,900 ","$89,500 ",,9/30/83,405,9/30/83,1216.2,1270.7,1197.4,1233.1,392438347,,10/1/83,8.74,11.22,11.47,11.48,8.8,1.239,273,101.2
Nov-83,"$75,900 ","$91,400 ",,10/31/83,382,10/31/83,1233.1,1286.7,1214.6,1225.2,404801502,,11/1/83,8.47,11.38,11.69,11.77,8.5,1.224,355,101.7
Dec-83,"$75,900 ","$91,700 ",,11/30/83,405,11/30/83,1225.2,1297,1208.7,1276,409310527,,12/1/83,8.87,11.37,11.63,11.67,8.3,1.215,355,101.7
Jan-84,"$76,200 ","$92,200 ",,12/30/83,382.4,12/31/83,1276,1285.5,1231.2,1258.6,417036090,,1/1/84,9,11.59,11.86,11.93,8,1.2,443,103.1
Feb-84,"$79,200 ","$94,400 ",,1/31/84,373.75,1/31/84,1258.6,1295.4,1209.6,1220.6,499772932,,2/1/84,8.89,11.31,11.64,11.74,7.8,1.193,484,103.1
Mar-84,"$78,400 ","$97,700 ",,2/29/84,394.25,2/29/84,1220.6,1226.6,1115,1154.6,435972179,,3/1/84,9.19,11.77,12.07,12.16,7.8,1.194,272,103.8
Apr-84,"$79,600 ","$96,200 ",,3/30/84,388.5,3/31/84,1154.6,1197.2,1131.7,1164.9,418403005,,4/1/84,9.68,12.29,12.56,12.55,7.7,1.211,363,103.8
May-84,"$81,400 ","$101,900 ",,4/30/84,375.8,4/30/84,1164.9,1182.1,1117.3,1170.8,387412784,,5/1/84,9.7,12.57,12.82,12.87,7.4,1.221,306,104.1
Jun-84,"$80,500 ","$98,800 ",,5/31/84,384.25,5/31/84,1170.8,1194.4,1083.2,1104.9,437492483,,6/1/84,9.8,13.46,13.63,13.58,7.2,1.214,381,104.1
Jul-84,"$80,700 ","$97,100 ",,6/29/84,373.05,6/30/84,1106.3,1144.8,1079.4,1132.4,408918048,,7/1/84,9.74,13.73,13.87,13.64,7.5,1.197,310,105
Aug-84,"$82,000 ","$96,900 ",,7/31/84,342.35,7/31/84,1132.4,1139.5,1079,1115.3,374932327,,8/1/84,10.43,12.74,12.81,12.78,7.5,1.184,243,105
Sep-84,"$81,300 ","$101,300 ",,8/31/84,348.25,8/31/84,1115.3,1253.8,1115,1224.4,569981957,,9/1/84,10.67,12.85,12.88,12.57,7.3,1.189,312,105.7
Oct-84,"$80,100 ","$95,700 ",,9/28/84,343.75,9/30/84,1222.4,1248.2,1189.8,1206.7,398945866,,10/1/84,10.23,12.51,12.54,12.35,7.4,1.195,285,105.7
Nov-84,"$82,500 ","$101,400 ",,10/31/84,333.5,10/31/84,1206.7,1246,1158.2,1207.4,475991729,,11/1/84,9.01,11.45,11.66,11.53,7.2,1.193,353,106
Dec-84,"$78,300 ","$96,300 ",,11/30/84,329,11/30/84,1207.4,1247.5,1180.8,1188.9,396378945,,12/1/84,8.41,11.23,11.56,11.56,7.3,1.179,125,106
Jan-85,"$82,500 ","$98,300 ",,12/31/84,308.3,12/31/84,1188.9,1223.6,1154.7,1211.6,401729325,,1/1/85,7.83,11.22,11.7,11.69,7.3,1.145,265,106.8
Feb-85,"$82,000 ","$96,200 ",,1/31/85,306.65,1/31/85,1211.6,1305.1,1178.7,1286.8,603092481,,2/1/85,8.19,10.93,11.29,11.32,7.2,1.128,131,106.8
Mar-85,"$84,200 ","$100,900 ",,2/28/85,287.75,2/28/85,1286.1,1307.5,1263.9,1284,495027066,,3/1/85,8.66,11.52,11.86,11.82,7.2,1.155,339,107.8
Apr-85,"$85,600 ","$104,700 ",,3/29/85,329.25,3/31/85,1284,1310,1242.8,1266.8,485659396,,4/1/85,8.15,11.28,11.66,11.65,7.3,1.199,196,107.8
May-85,"$80,100 ","$98,100 ",,4/30/85,321.35,4/30/85,1266.8,1290.3,1245.8,1258.1,447040601,,5/1/85,7.75,10.81,11.27,11.37,7.2,1.223,274,108.2
Jun-85,"$86,300 ","$99,600 ",,5/31/85,314,5/31/85,1258.1,1320.8,1235.5,1315.4,530151878,,6/1/85,7.02,9.5,10.05,10.4,7.4,1.233,147,108.2
Jul-85,"$82,100 ","$99,400 ",,6/28/85,317.75,6/30/85,1315.4,1341.2,1285.4,1335.5,477518794,,7/1/85,6.87,9.58,10.19,10.44,7.4,1.233,189,108.6
Aug-85,"$83,300 ","$99,200 ",,7/31/85,327.5,7/31/85,1335.5,1372.2,1313.4,1347.5,555579697,,8/1/85,7.27,9.95,10.51,10.62,7.1,1.222,192,108.6
Sep-85,"$84,700 ","$102,600 ",,8/30/85,333.25,8/31/85,1347.5,1361.9,1303.7,1334,433804511,,9/1/85,7.11,9.71,10.24,10.46,7.1,1.209,205,109.5
Oct-85,"$85,400 ","$102,700 ",,9/30/85,325.75,9/30/85,1334,1348.2,1283.7,1328.6,419584963,,10/1/85,7.03,9.69,10.29,10.55,7.1,1.198,188,109.5
Nov-85,"$87,200 ","$104,100 ",,10/31/85,325.1,10/31/85,1328.6,1384.6,1315.2,1374.3,573663157,,11/1/85,7.2,9.45,9.98,10.24,7,1.201,210,110.7
Dec-85,"$87,900 ","$106,100 ",,11/29/85,325.3,11/30/85,1374.3,1486.9,1367.8,1472.1,551587218,,12/1/85,7.26,9.14,9.69,9.94,7,1.203,166,110.7
Jan-86,"$86,600 ","$104,100 ",,12/31/85,326.8,12/31/85,1472.1,1570.9,1450.3,1546.7,632566920,,1/1/86,7.1,8.51,9.04,9.28,6.7,1.19,123,110.8
Feb-86,"$89,700 ","$106,600 ",,1/31/86,350.5,1/31/86,1546.7,1582.9,1491.7,1571,649400753,,2/1/86,7,8.5,9.02,9.28,7.2,1.119,115,110.8
Mar-86,"$88,700 ","$108,000 ",,2/28/86,338.15,2/28/86,1571,1732.6,1564.3,1709.1,653932330,,3/1/86,6.97,7.76,7.99,8.16,7.2,0.983,87,110.3
Apr-86,"$92,500 ","$110,300 ",,3/31/86,344,3/31/86,1709.1,1849.7,1663.1,1818.6,725097743,,4/1/86,6.33,7.18,7.37,7.47,7.1,0.895,187,110.3
May-86,"$92,100 ","$114,600 ",,4/30/86,345.75,4/30/86,1818.6,1870.2,1712.5,1784,730917292,,5/1/86,6.11,7.2,7.45,7.54,7.2,0.927,127,110.6
Jun-86,"$91,200 ","$110,900 ",,5/30/86,343.2,5/31/86,1784,1898.2,1746.5,1876.7,604565415,,6/1/86,6.36,8.05,8.32,7.91,7.2,0.958,-93,110.6
Jul-86,"$94,100 ","$116,800 ",,6/30/86,346.75,6/30/86,1876.7,1908.6,1816.1,1892.7,597654135,,7/1/86,5.99,7.23,7.37,7.21,7,0.895,318,111.1
Aug-86,"$91,500 ","$113,200 ",,7/31/86,357.5,7/31/86,1892.7,1922.7,1741.6,1775.3,683436091,,8/1/86,5.77,7.02,7.34,7.46,6.9,0.848,115,111.1
Sep-86,"$95,000 ","$114,000 ",,8/29/86,384.7,8/31/86,1775.3,1918.6,1730.6,1898.3,609451127,,9/1/86,5.19,6.45,7.03,7.23,7,0.864,346,112
Oct-86,"$96,400 ","$114,900 ",,9/30/86,423.2,9/30/86,1898.3,1933.4,1733,1767.6,714203007,,10/1/86,5.19,6.93,7.41,7.57,7,0.837,187,112
Nov-86,"$94,000 ","$113,600 ",,10/31/86,401,10/31/86,1767.6,1894.7,1761.3,1877.7,680467669,,11/1/86,5.21,6.71,7.29,7.57,6.9,0.827,187,112.5
Dec-86,"$95,000 ","$118,900 ",,11/28/86,389.5,11/30/86,1877.7,1926.5,1797.1,1914.2,663345110,,12/1/86,5.42,6.69,7.18,7.42,6.6,0.83,201,112.5
Jan-87,"$98,500 ","$122,100 ",,12/31/86,388.75,12/31/86,1914.2,1971.7,1880.5,1896,735534587,,1/1/87,5.55,6.75,7.18,7.44,6.6,0.868,169,113.3
Feb-87,"$95,200 ","$121,300 ",,1/30/87,400.5,1/31/87,1897.4,2214.6,1897.4,2158,911476692,,2/1/87,5.61,6.75,7.23,7.52,6.6,0.911,241,113.6
Mar-87,"$98,400 ","$119,500 ",,2/27/87,405.85,2/28/87,2158,2266.5,2134.4,2224,786157897,,3/1/87,5.48,6.69,7.17,7.46,6.6,0.918,245,114.2
Apr-87,"$96,500 ","$118,100 ",,3/31/87,421,3/31/87,2224,2399.6,2209.1,2304.7,894383458,,4/1/87,5.54,7.12,7.59,7.89,6.3,0.94,335,115
May-87,"$104,900 ","$126,600 ",,4/30/87,453.25,4/30/87,2304.7,2428.4,2180.5,2286.4,886849625,,5/1/87,5.6,7.98,8.39,8.59,6.3,0.948,229,115.4
Jun-87,"$109,000 ","$135,800 ",,5/29/87,451,5/31/87,2286.4,2380.8,2188.5,2291.6,770909774,,6/1/87,5.7,8.08,8.45,8.63,6.2,0.966,172,115.8
Jul-87,"$105,000 ","$128,600 ",,6/30/87,447.3,6/30/87,2291.6,2466,2260.6,2418.5,810902255,,7/1/87,5.64,7.96,8.36,8.49,6.1,0.98,347,116
Aug-87,"$106,800 ","$128,500 ",,7/31/87,462.5,7/31/87,2418.5,2588.3,2391.3,2572.1,894676692,,8/1/87,6.05,8.34,8.81,9.02,6,1.004,173,116.9
Sep-87,"$106,500 ","$133,500 ",,8/31/87,453.4,8/31/87,2572.1,2746.7,2526,2663,916330827,,9/1/87,6.12,8.57,9.05,9.24,5.9,1,227,117.5
Oct-87,"$106,500 ","$125,800 ",,9/30/87,459.5,9/30/87,2663,2695.5,2469,2596.3,839819550,,10/1/87,6.63,9.22,9.66,9.8,6,0.988,491,118.1
Nov-87,"$117,000 ","$139,200 ",,10/30/87,468.8,10/31/87,2596.3,2662.4,1616.2,1993.5,1374699246,,11/1/87,5.62,8.44,8.98,9.13,5.8,0.987,234,118.3
Dec-87,"$111,800 ","$136,200 ",,11/30/87,492.5,11/30/87,1993.5,2027.5,1795.3,1833.6,809666165,,12/1/87,5.55,8.44,9.01,9.15,5.7,0.975,289,118.3
Jan-88,"$119,000 ","$144,400 ",,12/31/87,484.1,12/31/87,1833.6,2019.6,1733.9,1938.8,885733084,,1/1/88,5.88,8.35,8.83,8.95,5.7,0.947,92,118.9
Feb-88,"$110,900 ","$137,600 ",,1/29/88,458,1/31/88,1950.8,2075.3,1846,1958.2,788278193,,2/1/88,5.66,7.78,8.26,8.42,5.7,0.928,461,119.2
Mar-88,"$108,900 ","$133,200 ",,2/29/88,426.15,2/29/88,1958.2,2078.1,1878.2,2071.6,833061655,,3/1/88,5.62,7.61,8.15,8.4,5.7,0.92,275,119.6
Apr-88,"$111,000 ","$135,000 ",,3/31/88,456.95,3/31/88,2071.6,2110.9,1951.3,1988.1,914201504,,4/1/88,5.85,8.19,8.68,8.92,5.4,0.946,243,120.4
May-88,"$110,000 ","$133,500 ",,4/29/88,449,4/30/88,1988.1,2121.4,1968,2032.3,735509775,,5/1/88,6.08,8.39,8.94,9.17,5.6,0.97,230,120.7
Jun-88,"$111,500 ","$136,500 ",,5/31/88,455.5,5/31/88,2032.3,2072,1921.6,2031.1,728880451,,6/1/88,6.47,8.57,9.03,9.12,5.4,0.971,364,121.4
Jul-88,"$118,000 ","$141,300 ",,6/30/88,436.55,6/30/88,2031.1,2169.1,2021.3,2141.7,971438346,,7/1/88,6.55,8.38,8.77,8.84,5.4,0.984,224,121.8
Aug-88,"$110,000 ","$140,600 ",,7/29/88,436.8,7/31/88,2141.7,2169.5,2047.3,2128.7,753038346,,8/1/88,6.91,8.7,9.07,9.17,5.6,1.004,124,122.5
Sep-88,"$116,600 ","$142,700 ",,8/31/88,427.75,8/31/88,2128.7,2151.9,1978.7,2031.7,750557141,,9/1/88,7.28,8.95,9.25,9.31,5.4,0.992,339,123.9
Oct-88,"$112,900 ","$137,300 ",,9/30/88,396.7,9/30/88,2027.6,2140.3,1988.4,2112.9,690101503,,10/1/88,7.24,8.59,8.84,8.96,5.4,0.976,263,124.1
Nov-88,"$110,400 ","$137,300 ",,10/31/88,412.4,10/31/88,2112.9,2195.1,2082.3,2148.7,770336843,,11/1/88,7.34,8.38,8.68,8.76,5.3,0.972,341,124.4
Dec-88,"$121,000 ","$147,700 ",,11/30/88,422.6,11/30/88,2148.7,2186,2026.7,2114.5,636726317,,12/1/88,7.85,8.88,9.01,9.02,5.3,0.953,281,124.5
Jan-89,"$113,000 ","$138,600 ",,12/30/88,410.25,12/31/88,2114.5,2193.8,2075.4,2168.6,641706765,,1/1/89,8.14,9.25,9.23,9.09,5.4,0.944,263,125.4
Feb-89,"$118,000 ","$145,300 ",,1/31/89,394,1/31/89,2168.4,2350.2,2127.1,2342.3,796741355,,2/1/89,8.37,9.05,8.99,8.83,5.2,0.955,266,125.8
Mar-89,"$123,000 ","$149,000 ",,2/28/89,387,2/28/89,2342.3,2369.3,2232.1,2258.4,725476691,,3/1/89,8.66,9.43,9.36,9.18,5,0.974,194,126.7
Apr-89,"$116,700 ","$144,700 ",,3/31/89,383.2,3/31/89,2258.4,2351.1,2234.5,2293.6,790495487,,4/1/89,8.82,9.39,9.21,9.07,5.2,1.098,170,127.4
May-89,"$119,000 ","$145,100 ",,4/28/89,377.55,4/30/89,2293.6,2433.1,2282.1,2418.8,730206769,,5/1/89,8.62,9.19,9.14,9,5.2,1.152,122,128.3
Jun-89,"$122,800 ","$153,600 ",,5/31/89,361.8,5/31/89,2418.8,2521.6,2356.3,2480.2,845260150,,6/1/89,8.61,8.65,8.61,8.61,5.3,1.15,114,128.5
Jul-89,"$116,000 ","$140,300 ",,6/30/89,373,6/30/89,2480.2,2545,2412.9,2440.1,894719549,,7/1/89,7.97,7.99,8.09,8.07,5.2,1.132,42,129
Aug-89,"$122,900 ","$158,600 ",,7/31/89,368.3,7/31/89,2440.1,2668.3,2431.5,2660.7,732863911,,8/1/89,7.63,7.49,7.74,7.83,5.2,1.096,51,129.1
Sep-89,"$120,000 ","$151,100 ",,8/31/89,359.8,8/31/89,2660.7,2758.7,2619.7,2737.3,890774439,,9/1/89,7.86,8.18,8.19,8.14,5.3,1.073,249,130
Oct-89,"$123,000 ","$147,800 ",,9/29/89,366.5,9/30/89,2737.3,2768.2,2636.8,2692.8,684593232,,10/1/89,7.89,8.33,8.28,8.22,5.3,1.071,107,130.6
Nov-89,"$125,000 ","$151,400 ",,10/31/89,375.3,10/31/89,2692.8,2809.1,2496.9,2645.1,905113537,,11/1/89,7.78,7.86,7.91,7.89,5.4,1.046,276,131.1
Dec-89,"$125,200 ","$154,300 ",,11/30/89,408.15,11/30/89,2645.1,2718.2,2563.1,2706.3,683945861,,12/1/89,7.53,7.7,7.81,7.88,5.4,1.03,84,131.3
Jan-90,"$125,000 ","$151,700 ",,12/29/89,398.6,12/31/89,2706.3,2784.8,2658.7,2753.2,724831578,,1/1/90,7.58,7.87,7.94,8,5.4,1.09,361,132.9
Feb-90,"$126,900 ","$150,900 ",,1/31/90,415.05,1/31/90,2753.2,2834,2513.1,2590.5,855620301,,2/1/90,7.76,8.35,8.42,8.44,5.3,1.086,238,133.1
Mar-90,"$119,400 ","$144,600 ",,2/28/90,407.7,2/28/90,2590.5,2674.3,2541,2627.3,668120301,,3/1/90,7.81,8.53,8.59,8.61,5.2,1.076,209,134.1
Apr-90,"$130,000 ","$153,400 ",,3/30/90,368.5,3/31/90,2627.3,2775,2607.9,2707.2,740589472,,4/1/90,7.78,8.65,8.65,8.63,5.4,1.096,44,134.5
May-90,"$125,000 ","$150,600 ",,4/30/90,367.75,4/30/90,2707.2,2793.5,2627.7,2656.8,631856392,,5/1/90,7.92,9.08,9.08,9.04,5.4,1.114,151,134.7
Jun-90,"$125,000 ","$150,400 ",,5/31/90,363.05,5/31/90,2656.8,2908.2,2651.4,2876.7,811281204,,6/1/90,7.68,8.38,8.44,8.43,5.2,1.14,18,134.9
Jul-90,"$118,700 ","$149,800 ",,6/29/90,352.2,6/30/90,2876.7,2956.9,2821.5,2880.7,727732329,,7/1/90,7.74,8.35,8.43,8.41,5.5,1.139,-33,136
Aug-90,"$118,400 ","$144,700 ",,7/31/90,372.3,7/31/90,2880.7,3024.3,2833.2,2905.2,760222556,,8/1/90,7.42,8.06,8.29,8.36,5.7,1.246,-207,137.4
Sep-90,"$113,000 ","$142,100 ",,8/31/90,387.75,8/31/90,2905.2,2931.2,2459.4,2614.4,905472182,,9/1/90,7.39,8.53,8.9,9.03,5.9,1.347,-97,138.6
Oct-90,"$120,000 ","$153,000 ",,9/28/90,408.4,9/30/90,2614.4,2665.4,2367.8,2452.5,605729324,,10/1/90,7.13,8.38,8.71,8.84,5.9,1.431,-153,139.4
Nov-90,"$118,900 ","$143,300 ",,10/31/90,379.5,10/31/90,2452.5,2565.4,2344.3,2442.3,827954888,,11/1/90,7.05,8.15,8.57,8.7,6.2,1.432,-154,139.7
Dec-90,"$127,000 ","$153,400 ",,11/30/90,384.85,11/30/90,2442.3,2581.2,2415.6,2559.7,710129323,,12/1/90,7.05,7.88,8.22,8.36,6.3,1.41,-46,139.7
Jan-91,"$117,900 ","$148,600 ",,12/31/90,386.2,12/31/90,2559.7,2662.6,2534.7,2633.7,703017295,,1/1/91,6.46,7.59,7.97,8.14,6.4,1.304,-111,140.9
Feb-91,"$119,900 ","$147,800 ",,1/31/91,366,1/31/91,2633.7,2747.3,2447,2736.4,825360902,,2/1/91,6,7.45,7.91,8.09,6.6,1.198,-321,141.2
Mar-91,"$122,500 ","$156,400 ",,2/28/91,362.7,2/28/91,2736.4,2955.2,2694.3,2882.2,969392481,,3/1/91,6.09,7.78,8.12,8.28,6.8,1.138,-159,141.4
Apr-91,"$121,000 ","$150,800 ",,3/29/91,355.65,3/31/91,2882.2,3017.8,2829.2,2913.9,885757895,,4/1/91,5.76,7.74,8.07,8.25,6.7,1.159,-209,141.6
May-91,"$116,000 ","$145,400 ",,4/30/91,357.75,4/30/91,2913.9,3030.5,2848.5,2887.9,905839851,,5/1/91,5.54,7.63,8.01,8.18,6.9,1.209,-116,141.7
Jun-91,"$119,000 ","$145,900 ",,5/31/91,360.4,5/31/91,2887.9,3044.5,2834.5,3027.5,845282708,,6/1/91,5.6,7.8,8.14,8.34,6.9,1.214,86,142.1
Jul-91,"$120,000 ","$148,200 ",,6/28/91,368.35,6/30/91,3027.5,3057.5,2879.3,2906.8,731521804,,7/1/91,5.58,7.93,8.26,8.44,6.8,1.185,-45,142.4
Aug-91,"$120,800 ","$141,800 ",,7/31/91,362.85,7/31/91,2911.7,3039.6,2897.4,3024.8,781827069,,8/1/91,5.55,7.78,8.2,8.38,6.9,1.196,21,142.9
Sep-91,"$120,000 ","$147,300 ",,8/30/91,347.4,8/31/91,3024.8,3068.7,2836.3,3043.6,845663910,,9/1/91,5.34,7.32,7.81,8.05,6.9,1.199,25,143.6
Oct-91,"$122,600 ","$147,400 ",,9/30/91,354.9,9/30/91,3043.6,3066.6,2963.1,3016.8,731194735,,10/1/91,5.1,6.9,7.45,7.81,7,1.18,19,143.7
Nov-91,"$118,500 ","$141,700 ",,10/31/91,357.45,10/31/91,3016.8,3091,2925.5,3069.1,917266919,,11/1/91,4.75,6.71,7.48,7.93,7,1.193,-60,144.3
Dec-91,"$122,000 ","$143,000 ",,11/29/91,366.3,11/30/91,3069.1,3091.9,2861.1,2894.7,838915037,,12/1/91,4.38,6.43,7.32,7.92,7.3,1.182,33,144.6
Jan-92,"$120,000 ","$144,200 ",,12/31/91,353.15,12/31/91,2894.7,3204.6,2832.3,3168.8,936004513,,1/1/92,3.86,5.98,6.78,7.46,7.3,1.135,42,144.9
Feb-92,"$117,200 ","$144,800 ",,1/31/92,354.1,1/31/92,3168.8,3313.5,3119.9,3223.4,1183093985,,2/1/92,3.84,6.52,7.36,7.82,7.4,1.117,-59,145.3
Mar-92,"$120,000 ","$144,800 ",,2/28/92,353.1,2/29/92,3223.4,3307.5,3193.4,3267.7,957268420,,3/1/92,4.03,6.73,7.38,7.9,7.4,1.122,55,146.2
Apr-92,"$120,000 ","$145,000 ",,3/31/92,341.7,3/31/92,3267.7,3318.4,3176.2,3235.5,912972181,,4/1/92,4.01,6.82,7.46,7.9,7.4,1.143,155,146.3
May-92,"$113,000 ","$146,000 ",,4/30/92,336.35,4/30/92,3235.5,3388,3141.8,3359.1,970463910,,5/1/92,3.63,6.82,7.56,8.01,7.6,1.197,129,146.3
Jun-92,"$124,500 ","$146,600 ",,5/29/92,337.5,5/31/92,3359.1,3434,3316.6,3396.9,817901505,,6/1/92,3.75,6.69,7.39,7.9,7.8,1.239,67,147
Jul-92,"$118,000 ","$137,700 ",,6/30/92,343.4,6/30/92,3396.9,3435.3,3242.3,3318.5,949418798,,7/1/92,3.55,6.27,7.1,7.76,7.7,1.237,75,147.5
Aug-92,"$123,500 ","$145,300 ",,7/31/92,357.85,7/31/92,3318.5,3414.9,3255.4,3393.8,958664661,,8/1/92,3.17,5.82,6.72,7.46,7.6,1.221,135,148.2
Sep-92,"$119,500 ","$142,200 ",,8/31/92,340,8/31/92,3393.8,3413.2,3200.9,3257.4,821668420,,9/1/92,3.15,5.52,6.56,7.38,7.6,1.222,34,148.5
Oct-92,"$125,000 ","$148,400 ",,9/30/92,349,9/30/92,3257.4,3391.4,3226.6,3271.7,901472932,,10/1/92,2.61,5.18,6.23,7.3,7.3,1.219,181,148.9
Nov-92,"$128,900 ","$147,200 ",,10/30/92,339.25,10/31/92,3271.7,3291.4,3087.4,3226.3,1008396995,,11/1/92,3.01,5.96,6.88,7.66,7.4,1.223,133,149
Dec-92,"$126,000 ","$146,200 ",,11/30/92,334.2,11/30/92,3226.3,3326.5,3176.8,3305.2,932458645,,12/1/92,3.33,6.24,6.94,7.57,7.4,1.201,222,148.9
Jan-93,"$118,000 ","$138,900 ",,12/31/92,332.9,12/31/92,3305.2,3364.9,3229.8,3301.1,1089309021,,1/1/93,3.08,5.9,6.6,7.33,7.3,1.182,300,149.7
Feb-93,"$129,400 ","$149,400 ",,1/29/93,330.45,1/31/93,3301.1,3338.1,3219.3,3310,1184830826,,2/1/93,2.9,5.55,6.38,7.21,7.1,1.172,248,150.4
Mar-93,"$125,000 ","$146,600 ",,2/26/93,327.6,2/28/93,3310,3472.9,3262.5,3370.8,1208363910,,3/1/93,2.95,5.12,5.94,6.83,7,1.163,-48,150.9
Apr-93,"$127,000 ","$148,400 ",,3/31/93,337.8,3/31/93,3370.8,3497.3,3334.1,3435.1,1277912032,,4/1/93,2.9,5.24,6.06,6.97,7.1,1.175,303,151.1
May-93,"$129,900 ","$152,300 ",,4/30/93,354.3,4/30/93,3435.1,3499.4,3338.4,3427.6,1304059400,,5/1/93,2.87,5.06,5.96,6.86,7.1,1.193,271,150.8
Jun-93,"$124,500 ","$145,700 ",,5/31/93,377.45,5/31/93,3427.6,3582.2,3402.4,3527.4,1149742104,,6/1/93,3.04,5.28,6.07,6.88,7,1.194,179,151.2
Jul-93,"$123,900 ","$143,400 ",,6/30/93,378.45,6/30/93,3527.4,3577.3,3445.8,3516.1,1246987218,,7/1/93,2.99,5.04,5.8,6.69,6.9,1.174,305,151.4
Aug-93,"$126,600 ","$150,600 ",,7/30/93,401.75,7/31/93,3516.1,3604.9,3443.3,3539.5,1193557897,,8/1/93,3.07,5.2,5.85,6.56,6.8,1.163,154,151.7
Sep-93,"$129,400 ","$150,100 ",,8/31/93,371.55,8/31/93,3539.5,3681.7,3523.5,3651.3,1237134587,,9/1/93,3.01,4.81,5.46,6.09,6.7,1.151,241,151.8
Oct-93,"$125,000 ","$146,900 ",,9/30/93,355.5,9/30/93,3651.3,3665.5,3501.5,3555.1,1247893983,,10/1/93,2.92,4.72,5.34,5.98,6.8,1.193,285,152.5
Nov-93,"$130,000 ","$152,500 ",,10/29/93,369.6,10/31/93,3555.1,3713.6,3541.7,3680.6,1340090977,,11/1/93,3.05,4.96,5.56,6.02,6.6,1.178,253,152.7
Dec-93,"$125,000 ","$146,400 ",,11/30/93,370.9,11/30/93,3680.6,3749.9,3585.9,3684,1327946615,,12/1/93,3.14,5.161,5.813,6.301,6.5,1.136,329,152.7
Jan-94,"$126,000 ","$153,400 ",,12/31/93,391.75,12/31/93,3684,3818.9,3673.3,3754.1,1306382707,,1/1/94,3.01,5.204,5.796,6.346,6.6,1.109,282,153.2
Feb-94,"$129,900 ","$150,700 ",,1/31/94,377.9,1/31/94,3754.1,4002.8,3715.2,3978.4,1495502260,,2/1/94,3.02,5.05,5.651,6.231,6.6,1.114,184,154
Mar-94,"$132,300 ","$152,800 ",,2/28/94,381.55,2/28/94,3978.4,3998.1,3811.8,3832,1320004511,,3/1/94,3.39,5.609,6.168,6.692,6.5,1.109,463,154.3
Apr-94,"$129,000 ","$152,900 ",,3/31/94,389.2,3/31/94,3832,3911.8,3544.1,3636,1635243609,,4/1/94,3.61,6.401,6.908,7.241,6.4,1.128,344,154.4
May-94,"$129,900 ","$151,800 ",,4/29/94,376.45,4/30/94,3633.1,3733.2,3520.8,3681.7,1293390225,,5/1/94,3.85,6.642,7.05,7.311,6.1,1.143,336,154.2
Jun-94,"$133,500 ","$158,400 ",,5/31/94,387.6,5/31/94,3681.7,3788.8,3609.7,3758.4,1280643608,,6/1/94,4.21,6.795,7.182,7.456,6.1,1.169,314,154.8
Jul-94,"$124,400 ","$144,400 ",,6/30/94,388.25,6/30/94,3758.4,3839.9,3603.9,3625,1319127068,,7/1/94,4.13,6.915,7.289,7.591,6.1,1.199,371,155.2
Aug-94,"$133,300 ","$154,900 ",,7/29/94,384,7/31/94,3625,3782.6,3611,3764.5,1121517295,,8/1/94,4.28,6.793,7.176,7.403,6,1.243,289,155.9
Sep-94,"$129,700 ","$157,200 ",,8/31/94,385.75,8/31/94,3764.5,3954.5,3722.4,3913.4,1443142105,,9/1/94,4.55,6.8,7.174,7.452,5.9,1.237,349,156.1
Oct-94,"$132,000 ","$153,000 ",,9/30/94,394.85,9/30/94,3913.4,3972.7,3804.5,3843.2,1388774437,,10/1/94,4.65,7.292,7.604,7.825,5.8,1.212,213,156.4
Nov-94,"$129,900 ","$155,400 ",,10/31/94,383.85,10/31/94,3843.2,3958.3,3736.2,3908.1,1428588721,,11/1/94,5.06,7.515,7.826,7.994,5.6,1.222,412,156.7
Dec-94,"$135,000 ","$159,600 ",,11/30/94,383.1,11/30/94,3908.1,3919.9,3612.1,3739.2,1411075940,,12/1/94,5.57,7.773,7.883,7.994,5.5,1.203,295,156.3
Jan-95,"$127,900 ","$147,400 ",,12/30/94,383.25,12/31/94,3739.2,3882.2,3639,3834.4,1432204511,,1/1/95,5.55,7.835,7.822,7.882,5.6,1.19,337,157.1
Feb-95,"$135,000 ","$160,200 ",,1/31/95,374.9,1/31/95,3834.4,3955.6,3794.4,3843.9,1544659397,,2/1/95,5.82,7.476,7.548,7.676,5.4,1.181,194,157.6
Mar-95,"$130,000 ","$153,300 ",,2/28/95,376.4,2/28/95,3843.9,4034.6,3809.2,4011.1,1428622557,,3/1/95,5.76,7.065,7.232,7.47,5.4,1.173,211,158
Apr-95,"$134,000 ","$157,800 ",,3/31/95,392,3/31/95,4011.1,4213.7,3935.3,4157.7,1756772932,,4/1/95,5.69,7.078,7.203,7.443,5.8,1.197,163,158.3
May-95,"$133,900 ","$158,000 ",,4/28/95,389.75,4/30/95,4157.7,4348.9,4129.7,4321.3,1420066915,,5/1/95,5.7,6.877,7.059,7.338,5.6,1.256,-20,158.5
Jun-95,"$133,700 ","$160,200 ",,5/31/95,384.3,5/31/95,4321.3,4480.7,4278.7,4465.1,1703727068,,6/1/95,5.62,6.074,6.294,6.662,5.6,1.281,237,158.9
Jul-95,"$131,000 ","$154,200 ",,6/30/95,387.05,6/30/95,4465.1,4614.2,4394.6,4556.1,1703864662,,7/1/95,5.42,5.963,6.199,6.628,5.7,1.252,93,159.2
Aug-95,"$134,900 ","$162,000 ",,7/31/95,383.35,7/31/95,4556.1,4768,4530.3,4708.5,1647354139,,8/1/95,5.42,6.162,6.433,6.855,5.7,1.222,256,159.7
Sep-95,"$130,000 ","$155,600 ",,8/31/95,382.35,8/31/95,4708.5,4772.6,4552.8,4610.6,1609691728,,9/1/95,5.28,6.073,6.29,6.652,5.6,1.206,239,160
Oct-95,"$135,200 ","$156,200 ",,9/29/95,384,9/30/95,4610.6,4839.5,4594.7,4789.1,1590651884,,10/1/95,5.27,6,6.161,6.484,5.5,1.185,157,160.3
Nov-95,"$137,000 ","$160,700 ",,10/31/95,382.65,10/31/95,4789.1,4845.1,4638.4,4755.5,1812879691,,11/1/95,5.34,5.816,6.016,6.335,5.6,1.161,144,160.5
Dec-95,"$138,600 ","$165,600 ",,11/30/95,387.8,11/30/95,4755.5,5143.1,4719.7,5074.5,1707631579,,12/1/95,5.32,5.509,5.733,6.125,5.6,1.16,146,160.5
Jan-96,"$131,900 ","$155,300 ",,12/29/95,387,12/31/95,5074.5,5266.7,5016.7,5117.1,1629985712,,1/1/96,4.94,5.384,5.583,5.953,5.6,1.186,-5,161.4
Feb-96,"$139,400 ","$163,700 ",,1/31/96,405.55,1/31/96,5117.1,5433.2,5000.1,5395.3,2072492469,,2/1/96,4.91,5.243,5.593,6.042,5.5,1.181,421,162.2
Mar-96,"$137,000 ","$162,100 ",,2/29/96,400.65,2/29/96,5395.3,5693.4,5319.4,5485.6,1976621064,,3/1/96,4.86,5.639,6.034,6.423,5.5,1.219,257,162.8
Apr-96,"$140,000 ","$170,000 ",,3/29/96,396.35,3/31/96,5485.6,5755.9,5395.3,5587.1,2026511272,,4/1/96,4.99,6.071,6.312,6.661,5.6,1.305,167,162.9
May-96,"$136,500 ","$163,300 ",,4/30/96,391.3,4/30/96,5587.1,5737.1,5382.7,5569.1,2002256379,,5/1/96,5,6.435,6.689,6.921,5.6,1.378,328,163
Jun-96,"$140,000 ","$166,500 ",,5/31/96,390.55,5/31/96,5569.1,5833,5327.7,5643.2,2012287210,,6/1/96,5.05,6.656,6.874,7.022,5.3,1.354,282,163.1
Jul-96,"$144,200 ","$168,400 ",,6/28/96,382,6/30/96,5643.2,5770.6,5559.7,5654.6,1788428570,,7/1/96,5.04,6.477,6.724,6.909,5.5,1.328,242,163.4
Aug-96,"$137,000 ","$159,700 ",,7/31/96,385.3,7/31/96,5654.6,5769.9,5170.1,5528.9,1853063892,,8/1/96,5.16,6.543,6.772,6.955,5.1,1.298,187,164
Sep-96,"$139,000 ","$167,400 ",,8/30/96,386.45,8/31/96,5528.9,5762,5507.8,5616.2,1664736089,,9/1/96,5.19,6.792,6.989,7.152,5.2,1.293,211,164.6
Oct-96,"$143,800 ","$168,400 ",,9/30/96,379,9/30/96,5616.2,5952.1,5550.4,5882.2,1820246604,,10/1/96,5.01,6.456,6.703,6.923,5.2,1.287,256,165.1
Nov-96,"$143,500 ","$172,000 ",,10/31/96,379.5,10/31/96,5882.2,6162.8,5833.7,6029.4,2190076685,,11/1/96,5.01,6.037,6.307,6.621,5.4,1.308,295,165.4
Dec-96,"$144,900 ","$171,800 ",,11/29/96,371.3,11/30/96,6029.4,6606.3,5975.3,6521.7,2009280448,,12/1/96,5,5.846,6.056,6.368,5.4,1.318,183,165.7
Jan-97,"$145,000 ","$171,900 ",,12/31/96,369.25,12/31/96,6521.7,6624,6206.8,6448.3,2050188733,,1/1/97,5.05,6.199,6.407,6.632,5.3,1.318,220,166.2
Feb-97,"$143,000 ","$171,100 ",,1/31/97,345.5,1/31/97,6448.3,6953.6,6319,6813.1,2624190200,,2/1/97,5.01,6.242,6.489,6.781,5.2,1.312,310,166.9
Mar-97,"$148,000 ","$172,700 ",,2/28/97,358.6,2/28/97,6813.1,7112.9,6683.4,6877.7,2192133834,,3/1/97,5.09,6.406,6.579,6.827,5.2,1.293,317,167.3
Apr-97,"$150,000 ","$179,500 ",,3/31/97,348.15,3/31/97,6877.7,7158.3,6532.5,6583.5,2262543603,,4/1/97,5.18,6.744,6.898,7.098,5.1,1.288,297,167.1
May-97,"$141,000 ","$170,700 ",,4/30/97,340.15,4/30/97,6583.5,7081.2,6315.8,7009,2359768426,,5/1/97,5.1,6.558,6.698,6.946,4.9,1.284,261,166.8
Jun-97,"$145,000 ","$179,400 ",,5/30/97,345.6,5/31/97,7009,7430.2,6891.4,7331,2279697780,,6/1/97,4.81,6.485,6.642,6.898,5,1.286,268,167
Jul-97,"$145,900 ","$175,500 ",,6/30/97,334.55,6/30/97,7331,7868.4,7214.3,7672.8,2449161691,,7/1/97,5.11,6.383,6.498,6.787,4.9,1.263,294,167.6
Aug-97,"$144,000 ","$170,700 ",,7/31/97,326.35,7/31/97,7672.8,8329,7613.5,8222.6,2697320291,,8/1/97,5.08,5.883,5.992,6.279,4.8,1.31,-20,167.8
Sep-97,"$146,300 ","$177,500 ",,8/29/97,325.35,8/31/97,8222.6,8340.1,7580.9,7622.4,2392353348,,9/1/97,5.09,6.25,6.356,6.623,4.9,1.334,495,168.4
Oct-97,"$141,500 ","$172,900 ",,9/30/97,332.1,9/30/97,7651,8078.4,7556.2,7945.3,2567593946,,10/1/97,4.96,5.963,6.081,6.379,4.7,1.3,346,168.7
Nov-97,"$145,000 ","$175,400 ",,10/31/97,311.4,10/31/97,7945.3,8218.3,6936.5,7442.1,3161787956,,11/1/97,5.08,5.757,5.877,6.189,4.6,1.271,306,168.5
Dec-97,"$145,900 ","$175,800 ",,11/28/97,296.8,11/30/97,7443.1,7934.5,7334.8,7823.1,2294801508,,12/1/97,5.07,5.823,5.851,6.03,4.7,1.236,313,168.4
Jan-98,"$148,000 ","$178,600 ",,12/31/97,290.2,12/31/97,7823.6,8209.6,7563.2,7908.3,2697491719,,1/1/98,5.2,5.705,5.731,5.92,4.6,1.186,264,168.8
Feb-98,"$156,000 ","$181,600 ",,1/30/98,304.85,1/31/98,7908.3,8072.9,7391.6,7906.5,2872292482,,2/1/98,5.06,5.399,5.528,5.816,4.6,1.137,201,169.1
Mar-98,"$152,700 ","$178,500 ",,2/27/98,297.4,2/28/98,7987.5,8616.7,7987.5,8545.7,2629297010,,3/1/98,5.18,5.602,5.628,5.942,4.7,1.097,150,169.3
Apr-98,"$148,000 ","$176,700 ",,3/31/98,301,3/31/98,8528.8,8997.1,8377.3,8799.8,3094644343,,4/1/98,4.99,5.609,5.641,5.929,4.3,1.106,279,169.5
May-98,"$153,200 ","$183,500 ",,4/30/98,310.7,4/30/98,8818.5,9287.3,8715.6,9063.4,3080314297,,5/1/98,4.86,5.619,5.642,5.922,4.4,1.146,402,169.4
Jun-98,"$148,000 ","$175,900 ",,5/29/98,293.6,5/31/98,9106.5,9312,8761,8900,2588828589,,6/1/98,4.88,5.514,5.526,5.772,4.5,1.148,232,169.6
Jul-98,"$149,900 ","$179,800 ",,6/30/98,296.3,6/30/98,8907.9,9155,8524.6,8952,3056835329,,7/1/98,4.96,5.469,5.45,5.632,4.5,1.134,126,169.9
Aug-98,"$154,900 ","$186,500 ",,7/31/98,288.85,7/31/98,9011.6,9412.6,8786.5,8883.3,3201834561,,8/1/98,4.95,5.484,5.474,5.705,4.5,1.108,338,170.5
Sep-98,"$155,000 ","$182,700 ",,8/31/98,273.4,8/31/98,8868.1,8948.2,7517.7,7539.1,3399597715,,9/1/98,4.8,4.869,5.02,5.307,4.6,1.091,213,170.6
Oct-98,"$154,500 ","$182,800 ",,9/30/98,293.85,9/30/98,7583.1,8253.8,7379.7,7842.6,3770093247,,10/1/98,4.23,4.126,4.326,4.908,4.5,1.099,204,171.3
Nov-98,"$151,000 ","$178,600 ",,10/30/98,292.3,10/31/98,7749.4,8718.3,7399.8,8592.1,4060522572,,11/1/98,4.23,4.257,4.626,5.179,4.4,1.086,275,171.2
Dec-98,"$152,500 ","$183,300 ",,11/30/98,294.7,11/30/98,8645.7,9458,8573.6,9116.6,3034123292,,12/1/98,4.4,4.434,4.678,5.058,4.4,1.046,364,171.2
Jan-99,"$153,100 ","$182,900 ",,12/31/98,287.8,12/31/98,9039.6,9390.8,8610.6,9181.4,3424387223,,1/1/99,4.35,4.517,4.638,5.066,4.3,1.031,106,171.4
Feb-99,"$160,000 ","$191,400 ",,1/29/99,285.4,1/31/99,9212.8,9759.4,8994.3,9358.8,3657180465,,2/1/99,4.38,4.572,4.673,5.102,4.4,1.014,418,171.6
Mar-99,"$157,300 ","$189,300 ",,2/26/99,287.05,2/28/99,9405.4,9662.8,9025.4,9306.6,3283276694,,3/1/99,4.55,5.205,5.285,5.589,4.2,1.048,108,171.9
Apr-99,"$159,900 ","$192,200 ",,3/31/99,279.45,3/31/99,9315.3,10158.6,9163.4,9786.2,4060714261,,4/1/99,4.37,5.071,5.208,5.612,4.3,1.232,371,172.8
May-99,"$154,400 ","$187,900 ",,4/30/99,286.6,4/30/99,9825.3,11072.3,9707.9,10789,4178165414,,5/1/99,4.43,5.226,5.363,5.68,4.2,1.233,212,172.8
Jun-99,"$159,300 ","$193,900 ",,5/31/99,268.6,5/31/99,10788.8,11244.4,10373,10559.7,3582013511,,6/1/99,4.53,5.623,5.649,5.849,4.3,1.204,277,173.1
Jul-99,"$158,200 ","$189,100 ",,6/30/99,261,6/30/99,10549.1,11120.2,10334.4,10970.8,3626880454,,7/1/99,4.64,5.687,5.823,6.001,4.3,1.244,321,173.4
Aug-99,"$154,800 ","$193,100 ",,7/30/99,255.6,7/31/99,10972.4,11321.6,10595,10655.2,3458555655,,8/1/99,4.62,5.785,5.898,6.099,4.2,1.309,156,174.1
Sep-99,"$163,200 ","$194,800 ",,8/31/99,254.8,8/31/99,10654.8,11428.9,10487.3,10829.3,3568093981,,9/1/99,4.83,5.861,5.966,6.07,4.2,1.334,205,174.8
Oct-99,"$161,100 ","$200,200 ",,9/30/99,299,9/30/99,10828.4,11218.4,10055.2,10337,3707977444,,10/1/99,4.73,5.804,5.923,6.086,4.1,1.329,409,175.5
Nov-99,"$172,000 ","$211,500 ",,10/29/99,299.1,10/31/99,10335.7,10883.1,9884.2,10729.9,4247819610,,11/1/99,4.97,5.966,6.036,6.161,4.1,1.319,289,175.5
Dec-99,"$164,800 ","$202,100 ",,11/30/99,291.35,11/30/99,10730.8,11112.8,10536.3,10877.8,4109329491,,12/1/99,5.15,6.148,6.224,6.321,4,1.353,307,175.5
Jan-00,"$163,500 ","$200,300 ",,12/31/99,290.25,12/31/99,10876.5,11568.8,10859.7,11497.1,4018609185,,1/1/00,5.23,6.411,6.498,6.537,4,1.356,234,176.2
Feb-00,"$162,400 ","$199,200 ",,1/31/00,283.3,1/31/00,11501.8,11750.3,10701.6,10940.5,4821629041,,2/1/00,5.56,6.653,6.63,6.473,4.1,1.422,116,177.6
Mar-00,"$165,100 ","$204,900 ",,2/29/00,293.65,2/29/00,10937.7,11118.9,9836.06,10128.3,4574187369,,3/1/00,5.61,6.585,6.388,6.124,4,1.594,473,178.5
Apr-00,"$162,600 ","$207,300 ",,3/31/00,276.75,3/31/00,10128.1,11234.7,9731.81,10921.9,5970887097,,4/1/00,5.71,6.3,6.002,5.827,3.8,1.561,291,178.5
May-00,"$164,700 ","$200,000 ",,4/28/00,275.05,4/30/00,10863.3,11425.5,10201.5,10733.9,5239047252,,5/1/00,5.67,6.561,6.227,5.969,4,1.552,218,178.4
Jun-00,"$160,100 ","$197,700 ",,5/31/00,272.25,5/31/00,10749.4,10971.2,10258.8,10522.3,4570319640,,6/1/00,5.43,6.509,6.272,6.012,4,1.666,-39,179
Jul-00,"$169,000 ","$202,200 ",,6/30/00,288.15,6/30/00,10532.3,10863,10335.5,10447.9,4364910329,,7/1/00,5.71,6.19,6.035,5.898,4,1.642,168,179.8
Aug-00,"$166,600 ","$200,200 ",,7/31/00,276.75,7/31/00,10450.4,10874.6,10393.1,10522,3710791776,,8/1/00,6.07,6.129,6.02,5.774,4.1,1.559,-7,179.9
Sep-00,"$171,500 ","$208,300 ",,8/31/00,277,8/31/00,10523.8,11319.1,10518.3,11215.1,3757717223,,9/1/00,6.11,5.966,5.716,5.67,3.9,1.635,124,180.7
Oct-00,"$176,300 ","$215,100 ",,9/29/00,273.65,9/30/00,11219.5,11401.2,10567.3,10650.9,4654259909,,10/1/00,6.03,5.833,5.791,5.869,3.9,1.613,1,181.2
Nov-00,"$174,700 ","$210,700 ",,10/31/00,264.5,10/31/00,10659.1,10995.4,9651.68,10971.1,6252273325,,11/1/00,6.17,5.782,5.74,5.773,3.9,1.608,205,181.5
Dec-00,"$162,000 ","$208,100 ",,11/30/00,269.1,11/30/00,10966.2,11006.5,10292.4,10414.5,4808681449,,12/1/00,6.05,5.45,5.493,5.627,3.9,1.544,152,181.3
1-Jan,"$171,300 ","$209,000 ",,12/29/00,274.45,12/31/00,10416.8,10917.7,10299.2,10786.8,5150405641,,1/1/01,5.71,4.94,5.075,5.433,4.2,1.525,-10,182.2
1-Feb,"$169,100 ","$211,000 ",,1/31/01,264.5,1/31/01,10790.9,11028,10468,10887.4,5626039747,,2/1/01,4.83,4.73,5.082,5.48,4.2,1.538,92,182.8
1-Mar,"$166,300 ","$210,200 ",,2/28/01,266.7,2/28/01,10884.8,11035.1,10294,10495.3,4081942667,,3/1/01,4.7,4.621,4.86,5.287,4.3,1.503,-43,183.7
1-Apr,"$175,200 ","$205,500 ",,3/30/01,257.7,3/31/01,10493.2,10859.5,9106.54,9878.78,5797302326,,4/1/01,4.17,4.506,4.886,5.441,4.4,1.617,-286,184.2
1-May,"$175,300 ","$211,400 ",,4/30/01,263.15,4/30/01,9877.16,10906.4,9375.72,10735,5167709050,,5/1/01,3.77,4.865,5.326,5.779,4.3,1.812,-49,184.6
1-Jun,"$179,400 ","$211,700 ",,5/31/01,267.5,5/31/01,10734,11350,10673.2,10911.9,4507964740,,6/1/01,3.53,4.89,5.366,5.754,4.5,1.731,-114,185.3
1-Jul,"$175,000 ","$209,300 ",,6/29/01,270.6,6/30/01,10913.6,11196.5,10394.7,10502.4,4608307800,,7/1/01,3.63,4.936,5.408,5.75,4.6,1.565,-125,185
1-Aug,"$173,700 ","$207,500 ",,7/31/01,265.9,7/31/01,10505,10679.1,10120.9,10522.8,4350501786,,8/1/01,3.45,4.528,5.054,5.524,4.9,1.509,-144,185.1
1-Sep,"$166,400 ","$203,300 ",,8/31/01,273,8/31/01,10527.4,10609.7,9869.14,9949.75,3865174075,,9/1/01,3.28,4.393,4.848,5.385,5,1.609,-252,185.1
1-Oct,"$171,300 ","$207,100 ",,9/28/01,293.1,9/30/01,9946.98,10182.4,8062.34,8847.56,5207049382,,10/1/01,2.31,3.769,4.567,5.415,5.3,1.442,-323,185
1-Nov,"$168,100 ","$206,900 ",,10/31/01,278.75,10/31/01,8845.97,9598.17,8732.14,9075.14,5468723056,,11/1/01,1.99,3.513,4.217,4.812,5.5,1.324,-310,185
1-Dec,"$180,200 ","$228,700 ",,11/30/01,275.5,11/30/01,9087.45,9992.79,9014.46,9851.56,4378427993,,12/1/01,1.73,4.041,4.735,5.267,5.7,1.2,-161,184.2
2-Jan,"$187,100 ","$226,900 ",,12/31/01,276.5,12/31/01,9848.93,10184.5,9703.9,10021.5,4058000507,,1/1/02,1.7,4.363,5.066,5.494,5.7,1.209,-129,184.9
2-Feb,"$191,100 ","$226,500 ",,1/31/02,282.3,1/31/02,10021.7,10300.2,9529.46,9920,4715215495,,2/1/02,1.73,4.392,5.041,5.439,5.7,1.21,-116,186.1
2-Mar,"$183,400 ","$227,100 ",,2/28/02,296.85,2/28/02,9923.04,10255.2,9580.32,10106.1,4394349355,,3/1/02,1.73,4.209,4.891,5.429,5.7,1.324,-20,187
2-Apr,"$187,100 ","$228,100 ",,3/29/02,301.4,3/31/02,10111,10673.1,10111,10403.9,4373945708,,4/1/02,1.75,4.787,5.39,5.805,5.9,1.493,-96,187.8
2-May,"$181,000 ","$226,500 ",,4/30/02,308.2,4/30/02,10402.1,10402.1,9811.57,9946.22,5096757124,,5/1/02,1.73,4.398,5.083,5.587,5.8,1.508,11,187.7
2-Jun,"$190,600 ","$225,200 ",,5/31/02,326.6,5/31/02,9944.9,10353.4,9802.23,9925.25,4790794094,,6/1/02,1.702,4.4,5.078,5.637,5.8,1.489,48,187.8
2-Jul,"$175,600 ","$217,800 ",,6/28/02,318.5,6/30/02,9923.94,9986.49,8926.57,9243.26,5824154587,,7/1/02,1.657,4.032,4.805,5.508,5.8,1.496,-91,188.3
2-Aug,"$178,900 ","$221,300 ",,7/31/02,304.65,7/31/02,9239.25,9410.38,7532.66,8736.59,7955760203,,8/1/02,1.667,3.428,4.445,5.311,5.7,1.508,-1,189.3
2-Sep,"$177,500 ","$215,300 ",,8/30/02,312.8,8/31/02,8732.58,9077.01,8030.82,8663.5,5734849071,,9/1/02,1.632,3.114,4.054,4.881,5.7,1.507,-79,189.5
2-Oct,"$189,200 ","$231,300 ",,9/30/02,323.7,9/30/02,8659.27,8726.9,7460.78,7591.93,5697561541,,10/1/02,1.532,2.661,3.684,4.706,5.7,1.535,119,189.9
2-Nov,"$181,200 ","$227,100 ",,10/31/02,316.9,10/31/02,7593.04,8558.63,7197.49,8397.03,7781870317,,11/1/02,1.412,2.758,3.909,5.003,5.9,1.534,-11,190.1
2-Dec,"$197,600 ","$237,800 ",,11/29/02,319.05,11/30/02,8395.64,8950.33,8298.68,8896.09,5538223518,,12/1/02,1.212,3.401,4.35,5.147,6,1.477,-144,189.6
3-Jan,"$181,700 ","$230,200 ",,12/31/02,347.2,12/31/02,8902.95,9043.37,8242.91,8341.63,4724496338,,1/1/03,1.187,2.794,3.875,4.826,5.8,1.557,108,190.5
3-Feb,"$187,000 ","$233,400 ",,1/31/03,367.5,1/31/03,8342.38,8869.29,7917.16,8053.81,5655588165,,2/1/03,1.15,2.985,4.003,4.87,5.9,1.686,-135,191.7
3-Mar,"$185,100 ","$231,100 ",,2/28/03,347.45,2/28/03,8053.74,8152.53,7628.99,7891.08,4427989377,,3/1/03,1.175,2.686,3.711,4.688,5.9,1.791,-215,193
3-Apr,"$189,500 ","$237,200 ",,3/31/03,334.85,3/31/03,7890.24,8522.18,7416.64,7992.13,5397348162,,4/1/03,1.097,2.717,3.804,4.816,6,1.704,-52,192.6
3-May,"$195,500 ","$243,700 ",,4/30/03,336.75,4/30/03,7992.83,8559.77,7979.69,8480.09,5198309174,,5/1/03,1.097,2.733,3.832,4.762,6.1,1.587,16,192.7
3-Jun,"$187,900 ","$239,700 ",,5/30/03,361.4,5/31/03,8478.48,8868.33,8340.23,8850.26,5143361373,,6/1/03,1.087,2.337,3.408,4.405,6.3,1.558,-1,192.8
3-Jul,"$190,200 ","$248,400 ",,6/30/03,346,6/30/03,8851.45,9352.77,8851.45,8985.44,5352016335,,7/1/03,0.882,2.401,3.507,4.55,6.2,1.567,-2,193.5
3-Aug,"$190,500 ","$241,000 ",,7/31/03,354.75,7/31/03,8983.66,9361.4,8871.2,9233.8,5244105085,,8/1/03,0.93,3.395,4.585,5.484,6.1,1.671,-40,194.3
3-Sep,"$192,000 ","$254,500 ",,8/29/03,375.6,8/31/03,9232.68,9499.97,8997.11,9415.82,4181936494,,9/1/03,0.958,3.564,4.561,5.281,6.1,1.771,112,195
3-Oct,"$194,100 ","$242,800 ",,9/30/03,388,9/30/03,9416.67,9686.08,9230.47,9275.06,4884004381,,10/1/03,0.91,2.836,3.949,4.888,6,1.646,194,195.4
3-Nov,"$207,100 ","$268,300 ",,10/31/03,386.25,10/31/03,9276.8,9850.01,9276.8,9801.12,5274191220,,11/1/03,0.931,3.273,4.326,5.155,5.8,1.578,17,195.1
3-Dec,"$196,000 ","$253,900 ",,11/28/03,398.35,11/30/03,9802.46,9903.57,9585.5,9782.46,4292421359,,12/1/03,0.912,3.383,4.343,5.131,5.7,1.538,115,194.9
4-Jan,"$209,500 ","$262,100 ",,12/31/03,416.25,12/31/03,9785.35,10462.4,9785.35,10453.9,4954522225,,1/1/04,0.907,3.242,4.272,5.093,5.7,1.635,182,195.9
4-Feb,"$219,600 ","$264,100 ",,1/30/04,399.75,1/31/04,10452.7,10705.2,10367.4,10488.1,4996205403,,2/1/04,0.901,3.176,4.166,4.99,5.6,1.715,57,196.8
4-Mar,"$209,600 ","$261,000 ",,2/27/04,395.85,2/29/04,10487.8,10753.6,10434.7,10583.9,4436584843,,3/1/04,0.932,2.957,3.986,4.848,5.8,1.809,312,198.6
4-Apr,"$222,300 ","$269,300 ",,3/31/04,423.7,3/31/04,10582.2,10695.5,10007.5,10357.7,6096557327,,4/1/04,0.922,2.781,3.837,4.779,5.6,1.875,270,199.4
4-May,"$211,700 ","$260,400 ",,4/30/04,388.5,4/30/04,10357.5,10570.8,10219.2,10225.6,5484370200,,5/1/04,0.954,3.652,4.532,5.306,5.6,2.05,284,199.9
4-Jun,"$215,700 ","$263,200 ",,5/31/04,393.25,5/31/04,10227.3,10386.3,9852.19,10188.5,4764277640,,6/1/04,1.054,3.814,4.679,5.371,5.6,2.083,97,201.1
4-Jul,"$212,400 ","$279,200 ",,6/30/04,395.8,6/30/04,10187.2,10487.5,10134.9,10435.5,4924254318,,7/1/04,1.27,3.795,4.602,5.306,5.5,1.982,57,201
4-Aug,"$218,100 ","$272,200 ",,7/30/04,391.4,7/31/04,10434,10448.1,9913.92,10139.7,5483505408,,8/1/04,1.4,3.641,4.432,5.174,5.4,1.941,91,201
4-Sep,"$211,600 ","$269,200 ",,8/31/04,407.25,8/31/04,10138.5,10211.2,9783.91,10173.9,4516381499,,9/1/04,1.562,3.276,4.094,4.91,5.4,1.934,157,201.2
4-Oct,"$229,200 ","$289,600 ",,9/30/04,415.65,9/30/04,10170.1,10363.4,9977.92,10080.3,5177046388,,10/1/04,1.668,3.411,4.162,4.922,5.5,2.072,354,202.5
4-Nov,"$224,500 ","$283,200 ",,10/29/04,425.55,10/31/04,10082,10270.4,9708.4,10027.5,5847212966,,11/1/04,1.87,3.309,4.05,4.813,5.4,2.053,55,202.6
4-Dec,"$229,600 ","$284,300 ",,11/30/04,453.4,11/30/04,10028.7,10602.8,10010.2,10428,6250225546,,12/1/04,2.172,3.674,4.338,5.004,5.4,1.926,123,201.9
5-Jan,"$223,100 ","$283,000 ",,12/31/04,435.6,12/31/04,10425.8,10868.1,10418.6,10783,6515191653,,1/1/05,2.199,3.652,4.257,4.856,5.3,1.866,147,202.6
5-Feb,"$237,300 ","$289,100 ",,1/31/05,422.15,1/31/05,10783.8,10867.4,10368.6,10489.9,6031059007,,2/1/05,2.457,3.7,4.129,4.573,5.4,1.96,259,203.6
5-Mar,"$229,300 ","$289,600 ",,2/28/05,435.45,2/28/05,10489.7,10853.4,10489.6,10766.2,5740829904,,3/1/05,2.697,3.99,4.363,4.709,5.2,2.107,122,206
5-Apr,"$236,300 ","$289,100 ",,3/31/05,427.5,3/31/05,10769,10984.5,10396.2,10503.8,6509018561,,4/1/05,2.727,4.169,4.488,4.754,5.2,2.325,364,206.9
5-May,"$228,300 ","$287,400 ",,4/29/05,435.7,4/30/05,10504.6,10568.9,10000.5,10192.5,6566426202,,5/1/05,2.837,3.893,4.192,4.5,5.1,2.257,170,206.2
5-Jun,"$226,100 ","$279,600 ",,5/31/05,414.45,5/31/05,10192,10560.8,10075.5,10467.5,5405359615,,6/1/05,2.907,3.707,3.97,4.308,5,2.218,251,206.2
5-Jul,"$229,200 ","$289,300 ",,6/30/05,437.1,6/30/05,10462.9,10656.3,10253.5,10275,5590890718,,7/1/05,3.06,3.735,3.944,4.208,5,2.357,357,207.9
5-Aug,"$240,100 ","$295,000 ",,7/29/05,429,7/31/05,10273.6,10717.7,10175.4,10640.9,5453171925,,8/1/05,3.335,4.139,4.3,4.491,4.9,2.548,203,208.7
5-Sep,"$240,400 ","$299,600 ",,8/31/05,433.25,8/31/05,10641.8,10719.4,10349.4,10481.6,5763779368,,9/1/05,3.428,3.894,4.043,4.283,5,2.969,66,210.8
5-Oct,"$243,900 ","$293,600 ",,9/30/05,473.25,9/30/05,10481.4,10701.8,10351,10568.7,6008000387,,10/1/05,3.475,4.184,4.32,4.558,5,2.83,90,211.5
5-Nov,"$237,900 ","$294,400 ",,10/31/05,470.75,10/31/05,10569.5,10608.6,10156.5,10440.1,6834894029,,11/1/05,3.865,4.432,4.545,4.742,5,2.387,339,210
5-Dec,"$238,600 ","$290,200 ",,11/30/05,495.65,11/30/05,10437.5,10959.8,10388.8,10805.9,6394007999,,12/1/05,3.852,4.404,4.476,4.683,4.9,2.23,156,209
6-Jan,"$244,900 ","$301,000 ",,12/30/05,513,12/31/05,10806,10940.3,10709.4,10717.5,5972404221,,1/1/06,4.025,4.385,4.424,4.587,4.7,2.359,278,211
6-Feb,"$250,800 ","$307,900 ",,1/31/06,568.75,1/31/06,10718.3,11047.8,10661.2,10864.9,6656130280,,2/1/06,4.352,4.461,4.529,4.695,4.8,2.354,307,211.6
6-Mar,"$238,800 ","$298,800 ",,2/28/06,556,2/28/06,10862.1,11159.2,10737.7,10993.4,5759103824,,3/1/06,4.497,4.604,4.561,4.53,4.7,2.444,310,212.8
6-Apr,"$257,000 ","$310,300 ",,3/31/06,582,3/31/06,10993.2,11335,10922.7,11109.3,6681439280,,4/1/06,4.515,4.842,4.884,4.928,4.7,2.801,158,214.7
6-May,"$238,200 ","$293,900 ",,4/28/06,644,4/30/06,11113,11417.7,11039.1,11367.1,5584036800,,5/1/06,4.65,4.92,5.059,5.155,4.6,2.993,40,215.7
6-Jun,"$243,200 ","$305,000 ",,5/31/06,653,5/31/06,11367.8,11670.2,11030.5,11168.3,7297653200,,6/1/06,4.722,5.05,5.137,5.238,4.6,2.963,81,216.7
6-Jul,"$238,100 ","$311,300 ",,6/30/06,613.5,6/30/06,11169,11285.8,10698.8,11150.2,6915326416,,7/1/06,4.885,5.112,5.155,5.201,4.7,3.046,196,217.5
6-Aug,"$243,900 ","$317,300 ",,7/31/06,632.5,7/31/06,11149.3,11257.1,10683.3,11185.7,5548663680,,8/1/06,4.935,4.92,5.002,5.082,4.7,3.033,175,218.1
6-Sep,"$226,700 ","$296,200 ",,8/31/06,623.5,8/31/06,11184.8,11407.1,11042.6,11381.2,4546816896,,9/1/06,4.905,4.683,4.724,4.869,4.5,2.637,147,216.3
6-Oct,"$250,400 ","$306,800 ",,9/29/06,599.25,9/30/06,11382.8,11742,11323.8,11679.1,4494894352,,10/1/06,4.775,4.601,4.653,4.784,4.4,2.319,10,215.2
6-Nov,"$240,100 ","$291,800 ",,10/31/06,603.75,10/31/06,11679,12167,11653,12080.7,5543222544,,11/1/06,4.94,4.572,4.61,4.72,4.5,2.287,212,214.8
6-Dec,"$244,700 ","$301,900 ",,11/30/06,646.7,11/30/06,12080.2,12361,11965.3,12221.9,4722838008,,12/1/06,4.89,4.461,4.479,4.578,4.4,2.38,186,215.2
7-Jan,"$254,400 ","$314,600 ",,12/29/06,632,12/31/06,12221,12529.9,12090,12463.2,4336607552,,1/1/07,4.92,4.648,4.658,4.766,4.6,2.321,225,215.813
7-Feb,"$250,800 ","$321,500 ",,1/31/07,650.5,1/31/07,12459.5,12657,12337.4,12621.7,4992601600,,2/1/07,4.975,4.807,4.814,4.913,4.5,2.333,80,216.651
7-Mar,"$262,600 ","$329,400 ",,2/28/07,664.2,2/28/07,12617.2,12795.9,12086,12268.6,4347410528,,3/1/07,4.98,4.463,4.523,4.648,4.4,2.639,237,218.334
7-Apr,"$242,500 ","$311,700 ",,3/30/07,661.75,3/31/07,12265.6,12511,11939.6,12354.3,5632851904,,4/1/07,4.89,4.528,4.638,4.836,4.5,2.909,50,219.501
7-May,"$245,000 ","$309,700 ",,4/30/07,677,4/30/07,12354.5,13162,12324.3,13062.9,4819809060,,5/1/07,4.765,4.503,4.618,4.805,4.4,3.176,152,220.591
7-Jun,"$235,500 ","$306,500 ",,5/31/07,659.1,5/31/07,13062.8,13673.1,13041.3,13627.6,4992619767,,6/1/07,4.62,4.859,4.898,5.019,4.6,3.1,76,221.579
7-Jul,"$246,200 ","$307,100 ",,6/29/07,650.5,6/30/07,13628.7,13692,13251.5,13408.6,5224570597,,7/1/07,4.715,4.921,5.031,5.133,4.7,3.013,-33,221.945
7-Aug,"$236,500 ","$301,300 ",,7/31/07,665.5,7/31/07,13409.6,14022,13199.8,13212,5512064484,,8/1/07,4.77,4.549,4.733,4.902,4.6,2.833,-23,221.559
7-Sep,"$240,300 ","$292,200 ",,8/31/07,672,8/31/07,13211.1,13695.8,12517.9,13357.7,6199185358,,9/1/07,4.125,4.206,4.514,4.816,4.7,2.839,82,221.436
7-Oct,"$234,300 ","$310,100 ",,9/28/07,743,9/30/07,13358.4,13924.8,13021.9,13895.6,4328676932,,10/1/07,3.81,4.229,4.579,4.831,4.7,2.843,76,221.951
7-Nov,"$249,100 ","$316,800 ",,10/31/07,789.5,10/31/07,13895.7,14198.1,13407.5,13930,5010929565,,11/1/07,3.8,4.149,4.455,4.727,4.7,3.118,109,223.356
7-Dec,"$227,700 ","$284,400 ",,11/30/07,783.5,11/30/07,13924.2,13924.2,12724.1,13371.7,5980232601,,12/1/07,3.09,3.385,3.944,4.376,5,3.069,110,223.425
8-Jan,"$232,400 ","$284,600 ",,12/31/07,833.75,12/31/07,13368.2,13780.1,13092,13264.8,4310312383,,1/1/08,3.265,3.441,4.033,4.451,5,3.096,13,224.325
8-Feb,"$245,300 ","$301,200 ",,1/31/08,923.25,1/31/08,13261.8,13279.5,11634.8,12650.4,7459824055,,2/1/08,1.96,2.831,3.652,4.352,4.9,3.083,-82,225.213
8-Mar,"$229,300 ","$287,600 ",,2/29/08,971.5,2/29/08,12638.2,12767.7,12069.5,12266.4,5720329027,,3/1/08,1.835,2.507,3.562,4.447,5.1,3.307,-48,226.926
8-Apr,"$246,400 ","$314,300 ",,3/31/08,933.5,3/31/08,12264.4,12622.1,11731.6,12262.9,6229017541,,4/1/08,1.38,2.542,3.486,4.348,5,3.491,-236,228.133
8-May,"$229,300 ","$298,200 ",,4/30/08,871,4/30/08,12266.6,13010,12266.5,12820.1,5050809902,,5/1/08,1.35,3.045,3.751,4.486,5.4,3.813,-184,230.089
8-Jun,"$234,300 ","$299,400 ",,5/30/08,885.75,5/31/08,12818.3,13136.7,12442.6,12638.3,4530791067,,6/1/08,1.84,3.796,4.025,4.705,5.6,4.115,-166,232.649
8-Jul,"$237,300 ","$301,900 ",,6/30/08,930.25,6/30/08,12637.7,12638.1,11287.5,11350,5309933092,,7/1/08,1.83,3.295,3.942,4.501,5.8,4.142,-198,234.545
8-Aug,"$221,000 ","$265,500 ",,7/31/08,918,7/31/08,11344.6,11698.2,10827.7,11378,5523442336,,8/1/08,1.63,3.216,3.942,4.572,6.1,3.838,-279,233.788
8-Sep,"$225,200 ","$287,100 ",,8/29/08,833,8/31/08,11379.9,11867.1,11221.5,11543.5,3578224301,,9/1/08,1.695,3.122,3.847,4.442,6.1,3.749,-460,232.841
8-Oct,"$213,200 ","$274,000 ",,9/30/08,884.5,9/30/08,11545.6,11790.2,10365.5,10850.7,6302320358,,10/1/08,0.75,2.888,3.748,4.237,6.5,3.225,-481,230.837
8-Nov,"$221,600 ","$290,100 ",,10/31/08,730.75,10/31/08,10847.4,10882.5,7882.51,9325.01,8361911096,,11/1/08,0.44,2.775,3.937,4.374,6.8,2.208,-727,227.236
8-Dec,"$229,600 ","$263,100 ",,11/28/08,814.5,11/30/08,9326.04,9651.01,7449.38,8829.04,6262885066,,12/1/08,0.02,1.87,2.883,3.385,7.3,1.742,-704,225.091
9-Jan,"$208,600 ","$245,200 ",,12/31/08,869.75,12/31/08,8826.89,9026.41,8141.04,8776.39,5701891354,,1/1/09,0.095,1.507,2.203,2.657,7.8,1.838,-783,225.436
9-Feb,"$209,700 ","$258,600 ",,1/30/09,919.5,1/31/09,8772.25,9088.06,7909.03,8000.86,6261961262,,2/1/09,0.21,1.844,2.833,3.59,8.3,1.979,-742,226.754
9-Mar,"$205,100 ","$259,800 ",,2/27/09,952,2/28/09,8000.62,8315.07,7033.62,7062.93,7134341690,,3/1/09,0.245,1.923,2.963,3.648,8.7,2,-803,227.309
9-Apr,"$219,200 ","$269,800 ",,3/31/09,916.5,3/31/09,7056.48,7930.69,6469.95,7608.92,10561063894,,4/1/09,0.205,1.65,2.659,3.526,9,2.107,-694,227.84
9-May,"$222,300 ","$274,600 ",,4/30/09,883.25,4/30/09,7606.13,8307.51,7483.87,8168.12,7795909336,,5/1/09,0.13,2.047,3.167,4.078,9.4,2.314,-344,228.136
9-Jun,"$214,700 ","$274,800 ",,5/29/09,975.5,5/31/09,8167.41,8591.93,8099.31,8500.33,6614792069,,6/1/09,0.14,2.372,3.505,4.374,9.5,2.681,-465,229.93
9-Jul,"$214,200 ","$271,100 ",,6/30/09,934.5,6/30/09,8501.53,8877.93,8259.43,8447,5524100354,,7/1/09,0.175,2.591,3.589,4.375,9.5,2.594,-341,230.154
9-Aug,"$207,100 ","$257,800 ",,7/31/09,939,7/31/09,8447.53,9246.43,8087.19,9171.61,4902335492,,8/1/09,0.175,2.593,3.565,4.368,9.6,2.677,-184,230.883
9-Sep,"$216,600 ","$290,300 ",,8/31/09,955.5,8/31/09,9173.65,9628.77,9116.52,9496.28,4042188535,,9/1/09,0.145,2.38,3.399,4.189,9.8,2.626,-242,231.2
9-Oct,"$215,100 ","$263,800 ",,9/30/09,995.75,9/30/09,9492.32,9917.99,9252.93,9712.28,4478504685,,10/1/09,0.095,2.293,3.29,4.031,10,2.613,-198,231.304
9-Nov,"$218,800 ","$274,700 ",,10/30/09,1040,10/31/09,9711.6,10119.5,9430.46,9712.73,5151146842,,11/1/09,0.055,2.323,3.403,4.251,9.9,2.709,12,231.708
9-Dec,"$222,600 ","$278,300 ",,11/30/09,1175.75,11/30/09,9712.13,10495.6,9678.95,10344.8,3813529922,,12/1/09,0.055,2.014,3.231,4.231,9.9,2.671,-269,231.462
10-Jan,"$218,200 ","$283,400 ",,12/31/09,1087.5,12/31/09,10343.8,10580.3,10235.6,10428,4174011218,,1/1/10,0.08,2.684,3.859,4.679,9.8,2.779,3,232.294
10-Feb,"$221,900 ","$284,100 ",,1/29/10,1078.5,1/31/10,10430.7,10729.8,10043.8,10067.3,4388026634,,2/1/10,0.06,2.378,3.633,4.518,9.8,2.709,-92,232.382
10-Mar,"$224,800 ","$262,900 ",,2/26/10,1108.25,2/28/10,10069,10438.5,9835.09,10325.3,4279668738,,3/1/10,0.125,2.303,3.617,4.559,9.9,2.829,180,233.188
10-Apr,"$208,300 ","$270,500 ",,3/31/10,1115.5,3/31/10,10326.1,10955.5,10326.1,10856.6,4355611517,,4/1/10,0.15,2.574,3.859,4.744,9.9,2.906,237,233.615
10-May,"$230,500 ","$281,100 ",,4/30/10,1179.25,4/30/10,10857.3,11258,10844.1,11008.6,4237511255,,5/1/10,0.155,2.455,3.695,4.549,9.6,2.915,534,234.13
10-Jun,"$219,500 ","$256,700 ",,5/31/10,1207.5,5/31/10,11009.6,11177.7,9774.48,10136.6,5605683456,,6/1/10,0.155,2.057,3.259,4.182,9.4,2.783,-136,233.834
10-Jul,"$212,100 ","$252,100 ",,6/30/10,1244,6/30/10,10133.9,10594.2,9753.84,9774.02,4941688684,,7/1/10,0.17,1.785,2.929,3.878,9.4,2.783,-88,233.885
10-Aug,"$226,600 ","$268,800 ",,7/30/10,1169,7/31/10,9773.27,10585,9614.32,10465.9,4199014665,,8/1/10,0.14,1.622,2.934,4.022,9.5,2.795,-5,234.15
10-Sep,"$228,000 ","$270,800 ",,8/31/10,1246,8/31/10,10468.8,10719.94,9936.62,10014.72,4081344058,,9/1/10,0.135,1.346,2.491,3.542,9.5,2.754,-64,234.027
10-Oct,"$204,200 ","$254,400 ",,9/30/10,1307,9/30/10,10016.01,10948.88,10016.01,10788.05,3764965610,,10/1/10,0.155,1.294,2.546,3.72,9.4,2.843,269,234.671
10-Nov,"$219,600 ","$281,700 ",,10/29/10,1346.75,10/31/10,10789.72,11247.6,10711.12,11118.49,3787264851,,11/1/10,0.11,1.171,2.588,3.964,9.8,2.899,123,235.094
10-Dec,"$241,200 ","$291,700 ",,11/30/10,1383.5,11/30/10,11120.3,11451.53,10929.28,11006.02,3808125402,,12/1/10,0.16,1.582,2.903,4.173,9.3,3.031,74,235.141
11-Jan,"$240,100 ","$275,700 ",,12/31/10,1405.5,12/31/10,11007.23,11625,11007.23,11577.51,3253319684,,1/1/11,0.135,2.082,3.377,4.399,9.1,3.139,20,235.969
11-Feb,"$220,100 ","$262,800 ",,1/31/11,1327,1/31/11,11577.43,12020.52,11573.87,11891.93,3681744272,,2/1/11,0.15,2.007,3.428,4.611,9,3.215,213,237.11
11-Mar,"$220,500 ","$260,800 ",,2/28/11,1411,2/28/11,11892.5,12391.29,11892.5,12226.34,3220478620,,3/1/11,0.14,2.183,3.464,4.52,9,3.594,232,239.074
11-Apr,"$224,700 ","$268,900 ",,3/31/11,1439,3/31/11,12226.49,12383.46,11555.48,12319.73,3851824889,,4/1/11,0.045,2.268,3.498,4.506,9.1,3.863,321,240.267
11-May,"$222,000 ","$262,700 ",,4/29/11,1535.5,4/30/11,12321.02,12832.83,12093.89,12810.54,3321114294,,5/1/11,0.04,1.998,3.312,4.418,9,3.982,95,241.566
11-Jun,"$240,200 ","$273,100 ",,5/31/11,1536.5,5/31/11,12810.16,12876,12309.52,12569.79,3578011273,,6/1/11,0.055,1.652,3.015,4.193,9.1,3.753,235,241.69
11-Jul,"$229,900 ","$270,300 ",,6/30/11,1505.5,6/30/11,12569.41,12569.49,11862.53,12414.34,3876448867,,7/1/11,0.025,1.753,3.147,4.362,9,3.703,61,242.282
11-Aug,"$219,600 ","$259,300 ",,7/29/11,1628.5,7/31/11,12412.07,12753.89,12083.45,12143.24,3070041318,,8/1/11,0.075,1.347,2.792,4.141,9,3.68,122,243.033
11-Sep,"$217,000 ","$255,400 ",,8/31/11,1813.5,8/31/11,12144.22,12282.42,10604.07,11613.53,6188864691,,9/1/11,0.01,0.937,2.202,3.576,9,3.664,236,243.323
11-Oct,"$224,800 ","$258,300 ",,9/30/11,1620,9/30/11,11613.3,11716.84,10597.14,10913.38,4396505126,,10/1/11,0.015,0.952,1.883,2.851,8.8,3.521,204,243.014
11-Nov,"$214,300 ","$250,000 ",,10/31/11,1722,10/31/11,10912.1,12284.31,10404.49,11955.01,3907750464,,11/1/11,0.005,0.925,2.029,3.039,8.6,3.475,132,242.652
11-Dec,"$218,600 ","$262,900 ",,11/30/11,1746,11/30/11,11951.53,12187.51,11231.56,12045.68,3392029438,,12/1/11,0.015,0.978,2.128,3.139,8.5,3.329,204,241.987
12-Jan,"$221,700 ","$265,700 ",,12/30/11,1531,12/31/11,12046.21,12328.47,11735.19,12217.56,3147686104,,1/1/12,0.015,0.883,1.951,2.977,8.3,3.447,355,242.879
12-Feb,"$239,900 ","$274,000 ",,1/31/12,1744,1/31/12,12221.19,12841.95,12221.19,12632.91,2985259034,,2/1/12,0.055,0.72,1.807,2.948,8.3,3.622,262,243.85
12-Mar,"$239,800 ","$283,600 ",,2/29/12,1770,2/29/12,12632.76,13055.75,12632.76,12952.07,2715759256,,3/1/12,0.07,0.904,2.033,3.151,8.2,3.918,238,245.125
12-Apr,"$236,400 ","$287,900 ",,3/30/12,1662.5,3/31/12,12952.29,13289.08,12734.86,13212.04,3206254624,,4/1/12,0.065,1.031,2.2,3.33,8.2,3.976,83,245.85
12-May,"$239,200 ","$280,900 ",,4/30/12,1651.25,4/30/12,13211.36,13297.11,12710.56,13213.63,2589863440,,5/1/12,0.095,0.813,1.919,3.116,8.2,3.839,99,245.709
12-Jun,"$232,600 ","$271,800 ",,5/31/12,1558,5/31/12,13214.16,13338.66,12311.56,12393.45,3053335704,,6/1/12,0.055,0.631,1.521,2.599,8.2,3.602,72,245.201
12-Jul,"$237,400 ","$282,300 ",,6/29/12,1598.5,6/30/12,12391.56,12898.94,12035.09,12880.09,2921381080,,7/1/12,0.085,0.712,1.643,2.742,8.2,3.502,153,244.984
12-Aug,"$253,200 ","$305,500 ",,7/31/12,1622,7/31/12,12879.71,13128.64,12492.25,13008.68,2445827432,,8/1/12,0.09,0.592,1.492,2.575,8.1,3.759,170,246.252
12-Sep,"$254,600 ","$297,700 ",,8/31/12,1648.5,8/31/12,13007.47,13330.76,12778.9,13090.84,1753508288,,9/1/12,0.095,0.598,1.565,2.68,7.8,3.908,189,247.409
12-Oct,"$247,200 ","$285,400 ",,9/28/12,1776,9/30/12,13092.15,13653.24,12977.09,13437.13,2576023225,,10/1/12,0.09,0.625,1.62,2.81,7.8,3.839,158,247.564
12-Nov,"$245,000 ","$290,700 ",,10/31/12,1719,10/31/12,13437.66,13661.87,13039.86,13096.46,2474356528,,11/1/12,0.1,0.739,1.715,2.88,7.7,3.542,158,247.097
12-Dec,"$258,300 ","$299,200 ",,11/30/12,1726,11/30/12,13099.19,13290.75,12471.49,13025.58,2685636776,,12/1/12,0.08,0.639,1.644,2.833,7.9,3.386,237,246.456
13-Jan,"$251,500 ","$306,900 ",,12/31/12,1657.5,12/31/12,13027.73,13365.86,12883.89,13104.14,2666976408,,1/1/13,0.052,0.78,1.842,3.043,8,3.407,195,247.277
13-Feb,"$265,100 ","$312,500 ",,1/31/13,1664.75,1/31/13,13104.3,13969.99,13104.3,13860.58,2787270128,,2/1/13,0.065,0.896,2.01,3.195,7.7,3.748,279,248.665
13-Mar,"$257,500 ","$300,200 ",,2/28/13,1588.5,2/28/13,13860.58,14149.15,13784.01,14054.49,2490243880,,3/1/13,0.1,0.748,1.85,3.051,7.5,3.792,136,248.719
13-Apr,"$279,300 ","$337,000 ",,3/29/13,1598.25,3/31/13,14054.49,14585.1,13937.6,14578.54,2546588736,,4/1/13,0.07,0.79,1.885,3.136,7.6,3.647,192,248.464
13-May,"$263,700 ","$314,000 ",,4/30/13,1469,4/30/13,14578.54,14887.51,14434.43,14839.8,2921359544,,5/1/13,0.048,0.665,1.658,2.865,7.5,3.682,224,248.584
13-Jun,"$259,800 ","$306,100 ",,5/31/13,1394.5,5/31/13,14839.8,15542.4,14687.05,15115.57,2773132432,,6/1/13,0.03,1.063,2.168,3.309,7.5,3.693,181,248.851
13-Jul,"$262,200 ","$329,900 ",,6/28/13,1192,6/30/13,15123.55,15340.09,14551.27,14909.6,2929583760,,7/1/13,0.035,1.425,2.521,3.523,7.3,3.687,105,249.411
13-Aug,"$255,300 ","$310,800 ",,7/31/13,1314.5,7/31/13,14911.6,15634.32,14858.93,15499.54,2574668888,,8/1/13,0.03,1.386,2.601,3.669,7.2,3.658,242,249.858
13-Sep,"$269,800 ","$321,400 ",,8/30/13,1394.75,8/31/13,15503.85,15658.43,14760.41,14810.31,2332090866,,9/1/13,0.02,1.68,2.837,3.754,7.2,3.616,189,250.231
13-Oct,"$264,300 ","$335,700 ",,9/30/13,1326.5,9/30/13,14801.55,15709.58,14777.48,15129.67,2371713232,,10/1/13,0.01,1.409,2.646,3.719,7.2,3.434,225,249.32
13-Nov,"$277,100 ","$335,600 ",,10/31/13,1324,10/31/13,15132.49,15721,14719.43,15545.75,2207766048,,11/1/13,0.033,1.359,2.589,3.665,6.9,3.31,267,249.503
13-Dec,"$275,500 ","$321,200 ",,11/29/13,1253,11/30/13,15558.01,16174.51,15522.18,16086.41,1821575428,,12/1/13,0.055,1.405,2.781,3.843,6.7,3.333,67,249.567
14-Jan,"$269,800 ","$337,300 ",,12/31/13,1204.5,12/31/13,16087.12,16588.25,15703.79,16576.66,2057590344,,1/1/14,0.06,1.75,3.028,3.963,6.6,3.378,177,251.045
14-Feb,"$268,400 ","$325,900 ",,1/31/14,1251,1/31/14,16572.17,16573.07,15617.55,15698.85,2178618104,,2/1/14,0.013,1.515,2.677,3.626,6.7,3.422,168,251.233
14-Mar,"$282,300 ","$331,500 ",,2/28/14,1326.5,2/28/14,15697.69,16398.95,15340.69,16321.71,2069116384,,3/1/14,0.04,1.471,2.612,3.557,6.7,3.59,250,252.413
14-Apr,"$274,500 ","$325,100 ",,3/31/14,1291.75,3/31/14,16321.71,16505.7,16046.99,16457.66,2096300160,,4/1/14,0.04,1.73,2.743,3.585,6.2,3.717,327,252.506
14-May,"$285,600 ","$323,500 ",,4/30/14,1288.5,4/30/14,16457.66,16631.47,16015.32,16580.84,1988108520,,5/1/14,0.02,1.69,2.66,3.474,6.3,3.745,221,253.598
14-Jun,"$287,000 ","$338,100 ",,5/30/14,1250.5,5/31/14,16580.84,16735.35,16341.43,16705.45,1645210496,,6/1/14,0.03,1.562,2.5,3.348,6.1,3.75,324,253.555
14-Jul,"$280,400 ","$345,200 ",,6/30/14,1315,6/30/14,16705.45,16977.85,16674.23,16826.6,1754229284,,7/1/14,0.033,1.648,2.55,3.378,6.2,3.69,227,253.833
14-Aug,"$291,700 ","$356,200 ",,7/31/14,1285.25,7/31/14,16826.6,17151.36,16563.3,16563.3,1691439988,,8/1/14,0.02,1.771,2.582,3.352,6.1,3.54,188,253.185
14-Sep,"$261,500 ","$319,100 ",,8/29/14,1285.75,8/31/14,16563.3,17153.8,16334.67,17098.45,1483691768,,9/1/14,0.025,1.661,2.393,3.139,5.9,3.463,311,253.154
14-Oct,"$297,000 ","$377,500 ",,9/30/14,1216.5,9/30/14,17098.45,17350.64,16934.43,17042.9,1870609232,,10/1/14,0.015,1.747,2.475,3.184,5.7,3.241,258,252.73
14-Nov,"$298,300 ","$348,900 ",,10/31/14,1164.25,10/31/14,17040.46,17395.54,15855.12,17390.52,2313423493,,11/1/14,0.003,1.608,2.325,3.053,5.8,2.945,286,251.781
14-Dec,"$301,500 ","$373,200 ",,11/28/14,1182.75,11/30/14,17390.9,17894.83,17278.36,17828.24,1516495183,,12/1/14,0.005,1.469,2.157,2.886,5.6,2.618,269,250.519
15-Jan,"$292,000 ","$348,300 ",,12/31/14,1206,12/31/14,17827.27,18103.45,17067.59,17823.07,2217010716,,1/1/15,0.03,1.686,2.197,2.769,5.7,2.17,213,250.016
15-Feb,"$286,600 ","$346,300 ",,1/30/15,1260.25,1/31/15,17823.07,17951.78,17136.3,17164.95,2173990171,,2/1/15,0.005,1.189,1.674,2.254,5.5,2.308,248,250.619
15-Mar,"$286,600 ","$349,300 ",,2/27/15,1214,2/28/15,17169.99,18244.38,17037.76,18132.7,1751783672,,3/1/15,0.01,1.509,2.014,2.616,5.4,2.544,77,251.451
15-Apr,"$294,500 ","$340,400 ",,3/31/15,1187,3/31/15,18134.05,18288.63,17579.27,17776.12,2471552736,,4/1/15,0.028,1.341,1.892,2.501,5.4,2.545,300,251.76
15-May,"$287,500 ","$336,200 ",,4/30/15,1180.25,4/30/15,17778.52,18175.56,17585.01,17840.52,2178914048,,5/1/15,0.003,1.456,2.067,2.778,5.6,2.832,319,252.77
15-Jun,"$285,100 ","$326,900 ",,5/29/15,1191.4,5/31/15,17859.27,18351.36,17733.12,18010.68,1833479464,,6/1/15,0.008,1.492,2.125,2.885,5.3,2.889,170,253.626
15-Jul,"$292,300 ","$341,200 ",,6/30/15,1171,6/30/15,18017.82,18188.81,17576.5,17619.51,2219634160,,7/1/15,0.008,1.699,2.418,3.192,5.2,2.893,293,253.405
15-Aug,"$293,000 ","$343,300 ",,7/31/15,1098.4,7/31/15,17638.12,18137.12,17399.17,17689.86,2040549816,,8/1/15,0.058,1.552,2.194,2.907,5.1,2.745,122,252.903
15-Sep,"$299,500 ","$357,200 ",,8/31/15,1135,8/31/15,17696.74,17704.76,15370.33,16528.03,2727232024,,9/1/15,0.063,1.504,2.165,2.909,5,2.463,133,252.922
15-Oct,"$298,000 ","$368,900 ",,9/30/15,1114,9/30/15,16528.03,16933.43,15942.37,16284.7,2724581832,,10/1/15,0.003,1.365,2.039,2.853,5,2.357,339,252.504
15-Nov,"$312,600 ","$373,200 ",,10/30/15,1142.35,10/31/15,16278.62,17799.96,16013.66,17663.54,2609808352,,11/1/15,0.073,1.553,2.175,2.947,5.1,2.249,235,252.573
15-Dec,"$297,100 ","$352,500 ",,11/30/15,1061.9,11/30/15,17672.62,17977.85,17210.43,17719.92,2299409048,,12/1/15,0.21,1.666,2.229,2.999,5,2.125,280,251.67
16-Jan,"$288,400 ","$361,200 ",,12/31/15,1060,12/31/15,17719.72,17901.58,17116.73,17425.03,2521670424,,1/1/16,0.165,1.72,2.23,2.978,4.9,2.034,90,251.739
16-Feb,"$305,800 ","$341,700 ",,1/29/16,1111.8,1/31/16,17405.48,17405.48,15450.56,16466.3,2846597112,,2/1/16,0.3,1.343,1.93,2.748,4.9,1.833,232,252.25
16-Mar,"$303,200 ","$359,000 ",,2/29/16,1234.9,2/29/16,16453.63,16795.98,15503.01,16516.5,2492351704,,3/1/16,0.318,1.224,1.749,2.63,5,2.021,234,252.854
16-Apr,"$318,300 ","$369,300 ",,3/31/16,1237,3/31/16,16545.67,17790.11,16545.67,17685.09,2407923072,,4/1/16,0.193,1.213,1.778,2.617,5,2.196,211,254.27
16-May,"$295,200 ","$349,700 ",,4/29/16,1285.65,4/30/16,17661.74,18167.63,17484.23,17773.64,2097246576,,5/1/16,0.193,1.275,1.816,2.663,4.8,2.324,15,255.023
16-Jun,"$311,200 ","$357,800 ",,5/31/16,1212.1,5/31/16,17783.78,17934.61,17331.07,17787.2,1879426512,,6/1/16,0.33,1.357,1.83,2.631,4.9,2.422,282,255.471
16-Jul,"$297,400 ","$353,000 ",,6/30/16,1320.75,6/30/16,17754.55,18016,17063.08,17929.99,2350391976,,7/1/16,0.243,0.972,1.429,2.22,4.8,2.287,336,255.386
16-Aug,"$298,900 ","$355,100 ",,7/29/16,1342,7/31/16,17924.24,18622.01,17713.45,18432.24,1819018224,,8/1/16,0.258,1.056,1.494,2.229,4.9,2.218,135,255.545
16-Sep,"$314,800 ","$366,100 ",,8/31/16,1309.25,8/31/16,18434.5,18668.44,18247.79,18400.88,1695875316,,9/1/16,0.32,1.204,1.594,2.251,5,2.269,270,256.085
16-Oct,"$302,800 ","$352,200 ",,9/30/16,1322.5,9/30/16,18396.57,18551.54,17992.21,18308.15,2101349840,,10/1/16,0.273,1.159,1.6,2.315,4.9,2.304,128,256.605
16-Nov,"$315,000 ","$363,400 ",,10/31/16,1272,10/31/16,18279.6,18399.96,17959.95,18142.42,1795938104,,11/1/16,0.343,1.323,1.847,2.598,4.7,2.246,170,256.541
16-Dec,"$327,000 ","$382,500 ",,11/30/16,1178.1,11/30/16,18158.24,19225.29,17883.56,19123.58,2108095180,,12/1/16,0.47,1.872,2.414,3.076,4.7,2.289,215,256.427
17-Jan,"$315,200 ","$357,700 ",,12/30/16,1145.9,12/31/16,19149.2,19987.63,19138.79,19762.6,1954710848,,1/1/17,0.488,1.99,2.511,3.123,4.7,2.409,252,258.073
17-Feb,"$298,000 ","$370,500 ",,1/31/17,1212.8,1/31/17,19872.86,20125.58,19677.94,19864.09,1775460496,,2/1/17,0.505,1.949,2.487,3.081,4.7,2.36,141,258.768
17-Mar,"$321,700 ","$384,400 ",,2/28/17,1255.6,2/28/17,19923.81,20851.33,19831.09,20812.24,1685577328,,3/1/17,0.625,1.982,2.435,3.027,4.4,2.386,127,258.51
17-Apr,"$311,100 ","$365,800 ",,3/31/17,1244.85,3/31/17,20957.29,21169.11,20412.8,20663.22,2094144796,,4/1/17,0.74,1.906,2.38,3.015,4.4,2.479,213,259.165
17-May,"$323,600 ","$378,400 ",,4/28/17,1266.45,4/30/17,20665.17,21070.9,20379.55,20940.51,1472121732,,5/1/17,0.78,1.826,2.291,2.962,4.4,2.448,128,259.386
17-Jun,"$315,200 ","$370,600 ",,5/31/17,1266.2,5/31/17,20962.73,21112.32,20553.45,21008.65,1830950620,,6/1/17,0.953,1.778,2.229,2.879,4.3,2.4,229,259.335
17-Jul,"$322,900 ","$372,400 ",,6/30/17,1242.25,6/30/17,21030.55,21535.03,20994.22,21349.63,2196607820,,7/1/17,1,1.894,2.309,2.839,4.3,2.344,204,258.833
17-Aug,"$314,200 ","$369,200 ",,7/31/17,1267.55,7/31/17,21392.3,21929.8,21279.3,21891.12,1587604272,,8/1/17,1.058,1.847,2.305,2.909,4.4,2.436,187,259.508
17-Sep,"$331,500 ","$379,300 ",,8/31/17,1311.75,8/31/17,21961.42,22179.11,21600.34,21948.1,1780648596,,9/1/17,0.98,1.709,2.127,2.735,4.2,2.688,18,260.875
17-Oct,"$319,500 ","$394,000 ",,9/29/17,1283.1,9/30/17,21981.77,22419.51,21709.63,22405.09,1899156824,,10/1/17,1.033,1.939,2.341,2.866,4.1,2.545,260,260.58
17-Nov,"$343,400 ","$388,500 ",,10/31/17,1270.15,10/31/17,22423.47,23485.25,22416,23377.24,1868258276,,11/1/17,1.123,2.033,2.398,2.897,4.2,2.608,220,260.63
17-Dec,"$343,300 ","$402,900 ",,11/30/17,1280.2,11/30/17,23442.9,24327.82,23242.75,24272.35,1919923828,,12/1/17,1.238,2.124,2.383,2.791,4.1,2.521,174,260.791
18-Jan,"$329,600 ","$377,800 ",,12/29/17,1291,12/31/17,24305.4,24876.07,23921.9,24719.22,2052647896,,1/1/18,1.388,2.228,2.433,2.774,4.1,2.596,171,262.188
18-Feb,"$327,200 ","$373,600 ",,1/31/18,1345.05,1/31/18,24809.35,26616.71,24741.7,26149.39,2416254904,,2/1/18,1.425,2.544,2.743,2.964,4.1,2.632,330,263.26
18-Mar,"$335,400 ","$369,200 ",,2/28/18,1317.85,2/28/18,26083.04,26306.7,23360.29,25029.2,2614875200,,3/1/18,1.61,2.612,2.831,3.103,4,2.631,182,263.556
18-Apr,"$314,400 ","$385,100 ",,3/30/18,1323.85,3/31/18,25024.04,25449.15,23509.06,24103.11,2671145288,,4/1/18,1.683,2.587,2.763,2.991,3.9,2.795,196,264.669
18-May,"$316,700 ","$372,600 ",,4/30/18,1313.2,4/30/18,24076.6,24858.97,23344.52,24163.15,2269646184,,5/1/18,1.823,2.812,2.966,3.13,3.8,2.963,270,265.84
18-Jun,"$310,500 ","$370,100 ",,5/31/18,1305.35,5/31/18,24117.29,25086.49,23531.31,24415.84,2071413808,,6/1/18,1.868,2.738,2.9,3.056,4,2.97,262,265.95
18-Jul,"$327,500 ","$392,300 ",,6/29/18,1250.45,6/30/18,24542.09,25402.83,23997.21,24271.41,2430588384,,7/1/18,1.875,2.709,2.829,2.966,3.9,2.93,178,265.83
18-Aug,"$321,400 ","$380,900 ",,7/31/18,1220.95,7/31/18,24161.53,25587.24,24077.56,25415.19,1832485560,,8/1/18,1.98,2.872,2.992,3.114,3.8,2.919,282,266.425
18-Sep,"$328,300 ","$386,400 ",,8/31/18,1202.45,8/31/18,25461.63,26167.94,24965.77,25964.82,1561862712,,9/1/18,2.058,2.743,2.869,3.037,3.7,2.93,108,266.709
18-Oct,"$328,300 ","$394,900 ",,9/28/18,1187.25,9/30/18,25916.07,26769.16,25754.32,26458.31,1779576676,,10/1/18,2.158,2.972,3.086,3.233,3.8,2.945,277,266.464
18-Nov,"$308,500 ","$367,100 ",,10/31/18,1214.95,10/31/18,26598.36,26951.81,24122.23,25115.76,2411410703,,11/1/18,2.278,2.99,3.164,3.417,3.7,2.733,196,265.487
18-Dec,"$329,700 ","$381,800 ",,11/30/18,1217.55,11/30/18,25142.08,26277.82,24268.74,25538.46,2169998321,,12/1/18,2.31,2.875,3.041,3.331,3.9,2.479,227,265.286
19-Jan,"$305,400 ","$361,100 ",,12/31/18,1279,12/31/18,25779.57,25980.21,21712.53,23327.46,2667842452,,1/1/19,2.395,2.489,2.652,2.987,4,2.352,312,266.109
19-Feb,"$320,800 ","$383,600 ",,1/31/19,1323.25,1/31/19,23058.61,25109.62,22638.41,24999.67,2160426552,,2/1/19,2.34,2.441,2.631,2.994,3.8,2.412,56,266.706
19-Mar,"$310,600 ","$372,700 ",,2/28/19,1319.15,2/28/19,25025.31,26241.42,24883.04,25916,1598736628,,3/1/19,2.385,2.538,2.737,3.104,3.8,2.62,153,268.025
19-Apr,"$339,000 ","$385,400 ",,3/29/19,1295.4,3/31/19,26019.67,26155.98,25208,25928.68,2000455048,,4/1/19,2.343,2.27,2.442,2.847,3.6,2.894,216,269.07
19-May,"$311,000 ","$378,800 ",,4/30/19,1282.3,4/30/19,26075.1,26695.96,26062.59,26592.91,1586184203,,5/1/19,2.37,2.285,2.504,2.926,3.6,2.963,62,269.744
19-Jun,"$306,000 ","$354,500 ",,5/31/19,1295.55,5/31/19,26639.06,26689.39,24809.51,24815.04,1808655690,,6/1/19,2.28,1.888,2.112,2.565,3.7,2.814,178,270.133
19-Jul,"$312,800 ","$388,000 ",,6/28/19,1409,6/30/19,24830.16,26907.37,24680.57,26599.96,1805281186,,7/1/19,2.055,1.783,2.026,2.544,3.7,2.836,159,270.381
19-Aug,,,,7/31/19,1427.55,7/31/19,26805.86,27398.68,26616.21,26864.27,1444553644,,8/1/19,2.023,1.847,2.028,2.529,3.7,2.716,130,270.548
19-Sep,,,,8/30/19,1528.4,8/31/19,26879.86,27175.59,25339.6,26403.28,1841965440,,9/1/19,1.93,1.377,1.483,1.945,,,,